-- MariaDB dump 10.19  Distrib 10.6.4-MariaDB, for osx10.16 (x86_64)
--
-- Host: localhost    Database: nest
-- ------------------------------------------------------
-- Server version	10.6.4-MariaDB

/*!40101 SET @OLD_CHARACTER_SET_CLIENT=@@CHARACTER_SET_CLIENT */;
/*!40101 SET @OLD_CHARACTER_SET_RESULTS=@@CHARACTER_SET_RESULTS */;
/*!40101 SET @OLD_COLLATION_CONNECTION=@@COLLATION_CONNECTION */;
/*!40101 SET NAMES utf8mb4 */;
/*!40103 SET @OLD_TIME_ZONE=@@TIME_ZONE */;
/*!40103 SET TIME_ZONE='+00:00' */;
/*!40014 SET @OLD_UNIQUE_CHECKS=@@UNIQUE_CHECKS, UNIQUE_CHECKS=0 */;
/*!40014 SET @OLD_FOREIGN_KEY_CHECKS=@@FOREIGN_KEY_CHECKS, FOREIGN_KEY_CHECKS=0 */;
/*!40101 SET @OLD_SQL_MODE=@@SQL_MODE, SQL_MODE='NO_AUTO_VALUE_ON_ZERO' */;
/*!40111 SET @OLD_SQL_NOTES=@@SQL_NOTES, SQL_NOTES=0 */;

--
-- Table structure for table `activations`
--

DROP TABLE IF EXISTS `activations`;
/*!40101 SET @saved_cs_client     = @@character_set_client */;
/*!40101 SET character_set_client = utf8 */;
CREATE TABLE `activations` (
  `id` bigint(20) unsigned NOT NULL AUTO_INCREMENT,
  `user_id` int(10) unsigned NOT NULL,
  `code` varchar(120) COLLATE utf8mb4_unicode_ci NOT NULL,
  `completed` tinyint(1) NOT NULL DEFAULT 0,
  `completed_at` timestamp NULL DEFAULT NULL,
  `created_at` timestamp NULL DEFAULT NULL,
  `updated_at` timestamp NULL DEFAULT NULL,
  PRIMARY KEY (`id`),
  KEY `activations_user_id_index` (`user_id`)
) ENGINE=InnoDB AUTO_INCREMENT=2 DEFAULT CHARSET=utf8mb4 COLLATE=utf8mb4_unicode_ci;
/*!40101 SET character_set_client = @saved_cs_client */;

--
-- Dumping data for table `activations`
--

LOCK TABLES `activations` WRITE;
/*!40000 ALTER TABLE `activations` DISABLE KEYS */;
INSERT INTO `activations` VALUES (1,1,'gdlABdJOhLzoi4WBSht5xg34Fwo6uFie',1,'2022-01-04 21:14:43','2022-01-04 21:14:43','2022-01-04 21:14:43');
/*!40000 ALTER TABLE `activations` ENABLE KEYS */;
UNLOCK TABLES;

--
-- Table structure for table `ads`
--

DROP TABLE IF EXISTS `ads`;
/*!40101 SET @saved_cs_client     = @@character_set_client */;
/*!40101 SET character_set_client = utf8 */;
CREATE TABLE `ads` (
  `id` bigint(20) unsigned NOT NULL AUTO_INCREMENT,
  `name` varchar(255) COLLATE utf8mb4_unicode_ci NOT NULL,
  `expired_at` datetime DEFAULT NULL,
  `location` varchar(120) COLLATE utf8mb4_unicode_ci DEFAULT NULL,
  `key` varchar(120) COLLATE utf8mb4_unicode_ci NOT NULL,
  `image` varchar(255) COLLATE utf8mb4_unicode_ci DEFAULT NULL,
  `url` varchar(255) COLLATE utf8mb4_unicode_ci DEFAULT NULL,
  `clicked` bigint(20) NOT NULL DEFAULT 0,
  `order` int(11) DEFAULT 0,
  `status` varchar(60) COLLATE utf8mb4_unicode_ci NOT NULL DEFAULT 'published',
  `created_at` timestamp NULL DEFAULT NULL,
  `updated_at` timestamp NULL DEFAULT NULL,
  PRIMARY KEY (`id`),
  UNIQUE KEY `ads_key_unique` (`key`)
) ENGINE=InnoDB AUTO_INCREMENT=13 DEFAULT CHARSET=utf8mb4 COLLATE=utf8mb4_unicode_ci;
/*!40101 SET character_set_client = @saved_cs_client */;

--
-- Dumping data for table `ads`
--

LOCK TABLES `ads` WRITE;
/*!40000 ALTER TABLE `ads` DISABLE KEYS */;
INSERT INTO `ads` VALUES (1,'Everyday Fresh','2027-01-05 00:00:00','not_set','IZ6WU8KUALYD','promotion/1.png','/products',0,1,'published','2022-01-04 21:14:48','2022-01-04 21:14:48'),(2,'Make your Breakfast','2027-01-05 00:00:00','not_set','ILSFJVYFGCPZ','promotion/2.png','/products',0,2,'published','2022-01-04 21:14:48','2022-01-04 21:14:48'),(3,'The best Organic','2027-01-05 00:00:00','not_set','ILSDKVYFGXPH','promotion/3.png','/products',0,3,'published','2022-01-04 21:14:48','2022-01-04 21:14:48'),(4,'Bring nature into your home','2027-01-05 00:00:00','not_set','IZ6WU8KUALYG','promotion/4.png','/products',0,4,'published','2022-01-04 21:14:48','2022-01-04 21:14:48'),(5,'Delivered to your home','2027-01-05 00:00:00','banner-big','IZ6WU8KUALYH','promotion/5.png','/products',0,5,'published','2022-01-04 21:14:48','2022-01-04 21:14:48'),(6,'Save 17% on Oganic Juice','2027-01-05 00:00:00','no_set','IZ6WU8KUALYI','promotion/6.png','/products',0,6,'published','2022-01-04 21:14:48','2022-01-04 21:14:48'),(7,'Everyday Fresh & Clean with Our Products','2027-01-05 00:00:00','item-style-4','IZ6WU8KUALYJ','promotion/7.png','/products',0,7,'published','2022-01-04 21:14:48','2022-01-04 21:14:48'),(8,'The best Organic Products Online','2027-01-05 00:00:00','item-style-5','IZ6WU8KUALYK','promotion/8.png','/products',0,8,'published','2022-01-04 21:14:48','2022-01-04 21:14:48'),(9,'Everyday Fresh with Our Products','2027-01-05 00:00:00','item-style-2','IZ6WU8KUALYL','promotion/9.png',NULL,0,9,'published','2022-01-04 21:14:48','2022-01-04 21:14:48'),(10,'100% guaranteed all Fresh items','2027-01-05 00:00:00','item-style-2','IZ6WU8KUALYM','promotion/10.png',NULL,0,10,'published','2022-01-04 21:14:48','2022-01-04 21:14:48'),(11,'Special grocery sale off this month','2027-01-05 00:00:00','item-style-2','IZ6WU8KUALYN','promotion/11.png',NULL,0,11,'published','2022-01-04 21:14:48','2022-01-04 21:14:48'),(12,'Enjoy 15% OFF for all vegetable and fruit','2027-01-05 00:00:00','item-style-2','IZ6WU8KUALYO','promotion/12.png',NULL,0,12,'published','2022-01-04 21:14:48','2022-01-04 21:14:48');
/*!40000 ALTER TABLE `ads` ENABLE KEYS */;
UNLOCK TABLES;

--
-- Table structure for table `ads_translations`
--

DROP TABLE IF EXISTS `ads_translations`;
/*!40101 SET @saved_cs_client     = @@character_set_client */;
/*!40101 SET character_set_client = utf8 */;
CREATE TABLE `ads_translations` (
  `lang_code` varchar(191) COLLATE utf8mb4_unicode_ci NOT NULL,
  `ads_id` int(11) NOT NULL,
  `name` varchar(255) COLLATE utf8mb4_unicode_ci DEFAULT NULL,
  `image` varchar(255) COLLATE utf8mb4_unicode_ci DEFAULT NULL,
  `url` varchar(255) COLLATE utf8mb4_unicode_ci DEFAULT NULL,
  PRIMARY KEY (`lang_code`,`ads_id`)
) ENGINE=InnoDB DEFAULT CHARSET=utf8mb4 COLLATE=utf8mb4_unicode_ci;
/*!40101 SET character_set_client = @saved_cs_client */;

--
-- Dumping data for table `ads_translations`
--

LOCK TABLES `ads_translations` WRITE;
/*!40000 ALTER TABLE `ads_translations` DISABLE KEYS */;
INSERT INTO `ads_translations` VALUES ('vi',1,'Tươi mỗi ngày','promotion/1.png','/vi/products'),('vi',2,'Nấu bữa sáng của bạn','promotion/2.png','/vi/products'),('vi',3,'Hữu cơ tốt nhất','promotion/3.png','/vi/products'),('vi',4,'Mang thiên nhiên vào ngôi nhà của bạn','promotion/4.png','/vi/products'),('vi',5,'Giao tận nhà','promotion/5.png','/vi/products'),('vi',6,'Tiết kiệm 17% khi mua nước ép hữu cơ','promotion/6.png','/vi/products'),('vi',7,'Tươi và Sạch hàng ngày với các sản phẩm của chúng tôi','promotion/7.png','/vi/products'),('vi',8,'Các sản phẩm hữu cơ tốt nhất trực tuyến','promotion/8.png','/vi/products'),('vi',9,'Tươi mới mỗi ngày với các sản phẩm của chúng tôi','promotion/9.png','/vi/products'),('vi',10,'100% đảm bảo tất cả các mặt hàng tươi','promotion/10.png','/vi/products'),('vi',11,'Giảm giá hàng tạp hóa đặc biệt trong tháng này','promotion/11.png','/vi/products'),('vi',12,'GIẢM GIÁ 15% cho tất cả rau và trái cây','promotion/12.png','/vi/products');
/*!40000 ALTER TABLE `ads_translations` ENABLE KEYS */;
UNLOCK TABLES;

--
-- Table structure for table `audit_histories`
--

DROP TABLE IF EXISTS `audit_histories`;
/*!40101 SET @saved_cs_client     = @@character_set_client */;
/*!40101 SET character_set_client = utf8 */;
CREATE TABLE `audit_histories` (
  `id` bigint(20) unsigned NOT NULL AUTO_INCREMENT,
  `user_id` int(10) unsigned NOT NULL,
  `module` varchar(60) COLLATE utf8mb4_unicode_ci NOT NULL,
  `request` text COLLATE utf8mb4_unicode_ci DEFAULT NULL,
  `action` varchar(120) COLLATE utf8mb4_unicode_ci NOT NULL,
  `user_agent` text COLLATE utf8mb4_unicode_ci DEFAULT NULL,
  `ip_address` varchar(39) COLLATE utf8mb4_unicode_ci DEFAULT NULL,
  `reference_user` int(10) unsigned NOT NULL,
  `reference_id` int(10) unsigned NOT NULL,
  `reference_name` varchar(255) COLLATE utf8mb4_unicode_ci NOT NULL,
  `type` varchar(20) COLLATE utf8mb4_unicode_ci NOT NULL,
  `created_at` timestamp NULL DEFAULT NULL,
  `updated_at` timestamp NULL DEFAULT NULL,
  PRIMARY KEY (`id`),
  KEY `audit_histories_user_id_index` (`user_id`),
  KEY `audit_histories_module_index` (`module`)
) ENGINE=InnoDB DEFAULT CHARSET=utf8mb4 COLLATE=utf8mb4_unicode_ci;
/*!40101 SET character_set_client = @saved_cs_client */;

--
-- Dumping data for table `audit_histories`
--

LOCK TABLES `audit_histories` WRITE;
/*!40000 ALTER TABLE `audit_histories` DISABLE KEYS */;
/*!40000 ALTER TABLE `audit_histories` ENABLE KEYS */;
UNLOCK TABLES;

--
-- Table structure for table `categories`
--

DROP TABLE IF EXISTS `categories`;
/*!40101 SET @saved_cs_client     = @@character_set_client */;
/*!40101 SET character_set_client = utf8 */;
CREATE TABLE `categories` (
  `id` bigint(20) unsigned NOT NULL AUTO_INCREMENT,
  `name` varchar(120) COLLATE utf8mb4_unicode_ci NOT NULL,
  `parent_id` int(10) unsigned NOT NULL DEFAULT 0,
  `description` varchar(400) COLLATE utf8mb4_unicode_ci DEFAULT NULL,
  `status` varchar(60) COLLATE utf8mb4_unicode_ci NOT NULL DEFAULT 'published',
  `author_id` int(11) NOT NULL,
  `author_type` varchar(255) COLLATE utf8mb4_unicode_ci NOT NULL DEFAULT 'Botble\\ACL\\Models\\User',
  `icon` varchar(60) COLLATE utf8mb4_unicode_ci DEFAULT NULL,
  `order` tinyint(4) NOT NULL DEFAULT 0,
  `is_featured` tinyint(4) NOT NULL DEFAULT 0,
  `is_default` tinyint(3) unsigned NOT NULL DEFAULT 0,
  `created_at` timestamp NULL DEFAULT NULL,
  `updated_at` timestamp NULL DEFAULT NULL,
  PRIMARY KEY (`id`)
) ENGINE=InnoDB AUTO_INCREMENT=5 DEFAULT CHARSET=utf8mb4 COLLATE=utf8mb4_unicode_ci;
/*!40101 SET character_set_client = @saved_cs_client */;

--
-- Dumping data for table `categories`
--

LOCK TABLES `categories` WRITE;
/*!40000 ALTER TABLE `categories` DISABLE KEYS */;
INSERT INTO `categories` VALUES (1,'Ecommerce',0,'Voluptatem et laudantium nam. Sit aut dolore molestias illum non quis modi mollitia. Et omnis dolorum ut laborum nostrum vel aut. Dolores repudiandae laborum incidunt.','published',1,'Botble\\ACL\\Models\\User',NULL,0,0,1,'2022-01-04 21:14:42','2022-01-04 21:14:42'),(2,'Fashion',0,'Repellat quas quo officiis non perferendis vel voluptatum. Maiores aliquam blanditiis ex molestiae dignissimos fuga est. Tenetur vel itaque autem quaerat minus nulla. Est similique fuga dicta aut.','published',1,'Botble\\ACL\\Models\\User',NULL,0,1,0,'2022-01-04 21:14:42','2022-01-04 21:14:42'),(3,'Electronic',0,'Ut quae porro aut voluptatem est nostrum. Atque tempora rerum expedita debitis facilis. Libero aut modi qui qui. Ut quo necessitatibus molestiae.','published',1,'Botble\\ACL\\Models\\User',NULL,0,1,0,'2022-01-04 21:14:42','2022-01-04 21:14:42'),(4,'Commercial',0,'Tenetur officia magni illo. Sit voluptas alias mollitia totam et nihil enim velit. Nam ducimus ea dolorum eum corporis magnam. Esse voluptatem ea ipsam eaque.','published',1,'Botble\\ACL\\Models\\User',NULL,0,1,0,'2022-01-04 21:14:42','2022-01-04 21:14:42');
/*!40000 ALTER TABLE `categories` ENABLE KEYS */;
UNLOCK TABLES;

--
-- Table structure for table `categories_translations`
--

DROP TABLE IF EXISTS `categories_translations`;
/*!40101 SET @saved_cs_client     = @@character_set_client */;
/*!40101 SET character_set_client = utf8 */;
CREATE TABLE `categories_translations` (
  `lang_code` varchar(191) COLLATE utf8mb4_unicode_ci NOT NULL,
  `categories_id` int(11) NOT NULL,
  `name` varchar(255) COLLATE utf8mb4_unicode_ci DEFAULT NULL,
  `description` varchar(400) COLLATE utf8mb4_unicode_ci DEFAULT NULL,
  PRIMARY KEY (`lang_code`,`categories_id`)
) ENGINE=InnoDB DEFAULT CHARSET=utf8mb4 COLLATE=utf8mb4_unicode_ci;
/*!40101 SET character_set_client = @saved_cs_client */;

--
-- Dumping data for table `categories_translations`
--

LOCK TABLES `categories_translations` WRITE;
/*!40000 ALTER TABLE `categories_translations` DISABLE KEYS */;
INSERT INTO `categories_translations` VALUES ('vi',1,'Thương mại điện tử',NULL),('vi',2,'Thời trang',NULL),('vi',3,'Điện tử',NULL),('vi',4,'Thương mại',NULL);
/*!40000 ALTER TABLE `categories_translations` ENABLE KEYS */;
UNLOCK TABLES;

--
-- Table structure for table `contact_replies`
--

DROP TABLE IF EXISTS `contact_replies`;
/*!40101 SET @saved_cs_client     = @@character_set_client */;
/*!40101 SET character_set_client = utf8 */;
CREATE TABLE `contact_replies` (
  `id` bigint(20) unsigned NOT NULL AUTO_INCREMENT,
  `message` longtext COLLATE utf8mb4_unicode_ci NOT NULL,
  `contact_id` int(11) NOT NULL,
  `created_at` timestamp NULL DEFAULT NULL,
  `updated_at` timestamp NULL DEFAULT NULL,
  PRIMARY KEY (`id`)
) ENGINE=InnoDB DEFAULT CHARSET=utf8mb4 COLLATE=utf8mb4_unicode_ci;
/*!40101 SET character_set_client = @saved_cs_client */;

--
-- Dumping data for table `contact_replies`
--

LOCK TABLES `contact_replies` WRITE;
/*!40000 ALTER TABLE `contact_replies` DISABLE KEYS */;
/*!40000 ALTER TABLE `contact_replies` ENABLE KEYS */;
UNLOCK TABLES;

--
-- Table structure for table `contacts`
--

DROP TABLE IF EXISTS `contacts`;
/*!40101 SET @saved_cs_client     = @@character_set_client */;
/*!40101 SET character_set_client = utf8 */;
CREATE TABLE `contacts` (
  `id` bigint(20) unsigned NOT NULL AUTO_INCREMENT,
  `name` varchar(60) COLLATE utf8mb4_unicode_ci NOT NULL,
  `email` varchar(60) COLLATE utf8mb4_unicode_ci NOT NULL,
  `phone` varchar(60) COLLATE utf8mb4_unicode_ci DEFAULT NULL,
  `address` varchar(120) COLLATE utf8mb4_unicode_ci DEFAULT NULL,
  `subject` varchar(120) COLLATE utf8mb4_unicode_ci DEFAULT NULL,
  `content` longtext COLLATE utf8mb4_unicode_ci NOT NULL,
  `status` varchar(60) COLLATE utf8mb4_unicode_ci NOT NULL DEFAULT 'unread',
  `created_at` timestamp NULL DEFAULT NULL,
  `updated_at` timestamp NULL DEFAULT NULL,
  PRIMARY KEY (`id`)
) ENGINE=InnoDB DEFAULT CHARSET=utf8mb4 COLLATE=utf8mb4_unicode_ci;
/*!40101 SET character_set_client = @saved_cs_client */;

--
-- Dumping data for table `contacts`
--

LOCK TABLES `contacts` WRITE;
/*!40000 ALTER TABLE `contacts` DISABLE KEYS */;
/*!40000 ALTER TABLE `contacts` ENABLE KEYS */;
UNLOCK TABLES;

--
-- Table structure for table `dashboard_widget_settings`
--

DROP TABLE IF EXISTS `dashboard_widget_settings`;
/*!40101 SET @saved_cs_client     = @@character_set_client */;
/*!40101 SET character_set_client = utf8 */;
CREATE TABLE `dashboard_widget_settings` (
  `id` bigint(20) unsigned NOT NULL AUTO_INCREMENT,
  `settings` text COLLATE utf8mb4_unicode_ci DEFAULT NULL,
  `user_id` int(10) unsigned NOT NULL,
  `widget_id` int(10) unsigned NOT NULL,
  `order` tinyint(3) unsigned NOT NULL DEFAULT 0,
  `status` tinyint(3) unsigned NOT NULL DEFAULT 1,
  `created_at` timestamp NULL DEFAULT NULL,
  `updated_at` timestamp NULL DEFAULT NULL,
  PRIMARY KEY (`id`),
  KEY `dashboard_widget_settings_user_id_index` (`user_id`),
  KEY `dashboard_widget_settings_widget_id_index` (`widget_id`)
) ENGINE=InnoDB DEFAULT CHARSET=utf8mb4 COLLATE=utf8mb4_unicode_ci;
/*!40101 SET character_set_client = @saved_cs_client */;

--
-- Dumping data for table `dashboard_widget_settings`
--

LOCK TABLES `dashboard_widget_settings` WRITE;
/*!40000 ALTER TABLE `dashboard_widget_settings` DISABLE KEYS */;
/*!40000 ALTER TABLE `dashboard_widget_settings` ENABLE KEYS */;
UNLOCK TABLES;

--
-- Table structure for table `dashboard_widgets`
--

DROP TABLE IF EXISTS `dashboard_widgets`;
/*!40101 SET @saved_cs_client     = @@character_set_client */;
/*!40101 SET character_set_client = utf8 */;
CREATE TABLE `dashboard_widgets` (
  `id` bigint(20) unsigned NOT NULL AUTO_INCREMENT,
  `name` varchar(120) COLLATE utf8mb4_unicode_ci NOT NULL,
  `created_at` timestamp NULL DEFAULT NULL,
  `updated_at` timestamp NULL DEFAULT NULL,
  PRIMARY KEY (`id`)
) ENGINE=InnoDB DEFAULT CHARSET=utf8mb4 COLLATE=utf8mb4_unicode_ci;
/*!40101 SET character_set_client = @saved_cs_client */;

--
-- Dumping data for table `dashboard_widgets`
--

LOCK TABLES `dashboard_widgets` WRITE;
/*!40000 ALTER TABLE `dashboard_widgets` DISABLE KEYS */;
/*!40000 ALTER TABLE `dashboard_widgets` ENABLE KEYS */;
UNLOCK TABLES;

--
-- Table structure for table `ec_brands`
--

DROP TABLE IF EXISTS `ec_brands`;
/*!40101 SET @saved_cs_client     = @@character_set_client */;
/*!40101 SET character_set_client = utf8 */;
CREATE TABLE `ec_brands` (
  `id` bigint(20) unsigned NOT NULL AUTO_INCREMENT,
  `name` varchar(191) COLLATE utf8mb4_unicode_ci NOT NULL,
  `description` mediumtext COLLATE utf8mb4_unicode_ci DEFAULT NULL,
  `website` varchar(255) COLLATE utf8mb4_unicode_ci DEFAULT NULL,
  `logo` varchar(255) COLLATE utf8mb4_unicode_ci DEFAULT NULL,
  `status` varchar(60) COLLATE utf8mb4_unicode_ci NOT NULL DEFAULT 'published',
  `order` tinyint(3) unsigned NOT NULL DEFAULT 0,
  `is_featured` tinyint(3) unsigned NOT NULL DEFAULT 0,
  `created_at` timestamp NULL DEFAULT NULL,
  `updated_at` timestamp NULL DEFAULT NULL,
  PRIMARY KEY (`id`)
) ENGINE=InnoDB AUTO_INCREMENT=8 DEFAULT CHARSET=utf8mb4 COLLATE=utf8mb4_unicode_ci;
/*!40101 SET character_set_client = @saved_cs_client */;

--
-- Dumping data for table `ec_brands`
--

LOCK TABLES `ec_brands` WRITE;
/*!40000 ALTER TABLE `ec_brands` DISABLE KEYS */;
INSERT INTO `ec_brands` VALUES (1,'Perxsion',NULL,NULL,NULL,'published',0,1,'2022-01-04 21:13:55','2022-01-04 21:13:55'),(2,'Hiching',NULL,NULL,NULL,'published',1,1,'2022-01-04 21:13:55','2022-01-04 21:13:55'),(3,'Kepslo',NULL,NULL,NULL,'published',2,1,'2022-01-04 21:13:55','2022-01-04 21:13:55'),(4,'Groneba',NULL,NULL,NULL,'published',3,1,'2022-01-04 21:13:55','2022-01-04 21:13:55'),(5,'Babian',NULL,NULL,NULL,'published',4,1,'2022-01-04 21:13:55','2022-01-04 21:13:55'),(6,'Valorant',NULL,NULL,NULL,'published',5,1,'2022-01-04 21:13:55','2022-01-04 21:13:55'),(7,'Pure',NULL,NULL,NULL,'published',6,1,'2022-01-04 21:13:55','2022-01-04 21:13:55');
/*!40000 ALTER TABLE `ec_brands` ENABLE KEYS */;
UNLOCK TABLES;

--
-- Table structure for table `ec_brands_translations`
--

DROP TABLE IF EXISTS `ec_brands_translations`;
/*!40101 SET @saved_cs_client     = @@character_set_client */;
/*!40101 SET character_set_client = utf8 */;
CREATE TABLE `ec_brands_translations` (
  `lang_code` varchar(191) COLLATE utf8mb4_unicode_ci NOT NULL,
  `ec_brands_id` int(11) NOT NULL,
  `name` varchar(191) COLLATE utf8mb4_unicode_ci DEFAULT NULL,
  `description` varchar(191) COLLATE utf8mb4_unicode_ci DEFAULT NULL,
  PRIMARY KEY (`lang_code`,`ec_brands_id`)
) ENGINE=InnoDB DEFAULT CHARSET=utf8mb4 COLLATE=utf8mb4_unicode_ci;
/*!40101 SET character_set_client = @saved_cs_client */;

--
-- Dumping data for table `ec_brands_translations`
--

LOCK TABLES `ec_brands_translations` WRITE;
/*!40000 ALTER TABLE `ec_brands_translations` DISABLE KEYS */;
INSERT INTO `ec_brands_translations` VALUES ('vi',1,'Perxsion',NULL),('vi',2,'Hiching',NULL),('vi',3,'Kepslo',NULL),('vi',4,'Groneba',NULL),('vi',5,'Babian',NULL),('vi',6,'Valorant',NULL),('vi',7,'Pure',NULL);
/*!40000 ALTER TABLE `ec_brands_translations` ENABLE KEYS */;
UNLOCK TABLES;

--
-- Table structure for table `ec_cart`
--

DROP TABLE IF EXISTS `ec_cart`;
/*!40101 SET @saved_cs_client     = @@character_set_client */;
/*!40101 SET character_set_client = utf8 */;
CREATE TABLE `ec_cart` (
  `identifier` varchar(191) COLLATE utf8mb4_unicode_ci NOT NULL,
  `instance` varchar(191) COLLATE utf8mb4_unicode_ci NOT NULL,
  `content` longtext COLLATE utf8mb4_unicode_ci NOT NULL,
  `created_at` timestamp NULL DEFAULT NULL,
  `updated_at` timestamp NULL DEFAULT NULL,
  PRIMARY KEY (`identifier`,`instance`)
) ENGINE=InnoDB DEFAULT CHARSET=utf8mb4 COLLATE=utf8mb4_unicode_ci;
/*!40101 SET character_set_client = @saved_cs_client */;

--
-- Dumping data for table `ec_cart`
--

LOCK TABLES `ec_cart` WRITE;
/*!40000 ALTER TABLE `ec_cart` DISABLE KEYS */;
/*!40000 ALTER TABLE `ec_cart` ENABLE KEYS */;
UNLOCK TABLES;

--
-- Table structure for table `ec_currencies`
--

DROP TABLE IF EXISTS `ec_currencies`;
/*!40101 SET @saved_cs_client     = @@character_set_client */;
/*!40101 SET character_set_client = utf8 */;
CREATE TABLE `ec_currencies` (
  `id` bigint(20) unsigned NOT NULL AUTO_INCREMENT,
  `title` varchar(191) COLLATE utf8mb4_unicode_ci NOT NULL,
  `symbol` varchar(10) COLLATE utf8mb4_unicode_ci NOT NULL,
  `is_prefix_symbol` tinyint(3) unsigned NOT NULL DEFAULT 0,
  `decimals` tinyint(3) unsigned DEFAULT 0,
  `order` int(10) unsigned DEFAULT 0,
  `is_default` tinyint(4) NOT NULL DEFAULT 0,
  `exchange_rate` double NOT NULL DEFAULT 1,
  `created_at` timestamp NULL DEFAULT NULL,
  `updated_at` timestamp NULL DEFAULT NULL,
  PRIMARY KEY (`id`)
) ENGINE=InnoDB AUTO_INCREMENT=4 DEFAULT CHARSET=utf8mb4 COLLATE=utf8mb4_unicode_ci;
/*!40101 SET character_set_client = @saved_cs_client */;

--
-- Dumping data for table `ec_currencies`
--

LOCK TABLES `ec_currencies` WRITE;
/*!40000 ALTER TABLE `ec_currencies` DISABLE KEYS */;
INSERT INTO `ec_currencies` VALUES (1,'USD','$',1,2,0,1,1,'2022-01-04 21:13:55','2022-01-04 21:13:55'),(2,'EUR','€',0,2,1,0,0.84,'2022-01-04 21:13:55','2022-01-04 21:13:55'),(3,'VND','₫',0,0,2,0,23203,'2022-01-04 21:13:55','2022-01-04 21:13:55');
/*!40000 ALTER TABLE `ec_currencies` ENABLE KEYS */;
UNLOCK TABLES;

--
-- Table structure for table `ec_customer_addresses`
--

DROP TABLE IF EXISTS `ec_customer_addresses`;
/*!40101 SET @saved_cs_client     = @@character_set_client */;
/*!40101 SET character_set_client = utf8 */;
CREATE TABLE `ec_customer_addresses` (
  `id` bigint(20) unsigned NOT NULL AUTO_INCREMENT,
  `name` varchar(191) COLLATE utf8mb4_unicode_ci NOT NULL,
  `email` varchar(60) COLLATE utf8mb4_unicode_ci DEFAULT NULL,
  `phone` varchar(20) COLLATE utf8mb4_unicode_ci DEFAULT NULL,
  `country` varchar(120) COLLATE utf8mb4_unicode_ci DEFAULT NULL,
  `state` varchar(120) COLLATE utf8mb4_unicode_ci DEFAULT NULL,
  `city` varchar(120) COLLATE utf8mb4_unicode_ci DEFAULT NULL,
  `address` varchar(191) COLLATE utf8mb4_unicode_ci NOT NULL,
  `customer_id` int(10) unsigned NOT NULL,
  `is_default` tinyint(3) unsigned NOT NULL DEFAULT 0,
  `created_at` timestamp NULL DEFAULT NULL,
  `updated_at` timestamp NULL DEFAULT NULL,
  `zip_code` varchar(20) COLLATE utf8mb4_unicode_ci DEFAULT NULL,
  PRIMARY KEY (`id`)
) ENGINE=InnoDB AUTO_INCREMENT=13 DEFAULT CHARSET=utf8mb4 COLLATE=utf8mb4_unicode_ci;
/*!40101 SET character_set_client = @saved_cs_client */;

--
-- Dumping data for table `ec_customer_addresses`
--

LOCK TABLES `ec_customer_addresses` WRITE;
/*!40000 ALTER TABLE `ec_customer_addresses` DISABLE KEYS */;
INSERT INTO `ec_customer_addresses` VALUES (1,'Cole Wuckert DDS','customer@botble.com','+13157076908','CL','Wisconsin','Sporerberg','26836 Ward Center',1,1,'2022-01-04 21:14:20','2022-01-04 21:14:20','35759-2253'),(2,'Cole Wuckert DDS','customer@botble.com','+18457621876','NF','District of Columbia','New Enriquemouth','648 Sawayn Views',1,0,'2022-01-04 21:14:20','2022-01-04 21:14:20','51182-0083'),(3,'Misael Harvey','vendor@botble.com','+14357146049','TL','Florida','Kobeborough','612 Robel Prairie',2,1,'2022-01-04 21:14:20','2022-01-04 21:14:20','50299'),(4,'Misael Harvey','vendor@botble.com','+14783788831','NZ','Ohio','East Alana','463 Elisha Forks',2,0,'2022-01-04 21:14:20','2022-01-04 21:14:20','42168-4150'),(5,'Hadley Smitham','travis01@example.net','+16069276530','PL','New Mexico','North Augustine','20867 Monte Junction Apt. 234',3,1,'2022-01-04 21:14:20','2022-01-04 21:14:20','53036'),(6,'Elena Luettgen','velva07@example.org','+16673029028','IE','Louisiana','East Loganport','516 Osinski Via Apt. 663',4,1,'2022-01-04 21:14:20','2022-01-04 21:14:20','17448'),(7,'Dr. Maryam Champlin V','douglas.schoen@example.net','+18386739499','FK','West Virginia','West Ferne','795 Steuber Island',5,1,'2022-01-04 21:14:20','2022-01-04 21:14:20','45294-2030'),(8,'Miss Kelly Ebert','pfeffer.celestino@example.net','+17276761924','AZ','Wisconsin','Port Lyla','4306 Walsh Bypass Suite 838',6,1,'2022-01-04 21:14:20','2022-01-04 21:14:20','35167'),(9,'Hailie Gulgowski','price.burnice@example.com','+12239155746','MY','Oregon','Maryjanetown','8666 Cassin Keys Apt. 447',7,1,'2022-01-04 21:14:20','2022-01-04 21:14:20','51824-8507'),(10,'Aniya Feeney','lyla.zulauf@example.org','+19596280649','SL','Massachusetts','Ravenville','568 Kirlin Run Apt. 229',8,1,'2022-01-04 21:14:20','2022-01-04 21:14:20','73476'),(11,'Ms. Evie Dare DVM','lily.mayer@example.com','+18284583913','GH','Utah','East Patsy','7076 Fadel Underpass Suite 680',9,1,'2022-01-04 21:14:21','2022-01-04 21:14:21','94324-1750'),(12,'Prof. Dessie McCullough Sr.','trudie57@example.com','+17736995567','ZA','Alaska','Lake Hazelstad','2341 Sarai Ranch Apt. 747',10,1,'2022-01-04 21:14:21','2022-01-04 21:14:21','13971-6497');
/*!40000 ALTER TABLE `ec_customer_addresses` ENABLE KEYS */;
UNLOCK TABLES;

--
-- Table structure for table `ec_customer_password_resets`
--

DROP TABLE IF EXISTS `ec_customer_password_resets`;
/*!40101 SET @saved_cs_client     = @@character_set_client */;
/*!40101 SET character_set_client = utf8 */;
CREATE TABLE `ec_customer_password_resets` (
  `email` varchar(191) COLLATE utf8mb4_unicode_ci NOT NULL,
  `token` varchar(191) COLLATE utf8mb4_unicode_ci NOT NULL,
  `created_at` timestamp NULL DEFAULT NULL,
  KEY `ec_customer_password_resets_email_index` (`email`),
  KEY `ec_customer_password_resets_token_index` (`token`)
) ENGINE=InnoDB DEFAULT CHARSET=utf8mb4 COLLATE=utf8mb4_unicode_ci;
/*!40101 SET character_set_client = @saved_cs_client */;

--
-- Dumping data for table `ec_customer_password_resets`
--

LOCK TABLES `ec_customer_password_resets` WRITE;
/*!40000 ALTER TABLE `ec_customer_password_resets` DISABLE KEYS */;
/*!40000 ALTER TABLE `ec_customer_password_resets` ENABLE KEYS */;
UNLOCK TABLES;

--
-- Table structure for table `ec_customers`
--

DROP TABLE IF EXISTS `ec_customers`;
/*!40101 SET @saved_cs_client     = @@character_set_client */;
/*!40101 SET character_set_client = utf8 */;
CREATE TABLE `ec_customers` (
  `id` bigint(20) unsigned NOT NULL AUTO_INCREMENT,
  `name` varchar(191) COLLATE utf8mb4_unicode_ci NOT NULL,
  `email` varchar(191) COLLATE utf8mb4_unicode_ci NOT NULL,
  `password` varchar(191) COLLATE utf8mb4_unicode_ci NOT NULL,
  `avatar` varchar(255) COLLATE utf8mb4_unicode_ci DEFAULT NULL,
  `dob` date DEFAULT NULL,
  `phone` varchar(25) COLLATE utf8mb4_unicode_ci DEFAULT NULL,
  `remember_token` varchar(100) COLLATE utf8mb4_unicode_ci DEFAULT NULL,
  `created_at` timestamp NULL DEFAULT NULL,
  `updated_at` timestamp NULL DEFAULT NULL,
  `confirmed_at` datetime DEFAULT NULL,
  `email_verify_token` varchar(120) COLLATE utf8mb4_unicode_ci DEFAULT NULL,
  `is_vendor` tinyint(1) NOT NULL DEFAULT 0,
  `vendor_verified_at` datetime DEFAULT NULL,
  `status` varchar(60) COLLATE utf8mb4_unicode_ci NOT NULL DEFAULT 'activated',
  PRIMARY KEY (`id`),
  UNIQUE KEY `ec_customers_email_unique` (`email`)
) ENGINE=InnoDB AUTO_INCREMENT=11 DEFAULT CHARSET=utf8mb4 COLLATE=utf8mb4_unicode_ci;
/*!40101 SET character_set_client = @saved_cs_client */;

--
-- Dumping data for table `ec_customers`
--

LOCK TABLES `ec_customers` WRITE;
/*!40000 ALTER TABLE `ec_customers` DISABLE KEYS */;
INSERT INTO `ec_customers` VALUES (1,'Cole Wuckert DDS','customer@botble.com','$2y$10$mXMBGQqr2OIsma1XX8nEJO3LWQLC9QOlMpeQYPc4EHqq5gUg2Xake','customers/1.jpg',NULL,'+13468461343',NULL,'2022-01-04 21:14:20','2022-01-04 21:14:20','2022-01-05 04:14:20',NULL,0,NULL,'activated'),(2,'Misael Harvey','vendor@botble.com','$2y$10$07RnX1ipixr.9AcqBlROiOQxt/RBWSUil6DZWWXuJiLqrvXuhbYnm','customers/7.jpg',NULL,'+19046010260',NULL,'2022-01-04 21:14:20','2022-01-04 21:14:57','2022-01-05 04:14:20',NULL,1,'2022-01-05 04:14:57','activated'),(3,'Hadley Smitham','travis01@example.net','$2y$10$N88XeJRClAGUuTtiYnSTb.CdLYC5oUrNOCzCH4mJEBuB4SQLD/CI6','customers/1.jpg',NULL,'+16466212584',NULL,'2022-01-04 21:14:20','2022-01-04 21:14:57','2022-01-05 04:14:20',NULL,1,'2022-01-05 04:14:57','activated'),(4,'Elena Luettgen','velva07@example.org','$2y$10$491zqmcH7V8y3Usu9pAvo.rTYIU57BBVI7t3juADPs1wozXmYRWH2','customers/2.jpg',NULL,'+18625663109',NULL,'2022-01-04 21:14:20','2022-01-04 21:14:20','2022-01-05 04:14:20',NULL,0,NULL,'activated'),(5,'Dr. Maryam Champlin V','douglas.schoen@example.net','$2y$10$4gXRYF0FhPhdYtDCeh.Ysen1dJX5JmPc.Fku0gqAuSosLvNDw1iLy','customers/3.jpg',NULL,'+13605008790',NULL,'2022-01-04 21:14:20','2022-01-04 21:14:20','2022-01-05 04:14:20',NULL,0,NULL,'activated'),(6,'Miss Kelly Ebert','pfeffer.celestino@example.net','$2y$10$NNeLtp5jJ//908eJyhUCw.Ml7JwEpEqSeaka/OV0yhIAfw62MgOam','customers/4.jpg',NULL,'+14694570636',NULL,'2022-01-04 21:14:20','2022-01-04 21:14:20','2022-01-05 04:14:20',NULL,0,NULL,'activated'),(7,'Hailie Gulgowski','price.burnice@example.com','$2y$10$.97l0nTa0NIWgKE5yjzXT.ntpgcM8ocwAglhGXwG1JwY3xAEeakPO','customers/5.jpg',NULL,'+19858089750',NULL,'2022-01-04 21:14:20','2022-01-04 21:14:57','2022-01-05 04:14:20',NULL,1,'2022-01-05 04:14:57','activated'),(8,'Aniya Feeney','lyla.zulauf@example.org','$2y$10$XuGV5pN4cr6rMe4PHMA7B.ZNsk5JmHzqpICnZghWYOsdPbEP34Iza','customers/6.jpg',NULL,'+13859106653',NULL,'2022-01-04 21:14:20','2022-01-04 21:14:57','2022-01-05 04:14:20',NULL,1,'2022-01-05 04:14:57','activated'),(9,'Ms. Evie Dare DVM','lily.mayer@example.com','$2y$10$9uvMG/uAy./DW.WWocQf9.rJH7Z.vxUKSWEROrI/2RUVJS3PC3q4K','customers/7.jpg',NULL,'+16809974231',NULL,'2022-01-04 21:14:21','2022-01-04 21:14:21','2022-01-05 04:14:21',NULL,0,NULL,'activated'),(10,'Prof. Dessie McCullough Sr.','trudie57@example.com','$2y$10$kY17yb28F5lLLW73iHy8HOtPezuOioveBpBnL54HmMI1GROS6G/QO','customers/8.jpg',NULL,'+15203402404',NULL,'2022-01-04 21:14:21','2022-01-04 21:14:57','2022-01-05 04:14:21',NULL,1,'2022-01-05 04:14:57','activated');
/*!40000 ALTER TABLE `ec_customers` ENABLE KEYS */;
UNLOCK TABLES;

--
-- Table structure for table `ec_discount_customers`
--

DROP TABLE IF EXISTS `ec_discount_customers`;
/*!40101 SET @saved_cs_client     = @@character_set_client */;
/*!40101 SET character_set_client = utf8 */;
CREATE TABLE `ec_discount_customers` (
  `discount_id` int(10) unsigned NOT NULL,
  `customer_id` int(10) unsigned NOT NULL,
  PRIMARY KEY (`discount_id`,`customer_id`)
) ENGINE=InnoDB DEFAULT CHARSET=utf8mb4 COLLATE=utf8mb4_unicode_ci;
/*!40101 SET character_set_client = @saved_cs_client */;

--
-- Dumping data for table `ec_discount_customers`
--

LOCK TABLES `ec_discount_customers` WRITE;
/*!40000 ALTER TABLE `ec_discount_customers` DISABLE KEYS */;
/*!40000 ALTER TABLE `ec_discount_customers` ENABLE KEYS */;
UNLOCK TABLES;

--
-- Table structure for table `ec_discount_product_collections`
--

DROP TABLE IF EXISTS `ec_discount_product_collections`;
/*!40101 SET @saved_cs_client     = @@character_set_client */;
/*!40101 SET character_set_client = utf8 */;
CREATE TABLE `ec_discount_product_collections` (
  `discount_id` int(10) unsigned NOT NULL,
  `product_collection_id` int(10) unsigned NOT NULL,
  PRIMARY KEY (`discount_id`,`product_collection_id`)
) ENGINE=InnoDB DEFAULT CHARSET=utf8mb4 COLLATE=utf8mb4_unicode_ci;
/*!40101 SET character_set_client = @saved_cs_client */;

--
-- Dumping data for table `ec_discount_product_collections`
--

LOCK TABLES `ec_discount_product_collections` WRITE;
/*!40000 ALTER TABLE `ec_discount_product_collections` DISABLE KEYS */;
/*!40000 ALTER TABLE `ec_discount_product_collections` ENABLE KEYS */;
UNLOCK TABLES;

--
-- Table structure for table `ec_discount_products`
--

DROP TABLE IF EXISTS `ec_discount_products`;
/*!40101 SET @saved_cs_client     = @@character_set_client */;
/*!40101 SET character_set_client = utf8 */;
CREATE TABLE `ec_discount_products` (
  `discount_id` int(10) unsigned NOT NULL,
  `product_id` int(10) unsigned NOT NULL,
  PRIMARY KEY (`discount_id`,`product_id`)
) ENGINE=InnoDB DEFAULT CHARSET=utf8mb4 COLLATE=utf8mb4_unicode_ci;
/*!40101 SET character_set_client = @saved_cs_client */;

--
-- Dumping data for table `ec_discount_products`
--

LOCK TABLES `ec_discount_products` WRITE;
/*!40000 ALTER TABLE `ec_discount_products` DISABLE KEYS */;
/*!40000 ALTER TABLE `ec_discount_products` ENABLE KEYS */;
UNLOCK TABLES;

--
-- Table structure for table `ec_discounts`
--

DROP TABLE IF EXISTS `ec_discounts`;
/*!40101 SET @saved_cs_client     = @@character_set_client */;
/*!40101 SET character_set_client = utf8 */;
CREATE TABLE `ec_discounts` (
  `id` bigint(20) unsigned NOT NULL AUTO_INCREMENT,
  `title` varchar(120) COLLATE utf8mb4_unicode_ci DEFAULT NULL,
  `code` varchar(20) COLLATE utf8mb4_unicode_ci DEFAULT NULL,
  `start_date` datetime DEFAULT NULL,
  `end_date` datetime DEFAULT NULL,
  `quantity` int(11) DEFAULT NULL,
  `total_used` int(10) unsigned NOT NULL DEFAULT 0,
  `value` double DEFAULT NULL,
  `type` varchar(60) COLLATE utf8mb4_unicode_ci DEFAULT 'coupon',
  `can_use_with_promotion` tinyint(1) NOT NULL DEFAULT 0,
  `discount_on` varchar(20) COLLATE utf8mb4_unicode_ci DEFAULT NULL,
  `product_quantity` int(10) unsigned DEFAULT NULL,
  `type_option` varchar(100) COLLATE utf8mb4_unicode_ci NOT NULL DEFAULT 'amount',
  `target` varchar(100) COLLATE utf8mb4_unicode_ci NOT NULL DEFAULT 'all-orders',
  `min_order_price` decimal(15,2) DEFAULT NULL,
  `created_at` timestamp NULL DEFAULT NULL,
  `updated_at` timestamp NULL DEFAULT NULL,
  `store_id` int(10) unsigned DEFAULT NULL,
  PRIMARY KEY (`id`),
  UNIQUE KEY `ec_discounts_code_unique` (`code`)
) ENGINE=InnoDB DEFAULT CHARSET=utf8mb4 COLLATE=utf8mb4_unicode_ci;
/*!40101 SET character_set_client = @saved_cs_client */;

--
-- Dumping data for table `ec_discounts`
--

LOCK TABLES `ec_discounts` WRITE;
/*!40000 ALTER TABLE `ec_discounts` DISABLE KEYS */;
/*!40000 ALTER TABLE `ec_discounts` ENABLE KEYS */;
UNLOCK TABLES;

--
-- Table structure for table `ec_flash_sale_products`
--

DROP TABLE IF EXISTS `ec_flash_sale_products`;
/*!40101 SET @saved_cs_client     = @@character_set_client */;
/*!40101 SET character_set_client = utf8 */;
CREATE TABLE `ec_flash_sale_products` (
  `flash_sale_id` int(10) unsigned NOT NULL,
  `product_id` int(10) unsigned NOT NULL,
  `price` double unsigned DEFAULT NULL,
  `quantity` int(10) unsigned DEFAULT NULL,
  `sold` int(10) unsigned NOT NULL DEFAULT 0
) ENGINE=InnoDB DEFAULT CHARSET=utf8mb4 COLLATE=utf8mb4_unicode_ci;
/*!40101 SET character_set_client = @saved_cs_client */;

--
-- Dumping data for table `ec_flash_sale_products`
--

LOCK TABLES `ec_flash_sale_products` WRITE;
/*!40000 ALTER TABLE `ec_flash_sale_products` DISABLE KEYS */;
INSERT INTO `ec_flash_sale_products` VALUES (1,9,75.02,8,5),(2,8,64.294,17,2),(3,3,207.09,11,5),(4,15,60.63,7,2),(5,20,59.895,16,1),(6,1,78.21,18,3),(6,2,371.49,10,1),(6,3,186.03,10,4),(6,4,33.9012,10,5),(6,5,34.2,9,2),(6,6,51.33,8,4),(6,7,49.4,14,2),(6,8,54.808,17,2),(6,9,59.29,17,1),(6,10,192.08,16,3),(6,11,83.75,14,3),(6,12,89.5404,16,1),(6,13,78.54,15,4),(6,14,57.5,13,3),(6,15,108.36,7,2),(6,16,77.5808,19,4),(6,17,104.72,17,3),(6,18,47.58,17,1),(6,19,66.12,11,4),(6,20,67.155,10,3);
/*!40000 ALTER TABLE `ec_flash_sale_products` ENABLE KEYS */;
UNLOCK TABLES;

--
-- Table structure for table `ec_flash_sales`
--

DROP TABLE IF EXISTS `ec_flash_sales`;
/*!40101 SET @saved_cs_client     = @@character_set_client */;
/*!40101 SET character_set_client = utf8 */;
CREATE TABLE `ec_flash_sales` (
  `id` bigint(20) unsigned NOT NULL AUTO_INCREMENT,
  `name` varchar(255) COLLATE utf8mb4_unicode_ci NOT NULL,
  `end_date` datetime NOT NULL,
  `status` varchar(60) COLLATE utf8mb4_unicode_ci NOT NULL DEFAULT 'published',
  `created_at` timestamp NULL DEFAULT NULL,
  `updated_at` timestamp NULL DEFAULT NULL,
  PRIMARY KEY (`id`)
) ENGINE=InnoDB AUTO_INCREMENT=7 DEFAULT CHARSET=utf8mb4 COLLATE=utf8mb4_unicode_ci;
/*!40101 SET character_set_client = @saved_cs_client */;

--
-- Dumping data for table `ec_flash_sales`
--

LOCK TABLES `ec_flash_sales` WRITE;
/*!40000 ALTER TABLE `ec_flash_sales` DISABLE KEYS */;
INSERT INTO `ec_flash_sales` VALUES (1,'Deal of the Day','2022-02-07 00:00:00','published','2022-01-04 21:14:24','2022-01-04 21:14:24'),(2,'Flash sale 2','2022-02-04 00:00:00','published','2022-01-04 21:14:24','2022-01-04 21:14:24'),(3,'Flash sale 3','2022-02-09 00:00:00','published','2022-01-04 21:14:24','2022-01-04 21:14:24'),(4,'Flash sale 4','2022-02-15 00:00:00','published','2022-01-04 21:14:24','2022-01-04 21:14:24'),(5,'Flash sale 5','2022-01-27 00:00:00','published','2022-01-04 21:14:24','2022-01-04 21:14:24'),(6,'Daily Best Sales','2022-02-04 00:00:00','published','2022-01-04 21:14:24','2022-01-04 21:14:24');
/*!40000 ALTER TABLE `ec_flash_sales` ENABLE KEYS */;
UNLOCK TABLES;

--
-- Table structure for table `ec_flash_sales_translations`
--

DROP TABLE IF EXISTS `ec_flash_sales_translations`;
/*!40101 SET @saved_cs_client     = @@character_set_client */;
/*!40101 SET character_set_client = utf8 */;
CREATE TABLE `ec_flash_sales_translations` (
  `lang_code` varchar(191) COLLATE utf8mb4_unicode_ci NOT NULL,
  `ec_flash_sales_id` int(11) NOT NULL,
  `name` varchar(191) COLLATE utf8mb4_unicode_ci DEFAULT NULL,
  PRIMARY KEY (`lang_code`,`ec_flash_sales_id`)
) ENGINE=InnoDB DEFAULT CHARSET=utf8mb4 COLLATE=utf8mb4_unicode_ci;
/*!40101 SET character_set_client = @saved_cs_client */;

--
-- Dumping data for table `ec_flash_sales_translations`
--

LOCK TABLES `ec_flash_sales_translations` WRITE;
/*!40000 ALTER TABLE `ec_flash_sales_translations` DISABLE KEYS */;
INSERT INTO `ec_flash_sales_translations` VALUES ('vi',1,'Ưu đãi trong ngày'),('vi',2,'Khuyến mãi 2'),('vi',3,'Khuyến mãi 3'),('vi',4,'Khuyến mãi 4'),('vi',5,'Khuyến mãi 5'),('vi',6,'Bán tốt nhất hàng ngày');
/*!40000 ALTER TABLE `ec_flash_sales_translations` ENABLE KEYS */;
UNLOCK TABLES;

--
-- Table structure for table `ec_grouped_products`
--

DROP TABLE IF EXISTS `ec_grouped_products`;
/*!40101 SET @saved_cs_client     = @@character_set_client */;
/*!40101 SET character_set_client = utf8 */;
CREATE TABLE `ec_grouped_products` (
  `id` bigint(20) unsigned NOT NULL AUTO_INCREMENT,
  `parent_product_id` int(10) unsigned NOT NULL,
  `product_id` int(10) unsigned NOT NULL,
  `fixed_qty` int(11) NOT NULL DEFAULT 1,
  PRIMARY KEY (`id`)
) ENGINE=InnoDB DEFAULT CHARSET=utf8mb4 COLLATE=utf8mb4_unicode_ci;
/*!40101 SET character_set_client = @saved_cs_client */;

--
-- Dumping data for table `ec_grouped_products`
--

LOCK TABLES `ec_grouped_products` WRITE;
/*!40000 ALTER TABLE `ec_grouped_products` DISABLE KEYS */;
/*!40000 ALTER TABLE `ec_grouped_products` ENABLE KEYS */;
UNLOCK TABLES;

--
-- Table structure for table `ec_order_addresses`
--

DROP TABLE IF EXISTS `ec_order_addresses`;
/*!40101 SET @saved_cs_client     = @@character_set_client */;
/*!40101 SET character_set_client = utf8 */;
CREATE TABLE `ec_order_addresses` (
  `id` bigint(20) unsigned NOT NULL AUTO_INCREMENT,
  `name` varchar(191) COLLATE utf8mb4_unicode_ci NOT NULL,
  `phone` varchar(20) COLLATE utf8mb4_unicode_ci DEFAULT NULL,
  `email` varchar(191) COLLATE utf8mb4_unicode_ci DEFAULT NULL,
  `country` varchar(120) COLLATE utf8mb4_unicode_ci DEFAULT NULL,
  `state` varchar(120) COLLATE utf8mb4_unicode_ci DEFAULT NULL,
  `city` varchar(120) COLLATE utf8mb4_unicode_ci DEFAULT NULL,
  `address` varchar(255) COLLATE utf8mb4_unicode_ci DEFAULT NULL,
  `order_id` int(10) unsigned NOT NULL,
  `zip_code` varchar(20) COLLATE utf8mb4_unicode_ci DEFAULT NULL,
  PRIMARY KEY (`id`)
) ENGINE=InnoDB AUTO_INCREMENT=50 DEFAULT CHARSET=utf8mb4 COLLATE=utf8mb4_unicode_ci;
/*!40101 SET character_set_client = @saved_cs_client */;

--
-- Dumping data for table `ec_order_addresses`
--

LOCK TABLES `ec_order_addresses` WRITE;
/*!40000 ALTER TABLE `ec_order_addresses` DISABLE KEYS */;
INSERT INTO `ec_order_addresses` VALUES (1,'Ms. Evie Dare DVM','+18284583913','lily.mayer@example.com','GH','Utah','East Patsy','7076 Fadel Underpass Suite 680',1,'94324-1750'),(2,'Ms. Evie Dare DVM','+18284583913','lily.mayer@example.com','GH','Utah','East Patsy','7076 Fadel Underpass Suite 680',2,'94324-1750'),(3,'Cole Wuckert DDS','+13157076908','customer@botble.com','CL','Wisconsin','Sporerberg','26836 Ward Center',3,'35759-2253'),(4,'Cole Wuckert DDS','+13157076908','customer@botble.com','CL','Wisconsin','Sporerberg','26836 Ward Center',4,'35759-2253'),(5,'Ms. Evie Dare DVM','+18284583913','lily.mayer@example.com','GH','Utah','East Patsy','7076 Fadel Underpass Suite 680',5,'94324-1750'),(6,'Ms. Evie Dare DVM','+18284583913','lily.mayer@example.com','GH','Utah','East Patsy','7076 Fadel Underpass Suite 680',6,'94324-1750'),(7,'Ms. Evie Dare DVM','+18284583913','lily.mayer@example.com','GH','Utah','East Patsy','7076 Fadel Underpass Suite 680',7,'94324-1750'),(8,'Ms. Evie Dare DVM','+18284583913','lily.mayer@example.com','GH','Utah','East Patsy','7076 Fadel Underpass Suite 680',8,'94324-1750'),(9,'Cole Wuckert DDS','+13157076908','customer@botble.com','CL','Wisconsin','Sporerberg','26836 Ward Center',9,'35759-2253'),(10,'Cole Wuckert DDS','+13157076908','customer@botble.com','CL','Wisconsin','Sporerberg','26836 Ward Center',10,'35759-2253'),(11,'Cole Wuckert DDS','+13157076908','customer@botble.com','CL','Wisconsin','Sporerberg','26836 Ward Center',11,'35759-2253'),(12,'Dr. Maryam Champlin V','+18386739499','douglas.schoen@example.net','FK','West Virginia','West Ferne','795 Steuber Island',12,'45294-2030'),(13,'Dr. Maryam Champlin V','+18386739499','douglas.schoen@example.net','FK','West Virginia','West Ferne','795 Steuber Island',13,'45294-2030'),(14,'Cole Wuckert DDS','+13157076908','customer@botble.com','CL','Wisconsin','Sporerberg','26836 Ward Center',14,'35759-2253'),(15,'Miss Kelly Ebert','+17276761924','pfeffer.celestino@example.net','AZ','Wisconsin','Port Lyla','4306 Walsh Bypass Suite 838',15,'35167'),(16,'Miss Kelly Ebert','+17276761924','pfeffer.celestino@example.net','AZ','Wisconsin','Port Lyla','4306 Walsh Bypass Suite 838',16,'35167'),(17,'Miss Kelly Ebert','+17276761924','pfeffer.celestino@example.net','AZ','Wisconsin','Port Lyla','4306 Walsh Bypass Suite 838',17,'35167'),(18,'Cole Wuckert DDS','+13157076908','customer@botble.com','CL','Wisconsin','Sporerberg','26836 Ward Center',18,'35759-2253'),(19,'Cole Wuckert DDS','+13157076908','customer@botble.com','CL','Wisconsin','Sporerberg','26836 Ward Center',19,'35759-2253'),(20,'Dr. Maryam Champlin V','+18386739499','douglas.schoen@example.net','FK','West Virginia','West Ferne','795 Steuber Island',20,'45294-2030'),(21,'Dr. Maryam Champlin V','+18386739499','douglas.schoen@example.net','FK','West Virginia','West Ferne','795 Steuber Island',21,'45294-2030'),(22,'Elena Luettgen','+16673029028','velva07@example.org','IE','Louisiana','East Loganport','516 Osinski Via Apt. 663',22,'17448'),(23,'Elena Luettgen','+16673029028','velva07@example.org','IE','Louisiana','East Loganport','516 Osinski Via Apt. 663',23,'17448'),(24,'Elena Luettgen','+16673029028','velva07@example.org','IE','Louisiana','East Loganport','516 Osinski Via Apt. 663',24,'17448'),(25,'Ms. Evie Dare DVM','+18284583913','lily.mayer@example.com','GH','Utah','East Patsy','7076 Fadel Underpass Suite 680',25,'94324-1750'),(26,'Ms. Evie Dare DVM','+18284583913','lily.mayer@example.com','GH','Utah','East Patsy','7076 Fadel Underpass Suite 680',26,'94324-1750'),(27,'Ms. Evie Dare DVM','+18284583913','lily.mayer@example.com','GH','Utah','East Patsy','7076 Fadel Underpass Suite 680',27,'94324-1750'),(28,'Elena Luettgen','+16673029028','velva07@example.org','IE','Louisiana','East Loganport','516 Osinski Via Apt. 663',28,'17448'),(29,'Elena Luettgen','+16673029028','velva07@example.org','IE','Louisiana','East Loganport','516 Osinski Via Apt. 663',29,'17448'),(30,'Elena Luettgen','+16673029028','velva07@example.org','IE','Louisiana','East Loganport','516 Osinski Via Apt. 663',30,'17448'),(31,'Ms. Evie Dare DVM','+18284583913','lily.mayer@example.com','GH','Utah','East Patsy','7076 Fadel Underpass Suite 680',31,'94324-1750'),(32,'Ms. Evie Dare DVM','+18284583913','lily.mayer@example.com','GH','Utah','East Patsy','7076 Fadel Underpass Suite 680',32,'94324-1750'),(33,'Ms. Evie Dare DVM','+18284583913','lily.mayer@example.com','GH','Utah','East Patsy','7076 Fadel Underpass Suite 680',33,'94324-1750'),(34,'Cole Wuckert DDS','+13157076908','customer@botble.com','CL','Wisconsin','Sporerberg','26836 Ward Center',34,'35759-2253'),(35,'Cole Wuckert DDS','+13157076908','customer@botble.com','CL','Wisconsin','Sporerberg','26836 Ward Center',35,'35759-2253'),(36,'Miss Kelly Ebert','+17276761924','pfeffer.celestino@example.net','AZ','Wisconsin','Port Lyla','4306 Walsh Bypass Suite 838',36,'35167'),(37,'Miss Kelly Ebert','+17276761924','pfeffer.celestino@example.net','AZ','Wisconsin','Port Lyla','4306 Walsh Bypass Suite 838',37,'35167'),(38,'Miss Kelly Ebert','+17276761924','pfeffer.celestino@example.net','AZ','Wisconsin','Port Lyla','4306 Walsh Bypass Suite 838',38,'35167'),(39,'Cole Wuckert DDS','+13157076908','customer@botble.com','CL','Wisconsin','Sporerberg','26836 Ward Center',39,'35759-2253'),(40,'Cole Wuckert DDS','+13157076908','customer@botble.com','CL','Wisconsin','Sporerberg','26836 Ward Center',40,'35759-2253'),(41,'Cole Wuckert DDS','+13157076908','customer@botble.com','CL','Wisconsin','Sporerberg','26836 Ward Center',41,'35759-2253'),(42,'Elena Luettgen','+16673029028','velva07@example.org','IE','Louisiana','East Loganport','516 Osinski Via Apt. 663',42,'17448'),(43,'Elena Luettgen','+16673029028','velva07@example.org','IE','Louisiana','East Loganport','516 Osinski Via Apt. 663',43,'17448'),(44,'Elena Luettgen','+16673029028','velva07@example.org','IE','Louisiana','East Loganport','516 Osinski Via Apt. 663',44,'17448'),(45,'Elena Luettgen','+16673029028','velva07@example.org','IE','Louisiana','East Loganport','516 Osinski Via Apt. 663',45,'17448'),(46,'Elena Luettgen','+16673029028','velva07@example.org','IE','Louisiana','East Loganport','516 Osinski Via Apt. 663',46,'17448'),(47,'Elena Luettgen','+16673029028','velva07@example.org','IE','Louisiana','East Loganport','516 Osinski Via Apt. 663',47,'17448'),(48,'Dr. Maryam Champlin V','+18386739499','douglas.schoen@example.net','FK','West Virginia','West Ferne','795 Steuber Island',48,'45294-2030'),(49,'Dr. Maryam Champlin V','+18386739499','douglas.schoen@example.net','FK','West Virginia','West Ferne','795 Steuber Island',49,'45294-2030');
/*!40000 ALTER TABLE `ec_order_addresses` ENABLE KEYS */;
UNLOCK TABLES;

--
-- Table structure for table `ec_order_histories`
--

DROP TABLE IF EXISTS `ec_order_histories`;
/*!40101 SET @saved_cs_client     = @@character_set_client */;
/*!40101 SET character_set_client = utf8 */;
CREATE TABLE `ec_order_histories` (
  `id` bigint(20) unsigned NOT NULL AUTO_INCREMENT,
  `action` varchar(120) COLLATE utf8mb4_unicode_ci NOT NULL,
  `description` varchar(255) COLLATE utf8mb4_unicode_ci NOT NULL,
  `user_id` int(10) unsigned DEFAULT NULL,
  `order_id` int(10) unsigned NOT NULL,
  `extras` text COLLATE utf8mb4_unicode_ci DEFAULT NULL,
  `created_at` timestamp NULL DEFAULT NULL,
  `updated_at` timestamp NULL DEFAULT NULL,
  PRIMARY KEY (`id`)
) ENGINE=InnoDB AUTO_INCREMENT=230 DEFAULT CHARSET=utf8mb4 COLLATE=utf8mb4_unicode_ci;
/*!40101 SET character_set_client = @saved_cs_client */;

--
-- Dumping data for table `ec_order_histories`
--

LOCK TABLES `ec_order_histories` WRITE;
/*!40000 ALTER TABLE `ec_order_histories` DISABLE KEYS */;
INSERT INTO `ec_order_histories` VALUES (1,'create_order_from_seeder','Order is created from the checkout page',NULL,1,NULL,'2021-12-30 21:14:57','2021-12-30 21:14:57'),(2,'confirm_order','Order was verified by %user_name%',0,1,NULL,'2021-12-30 21:14:57','2021-12-30 21:14:57'),(3,'confirm_payment','Payment was confirmed (amount $380.30) by %user_name%',0,1,NULL,'2022-01-04 21:14:58','2022-01-04 21:14:58'),(4,'create_shipment','Created shipment for order',0,1,NULL,'2022-01-04 21:14:58','2022-01-04 21:14:58'),(5,'update_status','Changed status of shipping to : Delivered . Updated by: %user_name%',0,1,NULL,'2022-01-04 21:14:58','2022-01-04 21:14:58'),(6,'create_order_from_seeder','Order is created from the checkout page',NULL,2,NULL,'2021-12-19 05:14:58','2021-12-19 05:14:58'),(7,'confirm_order','Order was verified by %user_name%',0,2,NULL,'2021-12-19 05:14:58','2021-12-19 05:14:58'),(8,'confirm_payment','Payment was confirmed (amount $140.80) by %user_name%',0,2,NULL,'2022-01-04 21:14:58','2022-01-04 21:14:58'),(9,'create_shipment','Created shipment for order',0,2,NULL,'2022-01-04 21:14:58','2022-01-04 21:14:58'),(10,'update_status','Changed status of shipping to : Delivered . Updated by: %user_name%',0,2,NULL,'2022-01-04 21:14:58','2022-01-04 21:14:58'),(11,'create_order_from_seeder','Order is created from the checkout page',NULL,3,NULL,'2021-12-26 09:14:58','2021-12-26 09:14:58'),(12,'confirm_order','Order was verified by %user_name%',0,3,NULL,'2021-12-26 09:14:58','2021-12-26 09:14:58'),(13,'confirm_payment','Payment was confirmed (amount $127.60) by %user_name%',0,3,NULL,'2022-01-04 21:14:58','2022-01-04 21:14:58'),(14,'create_shipment','Created shipment for order',0,3,NULL,'2022-01-04 21:14:58','2022-01-04 21:14:58'),(15,'create_order_from_seeder','Order is created from the checkout page',NULL,4,NULL,'2021-12-31 03:14:58','2021-12-31 03:14:58'),(16,'confirm_order','Order was verified by %user_name%',0,4,NULL,'2021-12-31 03:14:58','2021-12-31 03:14:58'),(17,'create_shipment','Created shipment for order',0,4,NULL,'2022-01-04 21:14:58','2022-01-04 21:14:58'),(18,'update_status','Changed status of shipping to : Delivered . Updated by: %user_name%',0,4,NULL,'2022-01-04 21:14:58','2022-01-04 21:14:58'),(19,'create_order_from_seeder','Order is created from the checkout page',NULL,5,NULL,'2022-01-03 09:14:58','2022-01-03 09:14:58'),(20,'confirm_order','Order was verified by %user_name%',0,5,NULL,'2022-01-03 09:14:58','2022-01-03 09:14:58'),(21,'confirm_payment','Payment was confirmed (amount $139.50) by %user_name%',0,5,NULL,'2022-01-04 21:14:58','2022-01-04 21:14:58'),(22,'create_shipment','Created shipment for order',0,5,NULL,'2022-01-04 21:14:58','2022-01-04 21:14:58'),(23,'update_status','Changed status of shipping to : Delivered . Updated by: %user_name%',0,5,NULL,'2022-01-04 21:14:58','2022-01-04 21:14:58'),(24,'create_order_from_seeder','Order is created from the checkout page',NULL,6,NULL,'2021-12-28 09:14:58','2021-12-28 09:14:58'),(25,'confirm_order','Order was verified by %user_name%',0,6,NULL,'2021-12-28 09:14:58','2021-12-28 09:14:58'),(26,'confirm_payment','Payment was confirmed (amount $353.40) by %user_name%',0,6,NULL,'2022-01-04 21:14:58','2022-01-04 21:14:58'),(27,'create_shipment','Created shipment for order',0,6,NULL,'2022-01-04 21:14:58','2022-01-04 21:14:58'),(28,'create_order_from_seeder','Order is created from the checkout page',NULL,7,NULL,'2021-12-24 13:14:58','2021-12-24 13:14:58'),(29,'confirm_order','Order was verified by %user_name%',0,7,NULL,'2021-12-24 13:14:58','2021-12-24 13:14:58'),(30,'confirm_payment','Payment was confirmed (amount $469.70) by %user_name%',0,7,NULL,'2022-01-04 21:14:58','2022-01-04 21:14:58'),(31,'create_shipment','Created shipment for order',0,7,NULL,'2022-01-04 21:14:58','2022-01-04 21:14:58'),(32,'create_order_from_seeder','Order is created from the checkout page',NULL,8,NULL,'2021-12-21 17:14:58','2021-12-21 17:14:58'),(33,'confirm_order','Order was verified by %user_name%',0,8,NULL,'2021-12-21 17:14:58','2021-12-21 17:14:58'),(34,'confirm_payment','Payment was confirmed (amount $396.80) by %user_name%',0,8,NULL,'2022-01-04 21:14:58','2022-01-04 21:14:58'),(35,'create_shipment','Created shipment for order',0,8,NULL,'2022-01-04 21:14:58','2022-01-04 21:14:58'),(36,'update_status','Changed status of shipping to : Delivered . Updated by: %user_name%',0,8,NULL,'2022-01-04 21:14:58','2022-01-04 21:14:58'),(37,'create_order_from_seeder','Order is created from the checkout page',NULL,9,NULL,'2021-12-27 21:14:58','2021-12-27 21:14:58'),(38,'confirm_order','Order was verified by %user_name%',0,9,NULL,'2021-12-27 21:14:58','2021-12-27 21:14:58'),(39,'confirm_payment','Payment was confirmed (amount $882.10) by %user_name%',0,9,NULL,'2022-01-04 21:14:58','2022-01-04 21:14:58'),(40,'create_shipment','Created shipment for order',0,9,NULL,'2022-01-04 21:14:58','2022-01-04 21:14:58'),(41,'create_order_from_seeder','Order is created from the checkout page',NULL,10,NULL,'2021-12-30 13:14:58','2021-12-30 13:14:58'),(42,'confirm_order','Order was verified by %user_name%',0,10,NULL,'2021-12-30 13:14:58','2021-12-30 13:14:58'),(43,'create_shipment','Created shipment for order',0,10,NULL,'2022-01-04 21:14:58','2022-01-04 21:14:58'),(44,'update_status','Changed status of shipping to : Delivered . Updated by: %user_name%',0,10,NULL,'2022-01-04 21:14:58','2022-01-04 21:14:58'),(45,'create_order_from_seeder','Order is created from the checkout page',NULL,11,NULL,'2021-12-26 13:14:58','2021-12-26 13:14:58'),(46,'confirm_order','Order was verified by %user_name%',0,11,NULL,'2021-12-26 13:14:58','2021-12-26 13:14:58'),(47,'confirm_payment','Payment was confirmed (amount $256.20) by %user_name%',0,11,NULL,'2022-01-04 21:14:58','2022-01-04 21:14:58'),(48,'create_shipment','Created shipment for order',0,11,NULL,'2022-01-04 21:14:58','2022-01-04 21:14:58'),(49,'create_order_from_seeder','Order is created from the checkout page',NULL,12,NULL,'2022-01-02 09:14:58','2022-01-02 09:14:58'),(50,'confirm_order','Order was verified by %user_name%',0,12,NULL,'2022-01-02 09:14:58','2022-01-02 09:14:58'),(51,'confirm_payment','Payment was confirmed (amount $615.90) by %user_name%',0,12,NULL,'2022-01-04 21:14:58','2022-01-04 21:14:58'),(52,'create_shipment','Created shipment for order',0,12,NULL,'2022-01-04 21:14:58','2022-01-04 21:14:58'),(53,'update_status','Changed status of shipping to : Delivered . Updated by: %user_name%',0,12,NULL,'2022-01-04 21:14:58','2022-01-04 21:14:58'),(54,'create_order_from_seeder','Order is created from the checkout page',NULL,13,NULL,'2021-12-25 21:14:58','2021-12-25 21:14:58'),(55,'confirm_order','Order was verified by %user_name%',0,13,NULL,'2021-12-25 21:14:58','2021-12-25 21:14:58'),(56,'confirm_payment','Payment was confirmed (amount $375.10) by %user_name%',0,13,NULL,'2022-01-04 21:14:58','2022-01-04 21:14:58'),(57,'create_shipment','Created shipment for order',0,13,NULL,'2022-01-04 21:14:58','2022-01-04 21:14:58'),(58,'create_order_from_seeder','Order is created from the checkout page',NULL,14,NULL,'2021-12-31 05:14:58','2021-12-31 05:14:58'),(59,'confirm_order','Order was verified by %user_name%',0,14,NULL,'2021-12-31 05:14:58','2021-12-31 05:14:58'),(60,'confirm_payment','Payment was confirmed (amount $894.50) by %user_name%',0,14,NULL,'2022-01-04 21:14:58','2022-01-04 21:14:58'),(61,'create_shipment','Created shipment for order',0,14,NULL,'2022-01-04 21:14:58','2022-01-04 21:14:58'),(62,'update_status','Changed status of shipping to : Delivered . Updated by: %user_name%',0,14,NULL,'2022-01-04 21:14:58','2022-01-04 21:14:58'),(63,'create_order_from_seeder','Order is created from the checkout page',NULL,15,NULL,'2022-01-03 19:14:58','2022-01-03 19:14:58'),(64,'confirm_order','Order was verified by %user_name%',0,15,NULL,'2022-01-03 19:14:58','2022-01-03 19:14:58'),(65,'create_shipment','Created shipment for order',0,15,NULL,'2022-01-04 21:14:58','2022-01-04 21:14:58'),(66,'update_status','Changed status of shipping to : Delivered . Updated by: %user_name%',0,15,NULL,'2022-01-04 21:14:58','2022-01-04 21:14:58'),(67,'create_order_from_seeder','Order is created from the checkout page',NULL,16,NULL,'2021-12-27 05:14:58','2021-12-27 05:14:58'),(68,'confirm_order','Order was verified by %user_name%',0,16,NULL,'2021-12-27 05:14:58','2021-12-27 05:14:58'),(69,'create_shipment','Created shipment for order',0,16,NULL,'2022-01-04 21:14:58','2022-01-04 21:14:58'),(70,'update_status','Changed status of shipping to : Delivered . Updated by: %user_name%',0,16,NULL,'2022-01-04 21:14:58','2022-01-04 21:14:58'),(71,'create_order_from_seeder','Order is created from the checkout page',NULL,17,NULL,'2021-12-30 11:14:58','2021-12-30 11:14:58'),(72,'confirm_order','Order was verified by %user_name%',0,17,NULL,'2021-12-30 11:14:58','2021-12-30 11:14:58'),(73,'confirm_payment','Payment was confirmed (amount $466.20) by %user_name%',0,17,NULL,'2022-01-04 21:14:58','2022-01-04 21:14:58'),(74,'create_shipment','Created shipment for order',0,17,NULL,'2022-01-04 21:14:58','2022-01-04 21:14:58'),(75,'create_order_from_seeder','Order is created from the checkout page',NULL,18,NULL,'2021-12-25 21:14:58','2021-12-25 21:14:58'),(76,'confirm_order','Order was verified by %user_name%',0,18,NULL,'2021-12-25 21:14:58','2021-12-25 21:14:58'),(77,'confirm_payment','Payment was confirmed (amount $521.10) by %user_name%',0,18,NULL,'2022-01-04 21:14:58','2022-01-04 21:14:58'),(78,'create_shipment','Created shipment for order',0,18,NULL,'2022-01-04 21:14:58','2022-01-04 21:14:58'),(79,'create_order_from_seeder','Order is created from the checkout page',NULL,19,NULL,'2021-12-26 21:14:58','2021-12-26 21:14:58'),(80,'confirm_order','Order was verified by %user_name%',0,19,NULL,'2021-12-26 21:14:58','2021-12-26 21:14:58'),(81,'confirm_payment','Payment was confirmed (amount $137.50) by %user_name%',0,19,NULL,'2022-01-04 21:14:58','2022-01-04 21:14:58'),(82,'create_shipment','Created shipment for order',0,19,NULL,'2022-01-04 21:14:58','2022-01-04 21:14:58'),(83,'update_status','Changed status of shipping to : Delivered . Updated by: %user_name%',0,19,NULL,'2022-01-04 21:14:58','2022-01-04 21:14:58'),(84,'create_order_from_seeder','Order is created from the checkout page',NULL,20,NULL,'2022-01-03 01:14:58','2022-01-03 01:14:58'),(85,'confirm_order','Order was verified by %user_name%',0,20,NULL,'2022-01-03 01:14:58','2022-01-03 01:14:58'),(86,'create_shipment','Created shipment for order',0,20,NULL,'2022-01-04 21:14:58','2022-01-04 21:14:58'),(87,'create_order_from_seeder','Order is created from the checkout page',NULL,21,NULL,'2022-01-02 03:14:58','2022-01-02 03:14:58'),(88,'confirm_order','Order was verified by %user_name%',0,21,NULL,'2022-01-02 03:14:58','2022-01-02 03:14:58'),(89,'confirm_payment','Payment was confirmed (amount $136.40) by %user_name%',0,21,NULL,'2022-01-04 21:14:58','2022-01-04 21:14:58'),(90,'create_shipment','Created shipment for order',0,21,NULL,'2022-01-04 21:14:58','2022-01-04 21:14:58'),(91,'update_status','Changed status of shipping to : Delivered . Updated by: %user_name%',0,21,NULL,'2022-01-04 21:14:58','2022-01-04 21:14:58'),(92,'create_order_from_seeder','Order is created from the checkout page',NULL,22,NULL,'2021-12-30 21:14:58','2021-12-30 21:14:58'),(93,'confirm_order','Order was verified by %user_name%',0,22,NULL,'2021-12-30 21:14:58','2021-12-30 21:14:58'),(94,'create_shipment','Created shipment for order',0,22,NULL,'2022-01-04 21:14:58','2022-01-04 21:14:58'),(95,'update_status','Changed status of shipping to : Delivered . Updated by: %user_name%',0,22,NULL,'2022-01-04 21:14:58','2022-01-04 21:14:58'),(96,'create_order_from_seeder','Order is created from the checkout page',NULL,23,NULL,'2022-01-01 13:14:58','2022-01-01 13:14:58'),(97,'confirm_order','Order was verified by %user_name%',0,23,NULL,'2022-01-01 13:14:58','2022-01-01 13:14:58'),(98,'create_shipment','Created shipment for order',0,23,NULL,'2022-01-04 21:14:58','2022-01-04 21:14:58'),(99,'create_order_from_seeder','Order is created from the checkout page',NULL,24,NULL,'2022-01-03 05:14:58','2022-01-03 05:14:58'),(100,'confirm_order','Order was verified by %user_name%',0,24,NULL,'2022-01-03 05:14:58','2022-01-03 05:14:58'),(101,'confirm_payment','Payment was confirmed (amount $375.10) by %user_name%',0,24,NULL,'2022-01-04 21:14:58','2022-01-04 21:14:58'),(102,'create_shipment','Created shipment for order',0,24,NULL,'2022-01-04 21:14:58','2022-01-04 21:14:58'),(103,'create_order_from_seeder','Order is created from the checkout page',NULL,25,NULL,'2022-01-04 03:14:58','2022-01-04 03:14:58'),(104,'confirm_order','Order was verified by %user_name%',0,25,NULL,'2022-01-04 03:14:58','2022-01-04 03:14:58'),(105,'confirm_payment','Payment was confirmed (amount $49.50) by %user_name%',0,25,NULL,'2022-01-04 21:14:58','2022-01-04 21:14:58'),(106,'create_shipment','Created shipment for order',0,25,NULL,'2022-01-04 21:14:58','2022-01-04 21:14:58'),(107,'create_order_from_seeder','Order is created from the checkout page',NULL,26,NULL,'2022-01-01 03:14:58','2022-01-01 03:14:58'),(108,'confirm_order','Order was verified by %user_name%',0,26,NULL,'2022-01-01 03:14:58','2022-01-01 03:14:58'),(109,'create_shipment','Created shipment for order',0,26,NULL,'2022-01-04 21:14:58','2022-01-04 21:14:58'),(110,'update_status','Changed status of shipping to : Delivered . Updated by: %user_name%',0,26,NULL,'2022-01-04 21:14:58','2022-01-04 21:14:58'),(111,'create_order_from_seeder','Order is created from the checkout page',NULL,27,NULL,'2021-12-29 21:14:58','2021-12-29 21:14:58'),(112,'confirm_order','Order was verified by %user_name%',0,27,NULL,'2021-12-29 21:14:58','2021-12-29 21:14:58'),(113,'create_shipment','Created shipment for order',0,27,NULL,'2022-01-04 21:14:58','2022-01-04 21:14:58'),(114,'update_status','Changed status of shipping to : Delivered . Updated by: %user_name%',0,27,NULL,'2022-01-04 21:14:58','2022-01-04 21:14:58'),(115,'create_order_from_seeder','Order is created from the checkout page',NULL,28,NULL,'2022-01-02 21:14:58','2022-01-02 21:14:58'),(116,'confirm_order','Order was verified by %user_name%',0,28,NULL,'2022-01-02 21:14:58','2022-01-02 21:14:58'),(117,'confirm_payment','Payment was confirmed (amount $535.40) by %user_name%',0,28,NULL,'2022-01-04 21:14:58','2022-01-04 21:14:58'),(118,'create_shipment','Created shipment for order',0,28,NULL,'2022-01-04 21:14:58','2022-01-04 21:14:58'),(119,'update_status','Changed status of shipping to : Delivered . Updated by: %user_name%',0,28,NULL,'2022-01-04 21:14:58','2022-01-04 21:14:58'),(120,'create_order_from_seeder','Order is created from the checkout page',NULL,29,NULL,'2021-12-30 13:14:58','2021-12-30 13:14:58'),(121,'confirm_order','Order was verified by %user_name%',0,29,NULL,'2021-12-30 13:14:58','2021-12-30 13:14:58'),(122,'confirm_payment','Payment was confirmed (amount $254.10) by %user_name%',0,29,NULL,'2022-01-04 21:14:58','2022-01-04 21:14:58'),(123,'create_shipment','Created shipment for order',0,29,NULL,'2022-01-04 21:14:58','2022-01-04 21:14:58'),(124,'update_status','Changed status of shipping to : Delivered . Updated by: %user_name%',0,29,NULL,'2022-01-04 21:14:58','2022-01-04 21:14:58'),(125,'create_order_from_seeder','Order is created from the checkout page',NULL,30,NULL,'2022-01-02 05:14:58','2022-01-02 05:14:58'),(126,'confirm_order','Order was verified by %user_name%',0,30,NULL,'2022-01-02 05:14:58','2022-01-02 05:14:58'),(127,'create_shipment','Created shipment for order',0,30,NULL,'2022-01-04 21:14:58','2022-01-04 21:14:58'),(128,'update_status','Changed status of shipping to : Delivered . Updated by: %user_name%',0,30,NULL,'2022-01-04 21:14:58','2022-01-04 21:14:58'),(129,'create_order_from_seeder','Order is created from the checkout page',NULL,31,NULL,'2022-01-04 07:14:58','2022-01-04 07:14:58'),(130,'confirm_order','Order was verified by %user_name%',0,31,NULL,'2022-01-04 07:14:58','2022-01-04 07:14:58'),(131,'confirm_payment','Payment was confirmed (amount $734.70) by %user_name%',0,31,NULL,'2022-01-04 21:14:58','2022-01-04 21:14:58'),(132,'create_shipment','Created shipment for order',0,31,NULL,'2022-01-04 21:14:58','2022-01-04 21:14:58'),(133,'create_order_from_seeder','Order is created from the checkout page',NULL,32,NULL,'2022-01-01 23:14:58','2022-01-01 23:14:58'),(134,'confirm_order','Order was verified by %user_name%',0,32,NULL,'2022-01-01 23:14:58','2022-01-01 23:14:58'),(135,'create_shipment','Created shipment for order',0,32,NULL,'2022-01-04 21:14:58','2022-01-04 21:14:58'),(136,'create_order_from_seeder','Order is created from the checkout page',NULL,33,NULL,'2022-01-01 09:14:58','2022-01-01 09:14:58'),(137,'confirm_order','Order was verified by %user_name%',0,33,NULL,'2022-01-01 09:14:58','2022-01-01 09:14:58'),(138,'confirm_payment','Payment was confirmed (amount $270.90) by %user_name%',0,33,NULL,'2022-01-04 21:14:58','2022-01-04 21:14:58'),(139,'create_shipment','Created shipment for order',0,33,NULL,'2022-01-04 21:14:58','2022-01-04 21:14:58'),(140,'create_order_from_seeder','Order is created from the checkout page',NULL,34,NULL,'2022-01-03 21:14:58','2022-01-03 21:14:58'),(141,'confirm_order','Order was verified by %user_name%',0,34,NULL,'2022-01-03 21:14:58','2022-01-03 21:14:58'),(142,'confirm_payment','Payment was confirmed (amount $247.50) by %user_name%',0,34,NULL,'2022-01-04 21:14:58','2022-01-04 21:14:58'),(143,'create_shipment','Created shipment for order',0,34,NULL,'2022-01-04 21:14:58','2022-01-04 21:14:58'),(144,'update_status','Changed status of shipping to : Delivered . Updated by: %user_name%',0,34,NULL,'2022-01-04 21:14:58','2022-01-04 21:14:58'),(145,'create_order_from_seeder','Order is created from the checkout page',NULL,35,NULL,'2022-01-01 09:14:58','2022-01-01 09:14:58'),(146,'confirm_order','Order was verified by %user_name%',0,35,NULL,'2022-01-01 09:14:58','2022-01-01 09:14:58'),(147,'confirm_payment','Payment was confirmed (amount $231.00) by %user_name%',0,35,NULL,'2022-01-04 21:14:58','2022-01-04 21:14:58'),(148,'create_shipment','Created shipment for order',0,35,NULL,'2022-01-04 21:14:58','2022-01-04 21:14:58'),(149,'update_status','Changed status of shipping to : Delivered . Updated by: %user_name%',0,35,NULL,'2022-01-04 21:14:58','2022-01-04 21:14:58'),(150,'create_order_from_seeder','Order is created from the checkout page',NULL,36,NULL,'2022-01-01 13:14:58','2022-01-01 13:14:58'),(151,'confirm_order','Order was verified by %user_name%',0,36,NULL,'2022-01-01 13:14:58','2022-01-01 13:14:58'),(152,'create_shipment','Created shipment for order',0,36,NULL,'2022-01-04 21:14:58','2022-01-04 21:14:58'),(153,'create_order_from_seeder','Order is created from the checkout page',NULL,37,NULL,'2022-01-03 05:14:58','2022-01-03 05:14:58'),(154,'confirm_order','Order was verified by %user_name%',0,37,NULL,'2022-01-03 05:14:58','2022-01-03 05:14:58'),(155,'confirm_payment','Payment was confirmed (amount $94.50) by %user_name%',0,37,NULL,'2022-01-04 21:14:58','2022-01-04 21:14:58'),(156,'create_shipment','Created shipment for order',0,37,NULL,'2022-01-04 21:14:58','2022-01-04 21:14:58'),(157,'update_status','Changed status of shipping to : Delivered . Updated by: %user_name%',0,37,NULL,'2022-01-04 21:14:58','2022-01-04 21:14:58'),(158,'create_order_from_seeder','Order is created from the checkout page',NULL,38,NULL,'2022-01-02 19:14:58','2022-01-02 19:14:58'),(159,'confirm_order','Order was verified by %user_name%',0,38,NULL,'2022-01-02 19:14:58','2022-01-02 19:14:58'),(160,'confirm_payment','Payment was confirmed (amount $612.40) by %user_name%',0,38,NULL,'2022-01-04 21:14:58','2022-01-04 21:14:58'),(161,'create_shipment','Created shipment for order',0,38,NULL,'2022-01-04 21:14:58','2022-01-04 21:14:58'),(162,'update_status','Changed status of shipping to : Delivered . Updated by: %user_name%',0,38,NULL,'2022-01-04 21:14:58','2022-01-04 21:14:58'),(163,'create_order_from_seeder','Order is created from the checkout page',NULL,39,NULL,'2022-01-01 13:14:58','2022-01-01 13:14:58'),(164,'confirm_order','Order was verified by %user_name%',0,39,NULL,'2022-01-01 13:14:58','2022-01-01 13:14:58'),(165,'create_shipment','Created shipment for order',0,39,NULL,'2022-01-04 21:14:58','2022-01-04 21:14:58'),(166,'create_order_from_seeder','Order is created from the checkout page',NULL,40,NULL,'2022-01-03 21:14:58','2022-01-03 21:14:58'),(167,'confirm_order','Order was verified by %user_name%',0,40,NULL,'2022-01-03 21:14:58','2022-01-03 21:14:58'),(168,'confirm_payment','Payment was confirmed (amount $136.40) by %user_name%',0,40,NULL,'2022-01-04 21:14:58','2022-01-04 21:14:58'),(169,'create_shipment','Created shipment for order',0,40,NULL,'2022-01-04 21:14:58','2022-01-04 21:14:58'),(170,'create_order_from_seeder','Order is created from the checkout page',NULL,41,NULL,'2022-01-04 05:14:58','2022-01-04 05:14:58'),(171,'confirm_order','Order was verified by %user_name%',0,41,NULL,'2022-01-04 05:14:58','2022-01-04 05:14:58'),(172,'confirm_payment','Payment was confirmed (amount $256.20) by %user_name%',0,41,NULL,'2022-01-04 21:14:58','2022-01-04 21:14:58'),(173,'create_shipment','Created shipment for order',0,41,NULL,'2022-01-04 21:14:58','2022-01-04 21:14:58'),(174,'create_order_from_seeder','Order is created from the checkout page',NULL,42,NULL,'2022-01-02 21:14:58','2022-01-02 21:14:58'),(175,'confirm_order','Order was verified by %user_name%',0,42,NULL,'2022-01-02 21:14:58','2022-01-02 21:14:58'),(176,'confirm_payment','Payment was confirmed (amount $867.80) by %user_name%',0,42,NULL,'2022-01-04 21:14:58','2022-01-04 21:14:58'),(177,'create_shipment','Created shipment for order',0,42,NULL,'2022-01-04 21:14:58','2022-01-04 21:14:58'),(178,'update_status','Changed status of shipping to : Delivered . Updated by: %user_name%',0,42,NULL,'2022-01-04 21:14:58','2022-01-04 21:14:58'),(179,'create_order_from_seeder','Order is created from the checkout page',NULL,43,NULL,'2022-01-03 03:14:58','2022-01-03 03:14:58'),(180,'confirm_order','Order was verified by %user_name%',0,43,NULL,'2022-01-03 03:14:58','2022-01-03 03:14:58'),(181,'confirm_payment','Payment was confirmed (amount $378.20) by %user_name%',0,43,NULL,'2022-01-04 21:14:58','2022-01-04 21:14:58'),(182,'create_shipment','Created shipment for order',0,43,NULL,'2022-01-04 21:14:58','2022-01-04 21:14:58'),(183,'update_status','Changed status of shipping to : Delivered . Updated by: %user_name%',0,43,NULL,'2022-01-04 21:14:58','2022-01-04 21:14:58'),(184,'create_order_from_seeder','Order is created from the checkout page',NULL,44,NULL,'2022-01-03 09:14:58','2022-01-03 09:14:58'),(185,'confirm_order','Order was verified by %user_name%',0,44,NULL,'2022-01-03 09:14:58','2022-01-03 09:14:58'),(186,'confirm_payment','Payment was confirmed (amount $239.40) by %user_name%',0,44,NULL,'2022-01-04 21:14:58','2022-01-04 21:14:58'),(187,'create_shipment','Created shipment for order',0,44,NULL,'2022-01-04 21:14:58','2022-01-04 21:14:58'),(188,'update_status','Changed status of shipping to : Delivered . Updated by: %user_name%',0,44,NULL,'2022-01-04 21:14:58','2022-01-04 21:14:58'),(189,'create_order_from_seeder','Order is created from the checkout page',NULL,45,NULL,'2022-01-04 05:14:58','2022-01-04 05:14:58'),(190,'confirm_order','Order was verified by %user_name%',0,45,NULL,'2022-01-04 05:14:58','2022-01-04 05:14:58'),(191,'confirm_payment','Payment was confirmed (amount $262.50) by %user_name%',0,45,NULL,'2022-01-04 21:14:58','2022-01-04 21:14:58'),(192,'create_shipment','Created shipment for order',0,45,NULL,'2022-01-04 21:14:58','2022-01-04 21:14:58'),(193,'create_order_from_seeder','Order is created from the checkout page',NULL,46,NULL,'2022-01-03 09:14:58','2022-01-03 09:14:58'),(194,'confirm_order','Order was verified by %user_name%',0,46,NULL,'2022-01-03 09:14:58','2022-01-03 09:14:58'),(195,'confirm_payment','Payment was confirmed (amount $133.10) by %user_name%',0,46,NULL,'2022-01-04 21:14:58','2022-01-04 21:14:58'),(196,'create_shipment','Created shipment for order',0,46,NULL,'2022-01-04 21:14:58','2022-01-04 21:14:58'),(197,'update_status','Changed status of shipping to : Delivered . Updated by: %user_name%',0,46,NULL,'2022-01-04 21:14:58','2022-01-04 21:14:58'),(198,'create_order_from_seeder','Order is created from the checkout page',NULL,47,NULL,'2022-01-04 01:14:58','2022-01-04 01:14:58'),(199,'confirm_order','Order was verified by %user_name%',0,47,NULL,'2022-01-04 01:14:58','2022-01-04 01:14:58'),(200,'confirm_payment','Payment was confirmed (amount $396.80) by %user_name%',0,47,NULL,'2022-01-04 21:14:58','2022-01-04 21:14:58'),(201,'create_shipment','Created shipment for order',0,47,NULL,'2022-01-04 21:14:58','2022-01-04 21:14:58'),(202,'create_order_from_seeder','Order is created from the checkout page',NULL,48,NULL,'2022-01-04 15:14:58','2022-01-04 15:14:58'),(203,'confirm_order','Order was verified by %user_name%',0,48,NULL,'2022-01-04 15:14:58','2022-01-04 15:14:58'),(204,'confirm_payment','Payment was confirmed (amount $772.90) by %user_name%',0,48,NULL,'2022-01-04 21:14:58','2022-01-04 21:14:58'),(205,'create_shipment','Created shipment for order',0,48,NULL,'2022-01-04 21:14:58','2022-01-04 21:14:58'),(206,'update_status','Changed status of shipping to : Delivered . Updated by: %user_name%',0,48,NULL,'2022-01-04 21:14:58','2022-01-04 21:14:58'),(207,'create_order_from_seeder','Order is created from the checkout page',NULL,49,NULL,'2022-01-04 11:14:58','2022-01-04 11:14:58'),(208,'confirm_order','Order was verified by %user_name%',0,49,NULL,'2022-01-04 11:14:58','2022-01-04 11:14:58'),(209,'create_shipment','Created shipment for order',0,49,NULL,'2022-01-04 21:14:58','2022-01-04 21:14:58'),(210,'update_status','Changed status of shipping to : Delivered . Updated by: %user_name%',0,49,NULL,'2022-01-04 21:14:58','2022-01-04 21:14:58'),(211,'update_status','Order confirmed by %user_name%',0,1,NULL,'2022-01-04 21:14:58','2022-01-04 21:14:58'),(212,'update_status','Order confirmed by %user_name%',0,2,NULL,'2022-01-04 21:14:59','2022-01-04 21:14:59'),(213,'update_status','Order confirmed by %user_name%',0,5,NULL,'2022-01-04 21:14:59','2022-01-04 21:14:59'),(214,'update_status','Order confirmed by %user_name%',0,8,NULL,'2022-01-04 21:14:59','2022-01-04 21:14:59'),(215,'update_status','Order confirmed by %user_name%',0,12,NULL,'2022-01-04 21:14:59','2022-01-04 21:14:59'),(216,'update_status','Order confirmed by %user_name%',0,14,NULL,'2022-01-04 21:14:59','2022-01-04 21:14:59'),(217,'update_status','Order confirmed by %user_name%',0,19,NULL,'2022-01-04 21:14:59','2022-01-04 21:14:59'),(218,'update_status','Order confirmed by %user_name%',0,21,NULL,'2022-01-04 21:14:59','2022-01-04 21:14:59'),(219,'update_status','Order confirmed by %user_name%',0,28,NULL,'2022-01-04 21:15:00','2022-01-04 21:15:00'),(220,'update_status','Order confirmed by %user_name%',0,29,NULL,'2022-01-04 21:15:00','2022-01-04 21:15:00'),(221,'update_status','Order confirmed by %user_name%',0,34,NULL,'2022-01-04 21:15:00','2022-01-04 21:15:00'),(222,'update_status','Order confirmed by %user_name%',0,35,NULL,'2022-01-04 21:15:00','2022-01-04 21:15:00'),(223,'update_status','Order confirmed by %user_name%',0,37,NULL,'2022-01-04 21:15:00','2022-01-04 21:15:00'),(224,'update_status','Order confirmed by %user_name%',0,38,NULL,'2022-01-04 21:15:00','2022-01-04 21:15:00'),(225,'update_status','Order confirmed by %user_name%',0,42,NULL,'2022-01-04 21:15:00','2022-01-04 21:15:00'),(226,'update_status','Order confirmed by %user_name%',0,43,NULL,'2022-01-04 21:15:01','2022-01-04 21:15:01'),(227,'update_status','Order confirmed by %user_name%',0,44,NULL,'2022-01-04 21:15:01','2022-01-04 21:15:01'),(228,'update_status','Order confirmed by %user_name%',0,46,NULL,'2022-01-04 21:15:01','2022-01-04 21:15:01'),(229,'update_status','Order confirmed by %user_name%',0,48,NULL,'2022-01-04 21:15:01','2022-01-04 21:15:01');
/*!40000 ALTER TABLE `ec_order_histories` ENABLE KEYS */;
UNLOCK TABLES;

--
-- Table structure for table `ec_order_product`
--

DROP TABLE IF EXISTS `ec_order_product`;
/*!40101 SET @saved_cs_client     = @@character_set_client */;
/*!40101 SET character_set_client = utf8 */;
CREATE TABLE `ec_order_product` (
  `id` bigint(20) unsigned NOT NULL AUTO_INCREMENT,
  `order_id` int(10) unsigned NOT NULL,
  `qty` int(11) NOT NULL,
  `price` decimal(15,2) NOT NULL,
  `tax_amount` decimal(15,2) NOT NULL,
  `options` text COLLATE utf8mb4_unicode_ci DEFAULT NULL,
  `product_id` int(10) unsigned DEFAULT NULL,
  `product_name` varchar(191) COLLATE utf8mb4_unicode_ci NOT NULL,
  `weight` double(8,2) DEFAULT 0.00,
  `restock_quantity` int(10) unsigned DEFAULT 0,
  `created_at` timestamp NULL DEFAULT NULL,
  `updated_at` timestamp NULL DEFAULT NULL,
  PRIMARY KEY (`id`)
) ENGINE=InnoDB AUTO_INCREMENT=64 DEFAULT CHARSET=utf8mb4 COLLATE=utf8mb4_unicode_ci;
/*!40101 SET character_set_client = @saved_cs_client */;

--
-- Dumping data for table `ec_order_product`
--

LOCK TABLES `ec_order_product` WRITE;
/*!40000 ALTER TABLE `ec_order_product` DISABLE KEYS */;
INSERT INTO `ec_order_product` VALUES (1,1,1,130.00,13.00,'[]',43,'Canada Dry Ginger Ale – 2 L Bottle',783.00,0,'2022-01-04 21:14:58','2022-01-04 21:14:58'),(2,1,2,113.00,11.30,'[]',84,'Colorful Banana',1506.00,0,'2022-01-04 21:14:58','2022-01-04 21:14:58'),(3,2,1,128.00,12.80,'[]',82,'Organic Cage-Free Grade A Large Brown Eggs',553.00,0,'2022-01-04 21:14:58','2022-01-04 21:14:58'),(4,3,1,116.00,11.60,'[]',63,'Foster Farms Takeout Crispy Classic Buffalo Wings',708.00,0,'2022-01-04 21:14:58','2022-01-04 21:14:58'),(5,4,2,122.00,12.20,'[]',68,'All Natural Italian-Style Chicken Meatballs',1176.00,0,'2022-01-04 21:14:58','2022-01-04 21:14:58'),(6,5,3,45.00,4.50,'[]',38,'Blue Diamond Almonds Lightly',1572.00,0,'2022-01-04 21:14:58','2022-01-04 21:14:58'),(7,6,3,114.00,11.40,'[]',74,'Simply Lemonade with Raspberry Juice',2082.00,0,'2022-01-04 21:14:58','2022-01-04 21:14:58'),(8,7,1,427.00,42.70,'[]',31,'All Natural Italian-Style Chicken Meatballs',612.00,0,'2022-01-04 21:14:58','2022-01-04 21:14:58'),(9,8,3,128.00,12.80,'[]',82,'Organic Cage-Free Grade A Large Brown Eggs',1659.00,0,'2022-01-04 21:14:58','2022-01-04 21:14:58'),(10,9,2,237.00,23.70,'[]',25,'Seeds of Change Organic Quinoe',1722.00,0,'2022-01-04 21:14:58','2022-01-04 21:14:58'),(11,9,3,124.00,12.40,'[]',57,'Naturally Flavored Cinnamon Vanilla Light Roast Coffee',1758.00,0,'2022-01-04 21:14:58','2022-01-04 21:14:58'),(12,10,2,351.00,35.10,'[]',32,'Angie’s Boomchickapop Sweet & Salty Kettle Corn',1356.00,0,'2022-01-04 21:14:58','2022-01-04 21:14:58'),(13,11,2,122.00,12.20,'[]',69,'All Natural Italian-Style Chicken Meatballs',1176.00,0,'2022-01-04 21:14:58','2022-01-04 21:14:58'),(14,12,2,125.00,12.50,'[]',54,'Nestle Original Coffee-Mate Coffee Creamer',1584.00,0,'2022-01-04 21:14:58','2022-01-04 21:14:58'),(15,12,3,114.00,11.40,'[]',71,'Simply Lemonade with Raspberry Juice',2082.00,0,'2022-01-04 21:14:58','2022-01-04 21:14:58'),(16,13,2,121.00,12.10,'[]',75,'Perdue Simply Smart Organics Gluten Free',1146.00,0,'2022-01-04 21:14:58','2022-01-04 21:14:58'),(17,13,1,110.00,11.00,'[]',88,'Signature Wood-Fired Mushroom and Caramelized',626.00,0,'2022-01-04 21:14:58','2022-01-04 21:14:58'),(18,14,2,237.00,23.70,'[]',25,'Seeds of Change Organic Quinoe',1722.00,0,'2022-01-04 21:14:58','2022-01-04 21:14:58'),(19,14,3,128.00,12.80,'[]',82,'Organic Cage-Free Grade A Large Brown Eggs',1659.00,0,'2022-01-04 21:14:58','2022-01-04 21:14:58'),(20,15,3,122.00,12.20,'[]',67,'All Natural Italian-Style Chicken Meatballs',1764.00,0,'2022-01-04 21:14:58','2022-01-04 21:14:58'),(21,16,1,121.00,12.10,'[]',75,'Perdue Simply Smart Organics Gluten Free',573.00,0,'2022-01-04 21:14:58','2022-01-04 21:14:58'),(22,17,2,111.00,11.10,'[]',76,'Chen Watermelon',1274.00,0,'2022-01-04 21:14:58','2022-01-04 21:14:58'),(23,17,2,111.00,11.10,'[]',77,'Chen Watermelon',1274.00,0,'2022-01-04 21:14:58','2022-01-04 21:14:58'),(24,18,1,237.00,23.70,'[]',27,'Seeds of Change Organic Quinoe',861.00,0,'2022-01-04 21:14:58','2022-01-04 21:14:58'),(25,18,2,124.00,12.40,'[]',57,'Naturally Flavored Cinnamon Vanilla Light Roast Coffee',1172.00,0,'2022-01-04 21:14:58','2022-01-04 21:14:58'),(26,19,1,125.00,12.50,'[]',54,'Nestle Original Coffee-Mate Coffee Creamer',792.00,0,'2022-01-04 21:14:58','2022-01-04 21:14:58'),(27,20,3,237.00,23.70,'[]',25,'Seeds of Change Organic Quinoe',2583.00,0,'2022-01-04 21:14:58','2022-01-04 21:14:58'),(28,21,1,124.00,12.40,'[]',44,'Encore Seafoods Stuffed Alaskan',876.00,0,'2022-01-04 21:14:58','2022-01-04 21:14:58'),(29,22,3,121.00,12.10,'[]',47,'Gorton’s Beer Battered Fish Fillets',2109.00,0,'2022-01-04 21:14:58','2022-01-04 21:14:58'),(30,23,2,392.00,39.20,'[]',49,'Haagen-Dazs Caramel Cone Ice Cream',1114.00,0,'2022-01-04 21:14:58','2022-01-04 21:14:58'),(31,24,3,121.00,12.10,'[]',75,'Perdue Simply Smart Organics Gluten Free',1719.00,0,'2022-01-04 21:14:58','2022-01-04 21:14:58'),(32,25,1,45.00,4.50,'[]',38,'Blue Diamond Almonds Lightly',524.00,0,'2022-01-04 21:14:58','2022-01-04 21:14:58'),(33,26,1,130.00,13.00,'[]',42,'Canada Dry Ginger Ale – 2 L Bottle',783.00,0,'2022-01-04 21:14:58','2022-01-04 21:14:58'),(34,27,3,128.00,12.80,'[]',80,'Organic Cage-Free Grade A Large Brown Eggs',1659.00,0,'2022-01-04 21:14:58','2022-01-04 21:14:58'),(35,28,3,86.00,8.60,'[]',36,'Foster Farms Takeout Crispy Classic',1917.00,0,'2022-01-04 21:14:58','2022-01-04 21:14:58'),(36,28,2,128.00,12.80,'[]',81,'Organic Cage-Free Grade A Large Brown Eggs',1106.00,0,'2022-01-04 21:14:58','2022-01-04 21:14:58'),(37,29,2,121.00,12.10,'[]',75,'Perdue Simply Smart Organics Gluten Free',1146.00,0,'2022-01-04 21:14:58','2022-01-04 21:14:58'),(38,30,2,111.00,11.10,'[]',76,'Chen Watermelon',1274.00,0,'2022-01-04 21:14:58','2022-01-04 21:14:58'),(39,31,3,237.00,23.70,'[]',29,'Seeds of Change Organic Quinoe',2583.00,0,'2022-01-04 21:14:58','2022-01-04 21:14:58'),(40,32,3,59.00,5.90,'[]',41,'Chobani Complete Vanilla Greek',2580.00,0,'2022-01-04 21:14:58','2022-01-04 21:14:58'),(41,32,1,130.00,13.00,'[]',43,'Canada Dry Ginger Ale – 2 L Bottle',783.00,0,'2022-01-04 21:14:58','2022-01-04 21:14:58'),(42,33,2,129.00,12.90,'[]',61,'Oroweat Country Buttermilk Bread',1334.00,0,'2022-01-04 21:14:58','2022-01-04 21:14:58'),(43,34,1,114.00,11.40,'[]',71,'Simply Lemonade with Raspberry Juice',694.00,0,'2022-01-04 21:14:58','2022-01-04 21:14:58'),(44,34,1,111.00,11.10,'[]',78,'Chen Watermelon',637.00,0,'2022-01-04 21:14:58','2022-01-04 21:14:58'),(45,35,2,110.00,11.00,'[]',88,'Signature Wood-Fired Mushroom and Caramelized',1252.00,0,'2022-01-04 21:14:58','2022-01-04 21:14:58'),(46,36,3,237.00,23.70,'[]',25,'Seeds of Change Organic Quinoe',2583.00,0,'2022-01-04 21:14:58','2022-01-04 21:14:58'),(47,37,2,45.00,4.50,'[]',38,'Blue Diamond Almonds Lightly',1048.00,0,'2022-01-04 21:14:58','2022-01-04 21:14:58'),(48,38,3,121.00,12.10,'[]',75,'Perdue Simply Smart Organics Gluten Free',1719.00,0,'2022-01-04 21:14:58','2022-01-04 21:14:58'),(49,38,2,113.00,11.30,'[]',86,'Colorful Banana',1506.00,0,'2022-01-04 21:14:58','2022-01-04 21:14:58'),(50,39,1,125.00,12.50,'[]',54,'Nestle Original Coffee-Mate Coffee Creamer',792.00,0,'2022-01-04 21:14:58','2022-01-04 21:14:58'),(51,40,1,124.00,12.40,'[]',57,'Naturally Flavored Cinnamon Vanilla Light Roast Coffee',586.00,0,'2022-01-04 21:14:58','2022-01-04 21:14:58'),(52,41,2,122.00,12.20,'[]',67,'All Natural Italian-Style Chicken Meatballs',1176.00,0,'2022-01-04 21:14:58','2022-01-04 21:14:58'),(53,42,3,237.00,23.70,'[]',28,'Seeds of Change Organic Quinoe',2583.00,0,'2022-01-04 21:14:58','2022-01-04 21:14:58'),(54,42,1,121.00,12.10,'[]',47,'Gorton’s Beer Battered Fish Fillets',703.00,0,'2022-01-04 21:14:58','2022-01-04 21:14:58'),(55,43,3,122.00,12.20,'[]',69,'All Natural Italian-Style Chicken Meatballs',1764.00,0,'2022-01-04 21:14:58','2022-01-04 21:14:58'),(56,44,2,114.00,11.40,'[]',71,'Simply Lemonade with Raspberry Juice',1388.00,0,'2022-01-04 21:14:58','2022-01-04 21:14:58'),(57,45,2,125.00,12.50,'[]',52,'Nestle Original Coffee-Mate Coffee Creamer',1584.00,0,'2022-01-04 21:14:58','2022-01-04 21:14:58'),(58,46,1,121.00,12.10,'[]',75,'Perdue Simply Smart Organics Gluten Free',573.00,0,'2022-01-04 21:14:58','2022-01-04 21:14:58'),(59,47,3,128.00,12.80,'[]',80,'Organic Cage-Free Grade A Large Brown Eggs',1659.00,0,'2022-01-04 21:14:58','2022-01-04 21:14:58'),(60,48,2,237.00,23.70,'[]',28,'Seeds of Change Organic Quinoe',1722.00,0,'2022-01-04 21:14:58','2022-01-04 21:14:58'),(61,48,1,86.00,8.60,'[]',35,'Foster Farms Takeout Crispy Classic',639.00,0,'2022-01-04 21:14:58','2022-01-04 21:14:58'),(62,48,2,86.00,8.60,'[]',36,'Foster Farms Takeout Crispy Classic',1278.00,0,'2022-01-04 21:14:58','2022-01-04 21:14:58'),(63,49,2,427.00,42.70,'[]',31,'All Natural Italian-Style Chicken Meatballs',1224.00,0,'2022-01-04 21:14:58','2022-01-04 21:14:58');
/*!40000 ALTER TABLE `ec_order_product` ENABLE KEYS */;
UNLOCK TABLES;

--
-- Table structure for table `ec_orders`
--

DROP TABLE IF EXISTS `ec_orders`;
/*!40101 SET @saved_cs_client     = @@character_set_client */;
/*!40101 SET character_set_client = utf8 */;
CREATE TABLE `ec_orders` (
  `id` bigint(20) unsigned NOT NULL AUTO_INCREMENT,
  `user_id` int(10) unsigned NOT NULL,
  `shipping_option` varchar(60) COLLATE utf8mb4_unicode_ci DEFAULT NULL,
  `shipping_method` varchar(60) COLLATE utf8mb4_unicode_ci NOT NULL DEFAULT 'default',
  `status` varchar(120) COLLATE utf8mb4_unicode_ci NOT NULL DEFAULT 'pending',
  `amount` decimal(15,2) NOT NULL,
  `tax_amount` decimal(15,2) DEFAULT NULL,
  `shipping_amount` decimal(15,2) DEFAULT NULL,
  `description` text COLLATE utf8mb4_unicode_ci DEFAULT NULL,
  `coupon_code` varchar(120) COLLATE utf8mb4_unicode_ci DEFAULT NULL,
  `discount_amount` decimal(15,2) DEFAULT NULL,
  `sub_total` decimal(15,2) NOT NULL,
  `is_confirmed` tinyint(1) NOT NULL DEFAULT 0,
  `discount_description` varchar(255) COLLATE utf8mb4_unicode_ci DEFAULT NULL,
  `is_finished` tinyint(1) DEFAULT 1,
  `token` varchar(120) COLLATE utf8mb4_unicode_ci DEFAULT NULL,
  `payment_id` int(10) unsigned DEFAULT NULL,
  `created_at` timestamp NULL DEFAULT NULL,
  `updated_at` timestamp NULL DEFAULT NULL,
  `store_id` int(10) unsigned DEFAULT NULL,
  PRIMARY KEY (`id`)
) ENGINE=InnoDB AUTO_INCREMENT=50 DEFAULT CHARSET=utf8mb4 COLLATE=utf8mb4_unicode_ci;
/*!40101 SET character_set_client = @saved_cs_client */;

--
-- Dumping data for table `ec_orders`
--

LOCK TABLES `ec_orders` WRITE;
/*!40000 ALTER TABLE `ec_orders` DISABLE KEYS */;
INSERT INTO `ec_orders` VALUES (1,9,'1','default','completed',380.30,24.30,0.00,NULL,NULL,0.00,356.00,1,NULL,1,'amq4IqorhsizhsHQebfn5LE8ls7z6',1,'2021-12-30 21:14:57','2022-01-04 21:14:58',2),(2,9,'1','default','completed',140.80,12.80,0.00,NULL,NULL,0.00,128.00,1,NULL,1,'wRoSBjO5LxttPx0dAX8PSvA4EakFm',2,'2021-12-19 05:14:58','2022-01-04 21:14:58',3),(3,1,'1','default','pending',127.60,11.60,0.00,NULL,NULL,0.00,116.00,1,NULL,1,'Um5hrEiQOskF0wlEJuVdP8lMHGgy2',3,'2021-12-26 09:14:58','2022-01-04 21:14:58',2),(4,1,'1','default','pending',256.20,12.20,0.00,NULL,NULL,0.00,244.00,1,NULL,1,'P72C2SuXZR0So00xHT9ZXdE8kzSQ5',4,'2021-12-31 03:14:58','2022-01-04 21:14:58',5),(5,9,'1','default','completed',139.50,4.50,0.00,NULL,NULL,0.00,135.00,1,NULL,1,'m0SQST8o2jnqv5RdCDDrM7Cugwhto',5,'2022-01-03 09:14:58','2022-01-04 21:14:59',1),(6,9,'1','default','pending',353.40,11.40,0.00,NULL,NULL,0.00,342.00,1,NULL,1,'hu34z0D1Bk6K0BxViooQBUppABb4f',6,'2021-12-28 09:14:58','2022-01-04 21:14:58',4),(7,9,'1','default','pending',469.70,42.70,0.00,NULL,NULL,0.00,427.00,1,NULL,1,'5NYfLoG9EIBdWtY3dPZhrhx9MenAA',7,'2021-12-24 13:14:58','2022-01-04 21:14:58',1),(8,9,'1','default','completed',396.80,12.80,0.00,NULL,NULL,0.00,384.00,1,NULL,1,'D1biebBW26wRtkqGqrgOSRcGEiZs0',8,'2021-12-21 17:14:58','2022-01-04 21:14:59',3),(9,1,'1','default','pending',882.10,36.10,0.00,NULL,NULL,0.00,846.00,1,NULL,1,'PuV10x4z81rHAXckmFaFTODSB9cER',9,'2021-12-27 21:14:58','2022-01-04 21:14:58',3),(10,1,'1','default','pending',737.10,35.10,0.00,NULL,NULL,0.00,702.00,1,NULL,1,'f7RWZdTsQqPF1YXJIMHtC4ABIBkaY',10,'2021-12-30 13:14:58','2022-01-04 21:14:58',4),(11,1,'1','default','pending',256.20,12.20,0.00,NULL,NULL,0.00,244.00,1,NULL,1,'gWmUfVFnC5TcBoDgyQZfPDBDgEjgd',11,'2021-12-26 13:14:58','2022-01-04 21:14:58',5),(12,5,'1','default','completed',615.90,23.90,0.00,NULL,NULL,0.00,592.00,1,NULL,1,'8EWTR0oJ3F71k9BMIwE7LmGcH4NfE',12,'2022-01-02 09:14:58','2022-01-04 21:14:59',4),(13,5,'1','default','pending',375.10,23.10,0.00,NULL,NULL,0.00,352.00,1,NULL,1,'llb2XMqDm18KWdTbIwgkahXSSuALQ',13,'2021-12-25 21:14:58','2022-01-04 21:14:58',2),(14,1,'1','default','completed',894.50,36.50,0.00,NULL,NULL,0.00,858.00,1,NULL,1,'hyeIF8rDbaDGfzUWWunavE8BjK1M6',14,'2021-12-31 05:14:58','2022-01-04 21:14:59',3),(15,6,'1','default','pending',378.20,12.20,0.00,NULL,NULL,0.00,366.00,1,NULL,1,'n1SVw5LGksICE27leyt6BXVfsplfo',15,'2022-01-03 19:14:58','2022-01-04 21:14:58',5),(16,6,'1','default','pending',133.10,12.10,0.00,NULL,NULL,0.00,121.00,1,NULL,1,'Hqnphr6tYQxdsIX4daHxZLkxmw34L',16,'2021-12-27 05:14:58','2022-01-04 21:14:58',2),(17,6,'1','default','pending',466.20,22.20,0.00,NULL,NULL,0.00,444.00,1,NULL,1,'g0BpeLN9YC389pswWosjwYpYHV15t',17,'2021-12-30 11:14:58','2022-01-04 21:14:58',4),(18,1,'1','default','pending',521.10,36.10,0.00,NULL,NULL,0.00,485.00,1,NULL,1,'O7KcKvXn1IyKwFUXUM0uRyEwuc3ST',18,'2021-12-25 21:14:58','2022-01-04 21:14:58',3),(19,1,'1','default','completed',137.50,12.50,0.00,NULL,NULL,0.00,125.00,1,NULL,1,'CLpiMAeEBYnbHYmWT3y76f8VYpLG8',19,'2021-12-26 21:14:58','2022-01-04 21:14:59',4),(20,5,'1','default','pending',734.70,23.70,0.00,NULL,NULL,0.00,711.00,1,NULL,1,'OXkRSQStO72f0sbAgxnNn6Xfebvz0',20,'2022-01-03 01:14:58','2022-01-04 21:14:58',3),(21,5,'1','default','completed',136.40,12.40,0.00,NULL,NULL,0.00,124.00,1,NULL,1,'wxl5bsgvcwHA7XxStHPuXb2t5Emlo',21,'2022-01-02 03:14:58','2022-01-04 21:14:59',1),(22,4,'1','default','pending',375.10,12.10,0.00,NULL,NULL,0.00,363.00,1,NULL,1,'mtN59yZDkJxh81fIryemu14WZ1j5i',22,'2021-12-30 21:14:58','2022-01-04 21:14:58',3),(23,4,'1','default','pending',823.20,39.20,0.00,NULL,NULL,0.00,784.00,1,NULL,1,'myZxn1GmpwGcPMIY05yOVX8PDILFy',23,'2022-01-01 13:14:58','2022-01-04 21:14:58',1),(24,4,'1','default','pending',375.10,12.10,0.00,NULL,NULL,0.00,363.00,1,NULL,1,'GVddiIRRX2pwzr4motbbrTtYdDV8s',24,'2022-01-03 05:14:58','2022-01-04 21:14:58',2),(25,9,'1','default','pending',49.50,4.50,0.00,NULL,NULL,0.00,45.00,1,NULL,1,'01e1k9f1cUcmZuHkymdMYBhgoW91J',25,'2022-01-04 03:14:58','2022-01-04 21:14:58',1),(26,9,'1','default','pending',143.00,13.00,0.00,NULL,NULL,0.00,130.00,1,NULL,1,'5z4ORMrzi9lvj3lRbXUzq68grAT3m',26,'2022-01-01 03:14:58','2022-01-04 21:14:58',2),(27,9,'1','default','pending',396.80,12.80,0.00,NULL,NULL,0.00,384.00,1,NULL,1,'kPHSwiJ2tggnuUMA4Fbo707WWgm04',27,'2021-12-29 21:14:58','2022-01-04 21:14:58',3),(28,4,'1','default','completed',535.40,21.40,0.00,NULL,NULL,0.00,514.00,1,NULL,1,'csKkayb37R1MsWPpWAJVuQtxfbfe1',28,'2022-01-02 21:14:58','2022-01-04 21:15:00',3),(29,4,'1','default','completed',254.10,12.10,0.00,NULL,NULL,0.00,242.00,1,NULL,1,'nbuaIYzXGXBQu4rWrSYNSb4kaXBiM',29,'2021-12-30 13:14:58','2022-01-04 21:15:00',2),(30,4,'1','default','pending',233.10,11.10,0.00,NULL,NULL,0.00,222.00,1,NULL,1,'s8JKPSz9wtgDjqel9FCrzrv8nGqKK',30,'2022-01-02 05:14:58','2022-01-04 21:14:58',4),(31,9,'1','default','pending',734.70,23.70,0.00,NULL,NULL,0.00,711.00,1,NULL,1,'8gYZBokIGFW7l81AIPrJVkR92reZ4',31,'2022-01-04 07:14:58','2022-01-04 21:14:58',3),(32,9,'1','default','pending',325.90,18.90,0.00,NULL,NULL,0.00,307.00,1,NULL,1,'tdnjJYSM7wEtpoaXhlrac7sIOgTuI',32,'2022-01-01 23:14:58','2022-01-04 21:14:58',2),(33,9,'1','default','pending',270.90,12.90,0.00,NULL,NULL,0.00,258.00,1,NULL,1,'7O6drCm9do8XYHlbPtAk3PXEX6qqi',33,'2022-01-01 09:14:58','2022-01-04 21:14:58',5),(34,1,'1','default','completed',247.50,22.50,0.00,NULL,NULL,0.00,225.00,1,NULL,1,'wNr2lXJnrRiH6QGkSdUbr166Js62N',34,'2022-01-03 21:14:58','2022-01-04 21:15:00',4),(35,1,'1','default','completed',231.00,11.00,0.00,NULL,NULL,0.00,220.00,1,NULL,1,'Iu972T6xwTljAKbynzRGjngGddS9y',35,'2022-01-01 09:14:58','2022-01-04 21:15:00',2),(36,6,'1','default','pending',734.70,23.70,0.00,NULL,NULL,0.00,711.00,1,NULL,1,'2ylrFAijsyFzIdJh96fwtSeocM2cB',36,'2022-01-01 13:14:58','2022-01-04 21:14:58',3),(37,6,'1','default','completed',94.50,4.50,0.00,NULL,NULL,0.00,90.00,1,NULL,1,'6EqZGVqwGAzkpVpMpDKzLlqxbk9Q7',37,'2022-01-03 05:14:58','2022-01-04 21:15:00',1),(38,6,'1','default','completed',612.40,23.40,0.00,NULL,NULL,0.00,589.00,1,NULL,1,'pO0Zg5wvbA9CgQFsDFDuDu4DIlro3',38,'2022-01-02 19:14:58','2022-01-04 21:15:00',2),(39,1,'1','default','pending',137.50,12.50,0.00,NULL,NULL,0.00,125.00,1,NULL,1,'X1IR8qkmJ1c4iNV4J1fAhvWyrKeTJ',39,'2022-01-01 13:14:58','2022-01-04 21:14:58',4),(40,1,'1','default','pending',136.40,12.40,0.00,NULL,NULL,0.00,124.00,1,NULL,1,'TdjI5GJP6pv8fc6HjDcy9yqa3bERI',40,'2022-01-03 21:14:58','2022-01-04 21:14:58',3),(41,1,'1','default','pending',256.20,12.20,0.00,NULL,NULL,0.00,244.00,1,NULL,1,'vI5rkiVSHJ5GKfmBDhfyX557tCRfl',41,'2022-01-04 05:14:58','2022-01-04 21:14:58',5),(42,4,'1','default','completed',867.80,35.80,0.00,NULL,NULL,0.00,832.00,1,NULL,1,'NLXiVzoYHmUof2Vrr2o62n91doANu',42,'2022-01-02 21:14:58','2022-01-04 21:15:00',3),(43,4,'1','default','completed',378.20,12.20,0.00,NULL,NULL,0.00,366.00,1,NULL,1,'pyscKjf2GWCQEnUCX85fGWQkp18DG',43,'2022-01-03 03:14:58','2022-01-04 21:15:01',5),(44,4,'1','default','completed',239.40,11.40,0.00,NULL,NULL,0.00,228.00,1,NULL,1,'jPXjytw9zsCmzTYduFrW7bGCOYviM',44,'2022-01-03 09:14:58','2022-01-04 21:15:01',4),(45,4,'1','default','pending',262.50,12.50,0.00,NULL,NULL,0.00,250.00,1,NULL,1,'DnJKQkgjKZHLTAcMiBjUsQCEU2cxD',45,'2022-01-04 05:14:58','2022-01-04 21:14:58',4),(46,4,'1','default','completed',133.10,12.10,0.00,NULL,NULL,0.00,121.00,1,NULL,1,'vJA3txjwlv1sGL6ApBtQAYXVCPyoJ',46,'2022-01-03 09:14:58','2022-01-04 21:15:01',2),(47,4,'1','default','pending',396.80,12.80,0.00,NULL,NULL,0.00,384.00,1,NULL,1,'9qPeyBAwAUpWFyoFgCgAZ9hywoHXU',47,'2022-01-04 01:14:58','2022-01-04 21:14:58',3),(48,5,'1','default','completed',772.90,40.90,0.00,NULL,NULL,0.00,732.00,1,NULL,1,'gXehy79npfK2CkFL10wHdSMYNHllb',48,'2022-01-04 15:14:58','2022-01-04 21:15:01',3),(49,5,'1','default','pending',896.70,42.70,0.00,NULL,NULL,0.00,854.00,1,NULL,1,'Apl3oN2xsXBeB5s5xPZv24CT2LxmH',49,'2022-01-04 11:14:58','2022-01-04 21:14:58',1);
/*!40000 ALTER TABLE `ec_orders` ENABLE KEYS */;
UNLOCK TABLES;

--
-- Table structure for table `ec_product_attribute_sets`
--

DROP TABLE IF EXISTS `ec_product_attribute_sets`;
/*!40101 SET @saved_cs_client     = @@character_set_client */;
/*!40101 SET character_set_client = utf8 */;
CREATE TABLE `ec_product_attribute_sets` (
  `id` bigint(20) unsigned NOT NULL AUTO_INCREMENT,
  `title` varchar(120) COLLATE utf8mb4_unicode_ci NOT NULL,
  `slug` varchar(120) COLLATE utf8mb4_unicode_ci DEFAULT NULL,
  `display_layout` varchar(191) COLLATE utf8mb4_unicode_ci NOT NULL DEFAULT 'swatch_dropdown',
  `is_searchable` tinyint(3) unsigned NOT NULL DEFAULT 1,
  `is_comparable` tinyint(3) unsigned NOT NULL DEFAULT 1,
  `is_use_in_product_listing` tinyint(3) unsigned NOT NULL DEFAULT 0,
  `status` varchar(60) COLLATE utf8mb4_unicode_ci NOT NULL DEFAULT 'published',
  `order` tinyint(3) unsigned NOT NULL DEFAULT 0,
  `created_at` timestamp NULL DEFAULT NULL,
  `updated_at` timestamp NULL DEFAULT NULL,
  PRIMARY KEY (`id`)
) ENGINE=InnoDB AUTO_INCREMENT=3 DEFAULT CHARSET=utf8mb4 COLLATE=utf8mb4_unicode_ci;
/*!40101 SET character_set_client = @saved_cs_client */;

--
-- Dumping data for table `ec_product_attribute_sets`
--

LOCK TABLES `ec_product_attribute_sets` WRITE;
/*!40000 ALTER TABLE `ec_product_attribute_sets` DISABLE KEYS */;
INSERT INTO `ec_product_attribute_sets` VALUES (1,'Weight','weight','text',1,1,1,'published',0,'2022-01-04 21:14:01','2022-01-04 21:14:01'),(2,'Boxes','boxes','text',1,1,1,'published',1,'2022-01-04 21:14:01','2022-01-04 21:14:01');
/*!40000 ALTER TABLE `ec_product_attribute_sets` ENABLE KEYS */;
UNLOCK TABLES;

--
-- Table structure for table `ec_product_attribute_sets_translations`
--

DROP TABLE IF EXISTS `ec_product_attribute_sets_translations`;
/*!40101 SET @saved_cs_client     = @@character_set_client */;
/*!40101 SET character_set_client = utf8 */;
CREATE TABLE `ec_product_attribute_sets_translations` (
  `lang_code` varchar(191) COLLATE utf8mb4_unicode_ci NOT NULL,
  `ec_product_attribute_sets_id` int(11) NOT NULL,
  `title` varchar(191) COLLATE utf8mb4_unicode_ci DEFAULT NULL,
  PRIMARY KEY (`lang_code`,`ec_product_attribute_sets_id`)
) ENGINE=InnoDB DEFAULT CHARSET=utf8mb4 COLLATE=utf8mb4_unicode_ci;
/*!40101 SET character_set_client = @saved_cs_client */;

--
-- Dumping data for table `ec_product_attribute_sets_translations`
--

LOCK TABLES `ec_product_attribute_sets_translations` WRITE;
/*!40000 ALTER TABLE `ec_product_attribute_sets_translations` DISABLE KEYS */;
INSERT INTO `ec_product_attribute_sets_translations` VALUES ('vi',1,'Cân nặng'),('vi',2,'Số hộp');
/*!40000 ALTER TABLE `ec_product_attribute_sets_translations` ENABLE KEYS */;
UNLOCK TABLES;

--
-- Table structure for table `ec_product_attributes`
--

DROP TABLE IF EXISTS `ec_product_attributes`;
/*!40101 SET @saved_cs_client     = @@character_set_client */;
/*!40101 SET character_set_client = utf8 */;
CREATE TABLE `ec_product_attributes` (
  `id` bigint(20) unsigned NOT NULL AUTO_INCREMENT,
  `attribute_set_id` int(10) unsigned NOT NULL,
  `title` varchar(120) COLLATE utf8mb4_unicode_ci NOT NULL,
  `slug` varchar(120) COLLATE utf8mb4_unicode_ci DEFAULT NULL,
  `color` varchar(50) COLLATE utf8mb4_unicode_ci DEFAULT NULL,
  `image` varchar(191) COLLATE utf8mb4_unicode_ci DEFAULT NULL,
  `is_default` tinyint(3) unsigned NOT NULL DEFAULT 0,
  `order` tinyint(3) unsigned NOT NULL DEFAULT 0,
  `status` varchar(60) COLLATE utf8mb4_unicode_ci NOT NULL DEFAULT 'published',
  `created_at` timestamp NULL DEFAULT NULL,
  `updated_at` timestamp NULL DEFAULT NULL,
  PRIMARY KEY (`id`)
) ENGINE=InnoDB AUTO_INCREMENT=11 DEFAULT CHARSET=utf8mb4 COLLATE=utf8mb4_unicode_ci;
/*!40101 SET character_set_client = @saved_cs_client */;

--
-- Dumping data for table `ec_product_attributes`
--

LOCK TABLES `ec_product_attributes` WRITE;
/*!40000 ALTER TABLE `ec_product_attributes` DISABLE KEYS */;
INSERT INTO `ec_product_attributes` VALUES (1,1,'1KG','1kg',NULL,NULL,1,1,'published','2022-01-04 21:14:01','2022-01-04 21:14:01'),(2,1,'2KG','2kg',NULL,NULL,0,2,'published','2022-01-04 21:14:01','2022-01-04 21:14:01'),(3,1,'3KG','3kg',NULL,NULL,0,3,'published','2022-01-04 21:14:01','2022-01-04 21:14:01'),(4,1,'4KG','4kg',NULL,NULL,0,4,'published','2022-01-04 21:14:01','2022-01-04 21:14:01'),(5,1,'5KG','5kg',NULL,NULL,0,5,'published','2022-01-04 21:14:01','2022-01-04 21:14:01'),(6,2,'1 Box','1box',NULL,NULL,1,1,'published','2022-01-04 21:14:01','2022-01-04 21:14:01'),(7,2,'2 Boxes','2boxes',NULL,NULL,0,2,'published','2022-01-04 21:14:01','2022-01-04 21:14:01'),(8,2,'3 Boxes','3boxes',NULL,NULL,0,3,'published','2022-01-04 21:14:01','2022-01-04 21:14:01'),(9,2,'4 Boxes','4boxes',NULL,NULL,0,4,'published','2022-01-04 21:14:01','2022-01-04 21:14:01'),(10,2,'5 Boxes','5boxes',NULL,NULL,0,5,'published','2022-01-04 21:14:01','2022-01-04 21:14:01');
/*!40000 ALTER TABLE `ec_product_attributes` ENABLE KEYS */;
UNLOCK TABLES;

--
-- Table structure for table `ec_product_attributes_translations`
--

DROP TABLE IF EXISTS `ec_product_attributes_translations`;
/*!40101 SET @saved_cs_client     = @@character_set_client */;
/*!40101 SET character_set_client = utf8 */;
CREATE TABLE `ec_product_attributes_translations` (
  `lang_code` varchar(191) COLLATE utf8mb4_unicode_ci NOT NULL,
  `ec_product_attributes_id` int(11) NOT NULL,
  `title` varchar(191) COLLATE utf8mb4_unicode_ci DEFAULT NULL,
  PRIMARY KEY (`lang_code`,`ec_product_attributes_id`)
) ENGINE=InnoDB DEFAULT CHARSET=utf8mb4 COLLATE=utf8mb4_unicode_ci;
/*!40101 SET character_set_client = @saved_cs_client */;

--
-- Dumping data for table `ec_product_attributes_translations`
--

LOCK TABLES `ec_product_attributes_translations` WRITE;
/*!40000 ALTER TABLE `ec_product_attributes_translations` DISABLE KEYS */;
INSERT INTO `ec_product_attributes_translations` VALUES ('vi',1,'1KG'),('vi',2,'2KG'),('vi',3,'3KG'),('vi',4,'4KG'),('vi',5,'5KG'),('vi',6,'1 Hộp'),('vi',7,'2 Hộp'),('vi',8,'3 Hộp'),('vi',9,'4 Hộp'),('vi',10,'5 Hộp');
/*!40000 ALTER TABLE `ec_product_attributes_translations` ENABLE KEYS */;
UNLOCK TABLES;

--
-- Table structure for table `ec_product_categories`
--

DROP TABLE IF EXISTS `ec_product_categories`;
/*!40101 SET @saved_cs_client     = @@character_set_client */;
/*!40101 SET character_set_client = utf8 */;
CREATE TABLE `ec_product_categories` (
  `id` bigint(20) unsigned NOT NULL AUTO_INCREMENT,
  `name` varchar(191) COLLATE utf8mb4_unicode_ci NOT NULL,
  `parent_id` int(10) unsigned DEFAULT 0,
  `description` mediumtext COLLATE utf8mb4_unicode_ci DEFAULT NULL,
  `status` varchar(60) COLLATE utf8mb4_unicode_ci NOT NULL DEFAULT 'published',
  `order` int(10) unsigned NOT NULL DEFAULT 0,
  `image` varchar(255) COLLATE utf8mb4_unicode_ci DEFAULT NULL,
  `is_featured` tinyint(3) unsigned NOT NULL DEFAULT 0,
  `created_at` timestamp NULL DEFAULT NULL,
  `updated_at` timestamp NULL DEFAULT NULL,
  PRIMARY KEY (`id`)
) ENGINE=InnoDB AUTO_INCREMENT=15 DEFAULT CHARSET=utf8mb4 COLLATE=utf8mb4_unicode_ci;
/*!40101 SET character_set_client = @saved_cs_client */;

--
-- Dumping data for table `ec_product_categories`
--

LOCK TABLES `ec_product_categories` WRITE;
/*!40000 ALTER TABLE `ec_product_categories` DISABLE KEYS */;
INSERT INTO `ec_product_categories` VALUES (1,'Milks and Dairies',0,NULL,'published',0,'product-categories/image-1.png',1,'2022-01-04 21:14:01','2022-01-04 21:14:01'),(2,'Clothing & beauty',0,NULL,'published',1,'product-categories/image-2.png',1,'2022-01-04 21:14:01','2022-01-04 21:14:01'),(3,'Pet Toy',0,NULL,'published',2,'product-categories/image-3.png',1,'2022-01-04 21:14:01','2022-01-04 21:14:01'),(4,'Baking material',0,NULL,'published',3,'product-categories/image-4.png',1,'2022-01-04 21:14:01','2022-01-04 21:14:01'),(5,'Fresh Fruit',0,NULL,'published',4,'product-categories/image-5.png',1,'2022-01-04 21:14:01','2022-01-04 21:14:01'),(6,'Wines & Drinks',0,NULL,'published',5,'product-categories/image-6.png',1,'2022-01-04 21:14:01','2022-01-04 21:14:01'),(7,'Fresh Seafood',0,NULL,'published',6,'product-categories/image-7.png',1,'2022-01-04 21:14:01','2022-01-04 21:14:01'),(8,'Fast food',0,NULL,'published',7,'product-categories/image-8.png',1,'2022-01-04 21:14:01','2022-01-04 21:14:01'),(9,'Vegetables',0,NULL,'published',8,'product-categories/image-9.png',1,'2022-01-04 21:14:01','2022-01-04 21:14:01'),(10,'Bread and Juice',0,NULL,'published',9,'product-categories/image-10.png',1,'2022-01-04 21:14:01','2022-01-04 21:14:01'),(11,'Cake & Milk',0,NULL,'published',10,'product-categories/image-11.png',1,'2022-01-04 21:14:01','2022-01-04 21:14:01'),(12,'Coffee & Teas',0,NULL,'published',11,'product-categories/image-12.png',1,'2022-01-04 21:14:01','2022-01-04 21:14:01'),(13,'Pet Foods',0,NULL,'published',12,'product-categories/image-13.png',0,'2022-01-04 21:14:01','2022-01-04 21:14:01'),(14,'Diet Foods',0,NULL,'published',13,'product-categories/image-14.png',0,'2022-01-04 21:14:01','2022-01-04 21:14:01');
/*!40000 ALTER TABLE `ec_product_categories` ENABLE KEYS */;
UNLOCK TABLES;

--
-- Table structure for table `ec_product_categories_translations`
--

DROP TABLE IF EXISTS `ec_product_categories_translations`;
/*!40101 SET @saved_cs_client     = @@character_set_client */;
/*!40101 SET character_set_client = utf8 */;
CREATE TABLE `ec_product_categories_translations` (
  `lang_code` varchar(191) COLLATE utf8mb4_unicode_ci NOT NULL,
  `ec_product_categories_id` int(11) NOT NULL,
  `name` varchar(191) COLLATE utf8mb4_unicode_ci DEFAULT NULL,
  `description` text COLLATE utf8mb4_unicode_ci DEFAULT NULL,
  PRIMARY KEY (`lang_code`,`ec_product_categories_id`)
) ENGINE=InnoDB DEFAULT CHARSET=utf8mb4 COLLATE=utf8mb4_unicode_ci;
/*!40101 SET character_set_client = @saved_cs_client */;

--
-- Dumping data for table `ec_product_categories_translations`
--

LOCK TABLES `ec_product_categories_translations` WRITE;
/*!40000 ALTER TABLE `ec_product_categories_translations` DISABLE KEYS */;
INSERT INTO `ec_product_categories_translations` VALUES ('vi',1,'Sữa',NULL),('vi',2,'Quần áo và làm đẹp',NULL),('vi',3,'Đồ chơi thú cưng',NULL),('vi',4,'Nguyên liệu làm bánh',NULL),('vi',5,'Trái cây tươi',NULL),('vi',6,'Rượu & Đồ uống',NULL),('vi',7,'Hải sản tươi sống',NULL),('vi',8,'Đồ ăn nhanh',NULL),('vi',9,'Rau',NULL),('vi',10,'Bánh và đồ uống',NULL),('vi',11,'Bánh và sữa',NULL),('vi',12,'Cà phê và trà',NULL),('vi',13,'Đồ ăn thú nuôi',NULL),('vi',14,'Đồ ăn kiêng',NULL);
/*!40000 ALTER TABLE `ec_product_categories_translations` ENABLE KEYS */;
UNLOCK TABLES;

--
-- Table structure for table `ec_product_category_product`
--

DROP TABLE IF EXISTS `ec_product_category_product`;
/*!40101 SET @saved_cs_client     = @@character_set_client */;
/*!40101 SET character_set_client = utf8 */;
CREATE TABLE `ec_product_category_product` (
  `id` bigint(20) unsigned NOT NULL AUTO_INCREMENT,
  `category_id` int(10) unsigned NOT NULL,
  `product_id` int(10) unsigned NOT NULL,
  PRIMARY KEY (`id`),
  KEY `ec_product_category_product_category_id_index` (`category_id`),
  KEY `ec_product_category_product_product_id_index` (`product_id`)
) ENGINE=InnoDB AUTO_INCREMENT=25 DEFAULT CHARSET=utf8mb4 COLLATE=utf8mb4_unicode_ci;
/*!40101 SET character_set_client = @saved_cs_client */;

--
-- Dumping data for table `ec_product_category_product`
--

LOCK TABLES `ec_product_category_product` WRITE;
/*!40000 ALTER TABLE `ec_product_category_product` DISABLE KEYS */;
INSERT INTO `ec_product_category_product` VALUES (1,1,1),(2,4,2),(3,12,3),(4,5,4),(5,14,5),(6,11,6),(7,7,7),(8,10,8),(9,14,9),(10,2,10),(11,1,11),(12,14,12),(13,9,13),(14,10,14),(15,3,15),(16,9,16),(17,10,17),(18,10,18),(19,10,19),(20,8,20),(21,13,21),(22,2,22),(23,3,23),(24,6,24);
/*!40000 ALTER TABLE `ec_product_category_product` ENABLE KEYS */;
UNLOCK TABLES;

--
-- Table structure for table `ec_product_collection_products`
--

DROP TABLE IF EXISTS `ec_product_collection_products`;
/*!40101 SET @saved_cs_client     = @@character_set_client */;
/*!40101 SET character_set_client = utf8 */;
CREATE TABLE `ec_product_collection_products` (
  `id` bigint(20) unsigned NOT NULL AUTO_INCREMENT,
  `product_collection_id` int(10) unsigned NOT NULL,
  `product_id` int(10) unsigned NOT NULL,
  PRIMARY KEY (`id`),
  KEY `ec_product_collection_products_product_collection_id_index` (`product_collection_id`),
  KEY `ec_product_collection_products_product_id_index` (`product_id`)
) ENGINE=InnoDB AUTO_INCREMENT=25 DEFAULT CHARSET=utf8mb4 COLLATE=utf8mb4_unicode_ci;
/*!40101 SET character_set_client = @saved_cs_client */;

--
-- Dumping data for table `ec_product_collection_products`
--

LOCK TABLES `ec_product_collection_products` WRITE;
/*!40000 ALTER TABLE `ec_product_collection_products` DISABLE KEYS */;
INSERT INTO `ec_product_collection_products` VALUES (1,1,1),(2,3,2),(3,2,3),(4,3,4),(5,1,5),(6,1,6),(7,1,7),(8,1,8),(9,1,9),(10,2,10),(11,3,11),(12,1,12),(13,3,13),(14,1,14),(15,2,15),(16,2,16),(17,1,17),(18,1,18),(19,3,19),(20,2,20),(21,1,21),(22,2,22),(23,1,23),(24,2,24);
/*!40000 ALTER TABLE `ec_product_collection_products` ENABLE KEYS */;
UNLOCK TABLES;

--
-- Table structure for table `ec_product_collections`
--

DROP TABLE IF EXISTS `ec_product_collections`;
/*!40101 SET @saved_cs_client     = @@character_set_client */;
/*!40101 SET character_set_client = utf8 */;
CREATE TABLE `ec_product_collections` (
  `id` bigint(20) unsigned NOT NULL AUTO_INCREMENT,
  `name` varchar(191) COLLATE utf8mb4_unicode_ci NOT NULL,
  `slug` varchar(191) COLLATE utf8mb4_unicode_ci NOT NULL,
  `description` varchar(400) COLLATE utf8mb4_unicode_ci DEFAULT NULL,
  `image` varchar(255) COLLATE utf8mb4_unicode_ci DEFAULT NULL,
  `status` varchar(60) COLLATE utf8mb4_unicode_ci NOT NULL DEFAULT 'published',
  `created_at` timestamp NULL DEFAULT NULL,
  `updated_at` timestamp NULL DEFAULT NULL,
  `is_featured` tinyint(3) unsigned NOT NULL DEFAULT 0,
  PRIMARY KEY (`id`)
) ENGINE=InnoDB AUTO_INCREMENT=4 DEFAULT CHARSET=utf8mb4 COLLATE=utf8mb4_unicode_ci;
/*!40101 SET character_set_client = @saved_cs_client */;

--
-- Dumping data for table `ec_product_collections`
--

LOCK TABLES `ec_product_collections` WRITE;
/*!40000 ALTER TABLE `ec_product_collections` DISABLE KEYS */;
INSERT INTO `ec_product_collections` VALUES (1,'New Arrival','new-arrival',NULL,NULL,'published','2022-01-04 21:14:01','2022-01-04 21:14:01',0),(2,'Best Sellers','best-sellers',NULL,NULL,'published','2022-01-04 21:14:01','2022-01-04 21:14:01',0),(3,'Special Offer','special-offer',NULL,NULL,'published','2022-01-04 21:14:01','2022-01-04 21:14:01',0);
/*!40000 ALTER TABLE `ec_product_collections` ENABLE KEYS */;
UNLOCK TABLES;

--
-- Table structure for table `ec_product_collections_translations`
--

DROP TABLE IF EXISTS `ec_product_collections_translations`;
/*!40101 SET @saved_cs_client     = @@character_set_client */;
/*!40101 SET character_set_client = utf8 */;
CREATE TABLE `ec_product_collections_translations` (
  `lang_code` varchar(191) COLLATE utf8mb4_unicode_ci NOT NULL,
  `ec_product_collections_id` int(11) NOT NULL,
  `name` varchar(191) COLLATE utf8mb4_unicode_ci DEFAULT NULL,
  `description` varchar(191) COLLATE utf8mb4_unicode_ci DEFAULT NULL,
  PRIMARY KEY (`lang_code`,`ec_product_collections_id`)
) ENGINE=InnoDB DEFAULT CHARSET=utf8mb4 COLLATE=utf8mb4_unicode_ci;
/*!40101 SET character_set_client = @saved_cs_client */;

--
-- Dumping data for table `ec_product_collections_translations`
--

LOCK TABLES `ec_product_collections_translations` WRITE;
/*!40000 ALTER TABLE `ec_product_collections_translations` DISABLE KEYS */;
INSERT INTO `ec_product_collections_translations` VALUES ('vi',1,'Hàng mới về',NULL),('vi',2,'Bán chạy nhất',NULL),('vi',3,'Khuyến mãi đặc biệt',NULL);
/*!40000 ALTER TABLE `ec_product_collections_translations` ENABLE KEYS */;
UNLOCK TABLES;

--
-- Table structure for table `ec_product_cross_sale_relations`
--

DROP TABLE IF EXISTS `ec_product_cross_sale_relations`;
/*!40101 SET @saved_cs_client     = @@character_set_client */;
/*!40101 SET character_set_client = utf8 */;
CREATE TABLE `ec_product_cross_sale_relations` (
  `id` bigint(20) unsigned NOT NULL AUTO_INCREMENT,
  `from_product_id` int(10) unsigned NOT NULL,
  `to_product_id` int(10) unsigned NOT NULL,
  PRIMARY KEY (`id`),
  KEY `ec_product_cross_sale_relations_from_product_id_index` (`from_product_id`),
  KEY `ec_product_cross_sale_relations_to_product_id_index` (`to_product_id`)
) ENGINE=InnoDB AUTO_INCREMENT=90 DEFAULT CHARSET=utf8mb4 COLLATE=utf8mb4_unicode_ci;
/*!40101 SET character_set_client = @saved_cs_client */;

--
-- Dumping data for table `ec_product_cross_sale_relations`
--

LOCK TABLES `ec_product_cross_sale_relations` WRITE;
/*!40000 ALTER TABLE `ec_product_cross_sale_relations` DISABLE KEYS */;
INSERT INTO `ec_product_cross_sale_relations` VALUES (1,1,12),(2,1,22),(3,1,8),(4,1,6),(5,2,10),(6,2,23),(7,2,13),(8,2,20),(9,3,18),(10,3,15),(11,3,1),(12,4,23),(13,4,6),(14,4,15),(15,5,24),(16,5,22),(17,5,2),(18,5,7),(19,6,1),(20,6,22),(21,6,2),(22,6,7),(23,7,18),(24,7,21),(25,7,8),(26,7,16),(27,8,4),(28,8,18),(29,8,7),(30,8,9),(31,9,24),(32,9,16),(33,9,20),(34,9,10),(35,10,5),(36,10,11),(37,10,20),(38,10,7),(39,11,13),(40,11,12),(41,11,21),(42,11,15),(43,12,21),(44,12,23),(45,12,9),(46,12,16),(47,13,4),(48,13,5),(49,13,18),(50,13,8),(51,14,7),(52,14,18),(53,14,11),(54,15,10),(55,15,16),(56,15,2),(57,16,14),(58,16,24),(59,16,3),(60,17,9),(61,17,11),(62,17,19),(63,17,22),(64,18,24),(65,18,14),(66,18,8),(67,18,13),(68,19,17),(69,19,22),(70,19,24),(71,19,13),(72,20,23),(73,20,4),(74,20,3),(75,21,10),(76,21,9),(77,21,7),(78,22,10),(79,22,23),(80,22,24),(81,22,8),(82,23,21),(83,23,2),(84,23,1),(85,23,8),(86,24,5),(87,24,3),(88,24,10),(89,24,12);
/*!40000 ALTER TABLE `ec_product_cross_sale_relations` ENABLE KEYS */;
UNLOCK TABLES;

--
-- Table structure for table `ec_product_label_products`
--

DROP TABLE IF EXISTS `ec_product_label_products`;
/*!40101 SET @saved_cs_client     = @@character_set_client */;
/*!40101 SET character_set_client = utf8 */;
CREATE TABLE `ec_product_label_products` (
  `product_label_id` int(10) unsigned NOT NULL,
  `product_id` int(10) unsigned NOT NULL,
  PRIMARY KEY (`product_label_id`,`product_id`),
  KEY `ec_product_label_products_product_label_id_index` (`product_label_id`),
  KEY `ec_product_label_products_product_id_index` (`product_id`)
) ENGINE=InnoDB DEFAULT CHARSET=utf8mb4 COLLATE=utf8mb4_unicode_ci;
/*!40101 SET character_set_client = @saved_cs_client */;

--
-- Dumping data for table `ec_product_label_products`
--

LOCK TABLES `ec_product_label_products` WRITE;
/*!40000 ALTER TABLE `ec_product_label_products` DISABLE KEYS */;
INSERT INTO `ec_product_label_products` VALUES (2,14),(2,21),(3,7);
/*!40000 ALTER TABLE `ec_product_label_products` ENABLE KEYS */;
UNLOCK TABLES;

--
-- Table structure for table `ec_product_labels`
--

DROP TABLE IF EXISTS `ec_product_labels`;
/*!40101 SET @saved_cs_client     = @@character_set_client */;
/*!40101 SET character_set_client = utf8 */;
CREATE TABLE `ec_product_labels` (
  `id` bigint(20) unsigned NOT NULL AUTO_INCREMENT,
  `name` varchar(255) COLLATE utf8mb4_unicode_ci NOT NULL,
  `color` varchar(120) COLLATE utf8mb4_unicode_ci DEFAULT NULL,
  `status` varchar(60) COLLATE utf8mb4_unicode_ci NOT NULL DEFAULT 'published',
  `created_at` timestamp NULL DEFAULT NULL,
  `updated_at` timestamp NULL DEFAULT NULL,
  PRIMARY KEY (`id`)
) ENGINE=InnoDB AUTO_INCREMENT=4 DEFAULT CHARSET=utf8mb4 COLLATE=utf8mb4_unicode_ci;
/*!40101 SET character_set_client = @saved_cs_client */;

--
-- Dumping data for table `ec_product_labels`
--

LOCK TABLES `ec_product_labels` WRITE;
/*!40000 ALTER TABLE `ec_product_labels` DISABLE KEYS */;
INSERT INTO `ec_product_labels` VALUES (1,'Hot','#ec2434','published','2022-01-04 21:14:01','2022-01-04 21:14:01'),(2,'New','#00c9a7','published','2022-01-04 21:14:01','2022-01-04 21:14:01'),(3,'Sale','#fe9931','published','2022-01-04 21:14:01','2022-01-04 21:14:01');
/*!40000 ALTER TABLE `ec_product_labels` ENABLE KEYS */;
UNLOCK TABLES;

--
-- Table structure for table `ec_product_labels_translations`
--

DROP TABLE IF EXISTS `ec_product_labels_translations`;
/*!40101 SET @saved_cs_client     = @@character_set_client */;
/*!40101 SET character_set_client = utf8 */;
CREATE TABLE `ec_product_labels_translations` (
  `lang_code` varchar(191) COLLATE utf8mb4_unicode_ci NOT NULL,
  `ec_product_labels_id` int(11) NOT NULL,
  `name` varchar(191) COLLATE utf8mb4_unicode_ci DEFAULT NULL,
  `description` varchar(191) COLLATE utf8mb4_unicode_ci DEFAULT NULL,
  PRIMARY KEY (`lang_code`,`ec_product_labels_id`)
) ENGINE=InnoDB DEFAULT CHARSET=utf8mb4 COLLATE=utf8mb4_unicode_ci;
/*!40101 SET character_set_client = @saved_cs_client */;

--
-- Dumping data for table `ec_product_labels_translations`
--

LOCK TABLES `ec_product_labels_translations` WRITE;
/*!40000 ALTER TABLE `ec_product_labels_translations` DISABLE KEYS */;
INSERT INTO `ec_product_labels_translations` VALUES ('vi',1,'Nổi bật',NULL),('vi',2,'Mới',NULL),('vi',3,'Giảm giá',NULL);
/*!40000 ALTER TABLE `ec_product_labels_translations` ENABLE KEYS */;
UNLOCK TABLES;

--
-- Table structure for table `ec_product_related_relations`
--

DROP TABLE IF EXISTS `ec_product_related_relations`;
/*!40101 SET @saved_cs_client     = @@character_set_client */;
/*!40101 SET character_set_client = utf8 */;
CREATE TABLE `ec_product_related_relations` (
  `id` bigint(20) unsigned NOT NULL AUTO_INCREMENT,
  `from_product_id` int(10) unsigned NOT NULL,
  `to_product_id` int(10) unsigned NOT NULL,
  PRIMARY KEY (`id`),
  KEY `ec_product_related_relations_from_product_id_index` (`from_product_id`),
  KEY `ec_product_related_relations_to_product_id_index` (`to_product_id`)
) ENGINE=InnoDB DEFAULT CHARSET=utf8mb4 COLLATE=utf8mb4_unicode_ci;
/*!40101 SET character_set_client = @saved_cs_client */;

--
-- Dumping data for table `ec_product_related_relations`
--

LOCK TABLES `ec_product_related_relations` WRITE;
/*!40000 ALTER TABLE `ec_product_related_relations` DISABLE KEYS */;
/*!40000 ALTER TABLE `ec_product_related_relations` ENABLE KEYS */;
UNLOCK TABLES;

--
-- Table structure for table `ec_product_tag_product`
--

DROP TABLE IF EXISTS `ec_product_tag_product`;
/*!40101 SET @saved_cs_client     = @@character_set_client */;
/*!40101 SET character_set_client = utf8 */;
CREATE TABLE `ec_product_tag_product` (
  `product_id` int(10) unsigned NOT NULL,
  `tag_id` int(10) unsigned NOT NULL,
  PRIMARY KEY (`product_id`,`tag_id`),
  KEY `ec_product_tag_product_product_id_index` (`product_id`),
  KEY `ec_product_tag_product_tag_id_index` (`tag_id`)
) ENGINE=InnoDB DEFAULT CHARSET=utf8mb4 COLLATE=utf8mb4_unicode_ci;
/*!40101 SET character_set_client = @saved_cs_client */;

--
-- Dumping data for table `ec_product_tag_product`
--

LOCK TABLES `ec_product_tag_product` WRITE;
/*!40000 ALTER TABLE `ec_product_tag_product` DISABLE KEYS */;
INSERT INTO `ec_product_tag_product` VALUES (1,2),(1,5),(1,6),(2,1),(2,6),(3,1),(3,2),(3,3),(4,2),(4,3),(4,4),(5,3),(5,4),(6,3),(6,4),(7,1),(7,4),(7,5),(8,3),(8,5),(9,1),(9,5),(10,3),(10,4),(11,6),(12,1),(12,5),(13,1),(13,2),(13,5),(14,1),(14,3),(14,4),(15,3),(15,4),(15,5),(16,4),(16,6),(17,1),(17,6),(18,4),(19,1),(19,4),(19,5),(20,1),(20,4),(20,5),(21,1),(21,3),(22,4),(22,6),(23,1),(23,2),(24,2),(24,5),(24,6);
/*!40000 ALTER TABLE `ec_product_tag_product` ENABLE KEYS */;
UNLOCK TABLES;

--
-- Table structure for table `ec_product_tags`
--

DROP TABLE IF EXISTS `ec_product_tags`;
/*!40101 SET @saved_cs_client     = @@character_set_client */;
/*!40101 SET character_set_client = utf8 */;
CREATE TABLE `ec_product_tags` (
  `id` bigint(20) unsigned NOT NULL AUTO_INCREMENT,
  `name` varchar(120) COLLATE utf8mb4_unicode_ci NOT NULL,
  `description` varchar(400) COLLATE utf8mb4_unicode_ci DEFAULT NULL,
  `status` varchar(60) COLLATE utf8mb4_unicode_ci NOT NULL DEFAULT 'published',
  `created_at` timestamp NULL DEFAULT NULL,
  `updated_at` timestamp NULL DEFAULT NULL,
  PRIMARY KEY (`id`)
) ENGINE=InnoDB AUTO_INCREMENT=6 DEFAULT CHARSET=utf8mb4 COLLATE=utf8mb4_unicode_ci;
/*!40101 SET character_set_client = @saved_cs_client */;

--
-- Dumping data for table `ec_product_tags`
--

LOCK TABLES `ec_product_tags` WRITE;
/*!40000 ALTER TABLE `ec_product_tags` DISABLE KEYS */;
INSERT INTO `ec_product_tags` VALUES (1,'Wallet',NULL,'published','2022-01-04 21:14:01','2022-01-04 21:14:01'),(2,'Bags',NULL,'published','2022-01-04 21:14:01','2022-01-04 21:14:01'),(3,'Shoes',NULL,'published','2022-01-04 21:14:01','2022-01-04 21:14:01'),(4,'Clothes',NULL,'published','2022-01-04 21:14:01','2022-01-04 21:14:01'),(5,'Hand bag',NULL,'published','2022-01-04 21:14:01','2022-01-04 21:14:01');
/*!40000 ALTER TABLE `ec_product_tags` ENABLE KEYS */;
UNLOCK TABLES;

--
-- Table structure for table `ec_product_tags_translations`
--

DROP TABLE IF EXISTS `ec_product_tags_translations`;
/*!40101 SET @saved_cs_client     = @@character_set_client */;
/*!40101 SET character_set_client = utf8 */;
CREATE TABLE `ec_product_tags_translations` (
  `lang_code` varchar(191) COLLATE utf8mb4_unicode_ci NOT NULL,
  `ec_product_tags_id` int(11) NOT NULL,
  `name` varchar(191) COLLATE utf8mb4_unicode_ci DEFAULT NULL,
  PRIMARY KEY (`lang_code`,`ec_product_tags_id`)
) ENGINE=InnoDB DEFAULT CHARSET=utf8mb4 COLLATE=utf8mb4_unicode_ci;
/*!40101 SET character_set_client = @saved_cs_client */;

--
-- Dumping data for table `ec_product_tags_translations`
--

LOCK TABLES `ec_product_tags_translations` WRITE;
/*!40000 ALTER TABLE `ec_product_tags_translations` DISABLE KEYS */;
/*!40000 ALTER TABLE `ec_product_tags_translations` ENABLE KEYS */;
UNLOCK TABLES;

--
-- Table structure for table `ec_product_up_sale_relations`
--

DROP TABLE IF EXISTS `ec_product_up_sale_relations`;
/*!40101 SET @saved_cs_client     = @@character_set_client */;
/*!40101 SET character_set_client = utf8 */;
CREATE TABLE `ec_product_up_sale_relations` (
  `id` bigint(20) unsigned NOT NULL AUTO_INCREMENT,
  `from_product_id` int(10) unsigned NOT NULL,
  `to_product_id` int(10) unsigned NOT NULL,
  PRIMARY KEY (`id`),
  KEY `ec_product_up_sale_relations_from_product_id_index` (`from_product_id`),
  KEY `ec_product_up_sale_relations_to_product_id_index` (`to_product_id`)
) ENGINE=InnoDB DEFAULT CHARSET=utf8mb4 COLLATE=utf8mb4_unicode_ci;
/*!40101 SET character_set_client = @saved_cs_client */;

--
-- Dumping data for table `ec_product_up_sale_relations`
--

LOCK TABLES `ec_product_up_sale_relations` WRITE;
/*!40000 ALTER TABLE `ec_product_up_sale_relations` DISABLE KEYS */;
/*!40000 ALTER TABLE `ec_product_up_sale_relations` ENABLE KEYS */;
UNLOCK TABLES;

--
-- Table structure for table `ec_product_variation_items`
--

DROP TABLE IF EXISTS `ec_product_variation_items`;
/*!40101 SET @saved_cs_client     = @@character_set_client */;
/*!40101 SET character_set_client = utf8 */;
CREATE TABLE `ec_product_variation_items` (
  `id` bigint(20) unsigned NOT NULL AUTO_INCREMENT,
  `attribute_id` int(10) unsigned NOT NULL,
  `variation_id` int(10) unsigned NOT NULL,
  PRIMARY KEY (`id`)
) ENGINE=InnoDB AUTO_INCREMENT=131 DEFAULT CHARSET=utf8mb4 COLLATE=utf8mb4_unicode_ci;
/*!40101 SET character_set_client = @saved_cs_client */;

--
-- Dumping data for table `ec_product_variation_items`
--

LOCK TABLES `ec_product_variation_items` WRITE;
/*!40000 ALTER TABLE `ec_product_variation_items` DISABLE KEYS */;
INSERT INTO `ec_product_variation_items` VALUES (1,1,1),(2,9,1),(3,5,2),(4,9,2),(5,3,3),(6,10,3),(7,4,4),(8,9,4),(9,5,5),(10,6,5),(11,1,6),(12,9,6),(13,5,7),(14,6,7),(15,2,8),(16,8,8),(17,4,9),(18,10,9),(19,3,10),(20,7,10),(21,3,11),(22,9,11),(23,2,12),(24,9,12),(25,3,13),(26,9,13),(27,1,14),(28,7,14),(29,1,15),(30,6,15),(31,4,16),(32,10,16),(33,4,17),(34,10,17),(35,1,18),(36,7,18),(37,1,19),(38,7,19),(39,3,20),(40,8,20),(41,5,21),(42,6,21),(43,4,22),(44,7,22),(45,2,23),(46,9,23),(47,5,24),(48,10,24),(49,3,25),(50,6,25),(51,1,26),(52,6,26),(53,4,27),(54,10,27),(55,2,28),(56,9,28),(57,5,29),(58,8,29),(59,4,30),(60,10,30),(61,1,31),(62,9,31),(63,3,32),(64,10,32),(65,1,33),(66,10,33),(67,3,34),(68,10,34),(69,5,35),(70,6,35),(71,4,36),(72,6,36),(73,1,37),(74,8,37),(75,5,38),(76,9,38),(77,5,39),(78,10,39),(79,3,40),(80,8,40),(81,1,41),(82,9,41),(83,5,42),(84,6,42),(85,3,43),(86,8,43),(87,4,44),(88,8,44),(89,1,45),(90,6,45),(91,1,46),(92,8,46),(93,4,47),(94,7,47),(95,2,48),(96,6,48),(97,4,49),(98,10,49),(99,2,50),(100,7,50),(101,3,51),(102,7,51),(103,3,52),(104,10,52),(105,4,53),(106,7,53),(107,1,54),(108,7,54),(109,1,55),(110,8,55),(111,4,56),(112,7,56),(113,3,57),(114,9,57),(115,4,58),(116,6,58),(117,1,59),(118,7,59),(119,3,60),(120,7,60),(121,4,61),(122,9,61),(123,3,62),(124,6,62),(125,4,63),(126,7,63),(127,3,64),(128,6,64),(129,2,65),(130,6,65);
/*!40000 ALTER TABLE `ec_product_variation_items` ENABLE KEYS */;
UNLOCK TABLES;

--
-- Table structure for table `ec_product_variations`
--

DROP TABLE IF EXISTS `ec_product_variations`;
/*!40101 SET @saved_cs_client     = @@character_set_client */;
/*!40101 SET character_set_client = utf8 */;
CREATE TABLE `ec_product_variations` (
  `id` bigint(20) unsigned NOT NULL AUTO_INCREMENT,
  `product_id` int(10) unsigned DEFAULT NULL,
  `configurable_product_id` int(10) unsigned NOT NULL,
  `is_default` tinyint(4) NOT NULL DEFAULT 0,
  PRIMARY KEY (`id`)
) ENGINE=InnoDB AUTO_INCREMENT=66 DEFAULT CHARSET=utf8mb4 COLLATE=utf8mb4_unicode_ci;
/*!40101 SET character_set_client = @saved_cs_client */;

--
-- Dumping data for table `ec_product_variations`
--

LOCK TABLES `ec_product_variations` WRITE;
/*!40000 ALTER TABLE `ec_product_variations` DISABLE KEYS */;
INSERT INTO `ec_product_variations` VALUES (1,25,1,1),(2,26,1,0),(3,27,1,0),(4,28,1,0),(5,29,1,0),(6,30,2,1),(7,31,2,0),(8,32,3,1),(9,33,3,0),(10,34,3,0),(11,35,4,1),(12,36,4,0),(13,37,4,0),(14,38,5,1),(15,39,5,0),(16,40,5,0),(17,41,6,1),(18,42,7,1),(19,43,7,0),(20,44,8,1),(21,45,8,0),(22,46,8,0),(23,47,9,1),(24,48,9,0),(25,49,10,1),(26,50,10,0),(27,51,10,0),(28,52,11,1),(29,53,11,0),(30,54,11,0),(31,55,12,1),(32,56,12,0),(33,57,12,0),(34,58,13,1),(35,59,14,1),(36,60,14,0),(37,61,15,1),(38,62,16,1),(39,63,16,0),(40,64,17,1),(41,65,17,0),(42,66,17,0),(43,67,18,1),(44,68,18,0),(45,69,18,0),(46,70,19,1),(47,71,19,0),(48,72,19,0),(49,73,19,0),(50,74,19,0),(51,75,20,1),(52,76,21,1),(53,77,21,0),(54,78,21,0),(55,79,21,0),(56,80,22,1),(57,81,22,0),(58,82,22,0),(59,83,22,0),(60,84,23,1),(61,85,23,0),(62,86,23,0),(63,87,24,1),(64,88,24,0),(65,89,24,0);
/*!40000 ALTER TABLE `ec_product_variations` ENABLE KEYS */;
UNLOCK TABLES;

--
-- Table structure for table `ec_product_with_attribute`
--

DROP TABLE IF EXISTS `ec_product_with_attribute`;
/*!40101 SET @saved_cs_client     = @@character_set_client */;
/*!40101 SET character_set_client = utf8 */;
CREATE TABLE `ec_product_with_attribute` (
  `id` bigint(20) unsigned NOT NULL AUTO_INCREMENT,
  `attribute_id` int(10) unsigned NOT NULL,
  `product_id` int(10) unsigned NOT NULL,
  PRIMARY KEY (`id`)
) ENGINE=InnoDB AUTO_INCREMENT=49 DEFAULT CHARSET=utf8mb4 COLLATE=utf8mb4_unicode_ci;
/*!40101 SET character_set_client = @saved_cs_client */;

--
-- Dumping data for table `ec_product_with_attribute`
--

LOCK TABLES `ec_product_with_attribute` WRITE;
/*!40000 ALTER TABLE `ec_product_with_attribute` DISABLE KEYS */;
INSERT INTO `ec_product_with_attribute` VALUES (1,3,1),(2,10,1),(3,1,2),(4,6,2),(5,1,3),(6,10,3),(7,5,4),(8,7,4),(9,5,5),(10,8,5),(11,4,6),(12,9,6),(13,1,7),(14,6,7),(15,2,8),(16,8,8),(17,3,9),(18,9,9),(19,1,10),(20,8,10),(21,1,11),(22,10,11),(23,4,12),(24,9,12),(25,5,13),(26,10,13),(27,4,14),(28,10,14),(29,3,15),(30,8,15),(31,3,16),(32,9,16),(33,2,17),(34,10,17),(35,5,18),(36,8,18),(37,2,19),(38,6,19),(39,1,20),(40,9,20),(41,4,21),(42,10,21),(43,5,22),(44,8,22),(45,1,23),(46,7,23),(47,3,24),(48,6,24);
/*!40000 ALTER TABLE `ec_product_with_attribute` ENABLE KEYS */;
UNLOCK TABLES;

--
-- Table structure for table `ec_product_with_attribute_set`
--

DROP TABLE IF EXISTS `ec_product_with_attribute_set`;
/*!40101 SET @saved_cs_client     = @@character_set_client */;
/*!40101 SET character_set_client = utf8 */;
CREATE TABLE `ec_product_with_attribute_set` (
  `id` bigint(20) unsigned NOT NULL AUTO_INCREMENT,
  `attribute_set_id` int(10) unsigned NOT NULL,
  `product_id` int(10) unsigned NOT NULL,
  `order` tinyint(3) unsigned NOT NULL DEFAULT 0,
  PRIMARY KEY (`id`)
) ENGINE=InnoDB AUTO_INCREMENT=49 DEFAULT CHARSET=utf8mb4 COLLATE=utf8mb4_unicode_ci;
/*!40101 SET character_set_client = @saved_cs_client */;

--
-- Dumping data for table `ec_product_with_attribute_set`
--

LOCK TABLES `ec_product_with_attribute_set` WRITE;
/*!40000 ALTER TABLE `ec_product_with_attribute_set` DISABLE KEYS */;
INSERT INTO `ec_product_with_attribute_set` VALUES (1,1,1,0),(2,2,1,0),(3,1,2,0),(4,2,2,0),(5,1,3,0),(6,2,3,0),(7,1,4,0),(8,2,4,0),(9,1,5,0),(10,2,5,0),(11,1,6,0),(12,2,6,0),(13,1,7,0),(14,2,7,0),(15,1,8,0),(16,2,8,0),(17,1,9,0),(18,2,9,0),(19,1,10,0),(20,2,10,0),(21,1,11,0),(22,2,11,0),(23,1,12,0),(24,2,12,0),(25,1,13,0),(26,2,13,0),(27,1,14,0),(28,2,14,0),(29,1,15,0),(30,2,15,0),(31,1,16,0),(32,2,16,0),(33,1,17,0),(34,2,17,0),(35,1,18,0),(36,2,18,0),(37,1,19,0),(38,2,19,0),(39,1,20,0),(40,2,20,0),(41,1,21,0),(42,2,21,0),(43,1,22,0),(44,2,22,0),(45,1,23,0),(46,2,23,0),(47,1,24,0),(48,2,24,0);
/*!40000 ALTER TABLE `ec_product_with_attribute_set` ENABLE KEYS */;
UNLOCK TABLES;

--
-- Table structure for table `ec_products`
--

DROP TABLE IF EXISTS `ec_products`;
/*!40101 SET @saved_cs_client     = @@character_set_client */;
/*!40101 SET character_set_client = utf8 */;
CREATE TABLE `ec_products` (
  `id` bigint(20) unsigned NOT NULL AUTO_INCREMENT,
  `name` varchar(191) COLLATE utf8mb4_unicode_ci NOT NULL,
  `description` text COLLATE utf8mb4_unicode_ci DEFAULT NULL,
  `content` longtext COLLATE utf8mb4_unicode_ci DEFAULT NULL,
  `status` varchar(60) COLLATE utf8mb4_unicode_ci NOT NULL DEFAULT 'published',
  `images` text COLLATE utf8mb4_unicode_ci DEFAULT NULL,
  `sku` varchar(191) COLLATE utf8mb4_unicode_ci DEFAULT NULL,
  `order` int(10) unsigned NOT NULL DEFAULT 0,
  `quantity` int(10) unsigned DEFAULT NULL,
  `allow_checkout_when_out_of_stock` tinyint(3) unsigned NOT NULL DEFAULT 0,
  `with_storehouse_management` tinyint(3) unsigned NOT NULL DEFAULT 0,
  `is_featured` tinyint(3) unsigned NOT NULL DEFAULT 0,
  `brand_id` int(10) unsigned DEFAULT NULL,
  `is_variation` tinyint(4) NOT NULL DEFAULT 0,
  `sale_type` tinyint(4) NOT NULL DEFAULT 0,
  `price` double unsigned DEFAULT NULL,
  `sale_price` double unsigned DEFAULT NULL,
  `start_date` timestamp NULL DEFAULT NULL,
  `end_date` timestamp NULL DEFAULT NULL,
  `length` double(8,2) DEFAULT NULL,
  `wide` double(8,2) DEFAULT NULL,
  `height` double(8,2) DEFAULT NULL,
  `weight` double(8,2) DEFAULT NULL,
  `created_at` timestamp NULL DEFAULT NULL,
  `updated_at` timestamp NULL DEFAULT NULL,
  `tax_id` int(10) unsigned DEFAULT NULL,
  `views` bigint(20) NOT NULL DEFAULT 0,
  `stock_status` varchar(191) COLLATE utf8mb4_unicode_ci DEFAULT 'in_stock',
  `store_id` int(10) unsigned DEFAULT NULL,
  `created_by_id` int(11) DEFAULT 0,
  `created_by_type` varchar(255) COLLATE utf8mb4_unicode_ci NOT NULL DEFAULT 'Botble\\ACL\\Models\\User',
  `approved_by` int(11) DEFAULT 0,
  `image` varchar(255) COLLATE utf8mb4_unicode_ci DEFAULT NULL,
  PRIMARY KEY (`id`)
) ENGINE=InnoDB AUTO_INCREMENT=90 DEFAULT CHARSET=utf8mb4 COLLATE=utf8mb4_unicode_ci;
/*!40101 SET character_set_client = @saved_cs_client */;

--
-- Dumping data for table `ec_products`
--

LOCK TABLES `ec_products` WRITE;
/*!40000 ALTER TABLE `ec_products` DISABLE KEYS */;
INSERT INTO `ec_products` VALUES (1,'Seeds of Change Organic Quinoe','<p>Short Hooded Coat features a straight body, large pockets with button flaps, ventilation air holes, and a string detail along the hemline.</p><ul>\n                                        <li><i class=\"fi-rs-hourglass mr-5 text-brand\"></i> 1 Year AL Jazeera Brand Warranty</li>\n                                        <li><i class=\"fi-rs-paper-plane mr-5 text-brand\"></i> 30 Day Return Policy</li>\n                                        <li><i class=\"fi-rs-credit-card mr-5 text-brand\"></i> Cash on Delivery available</li>\n                                    </ul>','<p>Short Hooded Coat features a straight body, large pockets with button flaps, ventilation air holes, and a string detail along the hemline. The style is completed with a drawstring hood, featuring Rains&rsquo; signature built-in cap. Made from waterproof, matte PU, this lightweight unisex rain jacket is an ode to nostalgia through its classic silhouette and utilitarian design details.</p>\n                                <p>- Casual unisex fit</p>\n\n                                <p>- 64% polyester, 36% polyurethane</p>\n\n                                <p>- Water column pressure: 4000 mm</p>\n\n                                <p>- Model is 187cm tall and wearing a size S / M</p>\n\n                                <p>- Unisex fit</p>\n\n                                <p>- Drawstring hood with built-in cap</p>\n\n                                <p>- Front placket with snap buttons</p>\n\n                                <p>- Ventilation under armpit</p>\n\n                                <p>- Adjustable cuffs</p>\n\n                                <p>- Double welted front pockets</p>\n\n                                <p>- Adjustable elastic string at hempen</p>\n\n                                <p>- Ultrasonically welded seams</p>\n\n                                <p>This is a unisex item, please check our clothing &amp; footwear sizing guide for specific Rains jacket sizing information. RAINS comes from the rainy nation of Denmark at the edge of the European continent, close to the ocean and with prevailing westerly winds; all factors that contribute to an average of 121 rain days each year. Arising from these rainy weather conditions comes the attitude that a quick rain shower may be beautiful, as well as moody- but first and foremost requires the right outfit. Rains focus on the whole experience of going outside on rainy days, issuing an invitation to explore even in the most mercurial weather.</p>','published','[\"products\\/1.jpg\",\"products\\/1-1.jpg\"]','HS-125-A0',0,16,0,1,1,3,0,0,237,NULL,NULL,NULL,16.00,20.00,14.00,861.00,'2022-01-04 21:14:17','2022-01-04 21:14:57',1,47861,'in_stock',3,0,'Botble\\ACL\\Models\\User',0,NULL),(2,'All Natural Italian-Style Chicken Meatballs','<p>Short Hooded Coat features a straight body, large pockets with button flaps, ventilation air holes, and a string detail along the hemline.</p><ul>\n                                        <li><i class=\"fi-rs-hourglass mr-5 text-brand\"></i> 1 Year AL Jazeera Brand Warranty</li>\n                                        <li><i class=\"fi-rs-paper-plane mr-5 text-brand\"></i> 30 Day Return Policy</li>\n                                        <li><i class=\"fi-rs-credit-card mr-5 text-brand\"></i> Cash on Delivery available</li>\n                                    </ul>','<p>Short Hooded Coat features a straight body, large pockets with button flaps, ventilation air holes, and a string detail along the hemline. The style is completed with a drawstring hood, featuring Rains&rsquo; signature built-in cap. Made from waterproof, matte PU, this lightweight unisex rain jacket is an ode to nostalgia through its classic silhouette and utilitarian design details.</p>\n                                <p>- Casual unisex fit</p>\n\n                                <p>- 64% polyester, 36% polyurethane</p>\n\n                                <p>- Water column pressure: 4000 mm</p>\n\n                                <p>- Model is 187cm tall and wearing a size S / M</p>\n\n                                <p>- Unisex fit</p>\n\n                                <p>- Drawstring hood with built-in cap</p>\n\n                                <p>- Front placket with snap buttons</p>\n\n                                <p>- Ventilation under armpit</p>\n\n                                <p>- Adjustable cuffs</p>\n\n                                <p>- Double welted front pockets</p>\n\n                                <p>- Adjustable elastic string at hempen</p>\n\n                                <p>- Ultrasonically welded seams</p>\n\n                                <p>This is a unisex item, please check our clothing &amp; footwear sizing guide for specific Rains jacket sizing information. RAINS comes from the rainy nation of Denmark at the edge of the European continent, close to the ocean and with prevailing westerly winds; all factors that contribute to an average of 121 rain days each year. Arising from these rainy weather conditions comes the attitude that a quick rain shower may be beautiful, as well as moody- but first and foremost requires the right outfit. Rains focus on the whole experience of going outside on rainy days, issuing an invitation to explore even in the most mercurial weather.</p>','published','[\"products\\/2.jpg\",\"products\\/2-1.jpg\"]','HS-129-A0',0,13,0,1,1,5,0,0,427,NULL,NULL,NULL,19.00,10.00,13.00,612.00,'2022-01-04 21:14:17','2022-01-04 21:14:57',1,66111,'in_stock',1,0,'Botble\\ACL\\Models\\User',0,NULL),(3,'Angie’s Boomchickapop Sweet & Salty Kettle Corn','<p>Short Hooded Coat features a straight body, large pockets with button flaps, ventilation air holes, and a string detail along the hemline.</p><ul>\n                                        <li><i class=\"fi-rs-hourglass mr-5 text-brand\"></i> 1 Year AL Jazeera Brand Warranty</li>\n                                        <li><i class=\"fi-rs-paper-plane mr-5 text-brand\"></i> 30 Day Return Policy</li>\n                                        <li><i class=\"fi-rs-credit-card mr-5 text-brand\"></i> Cash on Delivery available</li>\n                                    </ul>','<p>Short Hooded Coat features a straight body, large pockets with button flaps, ventilation air holes, and a string detail along the hemline. The style is completed with a drawstring hood, featuring Rains&rsquo; signature built-in cap. Made from waterproof, matte PU, this lightweight unisex rain jacket is an ode to nostalgia through its classic silhouette and utilitarian design details.</p>\n                                <p>- Casual unisex fit</p>\n\n                                <p>- 64% polyester, 36% polyurethane</p>\n\n                                <p>- Water column pressure: 4000 mm</p>\n\n                                <p>- Model is 187cm tall and wearing a size S / M</p>\n\n                                <p>- Unisex fit</p>\n\n                                <p>- Drawstring hood with built-in cap</p>\n\n                                <p>- Front placket with snap buttons</p>\n\n                                <p>- Ventilation under armpit</p>\n\n                                <p>- Adjustable cuffs</p>\n\n                                <p>- Double welted front pockets</p>\n\n                                <p>- Adjustable elastic string at hempen</p>\n\n                                <p>- Ultrasonically welded seams</p>\n\n                                <p>This is a unisex item, please check our clothing &amp; footwear sizing guide for specific Rains jacket sizing information. RAINS comes from the rainy nation of Denmark at the edge of the European continent, close to the ocean and with prevailing westerly winds; all factors that contribute to an average of 121 rain days each year. Arising from these rainy weather conditions comes the attitude that a quick rain shower may be beautiful, as well as moody- but first and foremost requires the right outfit. Rains focus on the whole experience of going outside on rainy days, issuing an invitation to explore even in the most mercurial weather.</p>','published','[\"products\\/3.jpg\",\"products\\/3-1.jpg\"]','HS-107-A0',0,14,0,1,1,6,0,0,351,NULL,NULL,NULL,13.00,12.00,20.00,678.00,'2022-01-04 21:14:17','2022-01-04 21:14:57',1,87004,'in_stock',4,0,'Botble\\ACL\\Models\\User',0,NULL),(4,'Foster Farms Takeout Crispy Classic','<p>Short Hooded Coat features a straight body, large pockets with button flaps, ventilation air holes, and a string detail along the hemline.</p><ul>\n                                        <li><i class=\"fi-rs-hourglass mr-5 text-brand\"></i> 1 Year AL Jazeera Brand Warranty</li>\n                                        <li><i class=\"fi-rs-paper-plane mr-5 text-brand\"></i> 30 Day Return Policy</li>\n                                        <li><i class=\"fi-rs-credit-card mr-5 text-brand\"></i> Cash on Delivery available</li>\n                                    </ul>','<p>Short Hooded Coat features a straight body, large pockets with button flaps, ventilation air holes, and a string detail along the hemline. The style is completed with a drawstring hood, featuring Rains&rsquo; signature built-in cap. Made from waterproof, matte PU, this lightweight unisex rain jacket is an ode to nostalgia through its classic silhouette and utilitarian design details.</p>\n                                <p>- Casual unisex fit</p>\n\n                                <p>- 64% polyester, 36% polyurethane</p>\n\n                                <p>- Water column pressure: 4000 mm</p>\n\n                                <p>- Model is 187cm tall and wearing a size S / M</p>\n\n                                <p>- Unisex fit</p>\n\n                                <p>- Drawstring hood with built-in cap</p>\n\n                                <p>- Front placket with snap buttons</p>\n\n                                <p>- Ventilation under armpit</p>\n\n                                <p>- Adjustable cuffs</p>\n\n                                <p>- Double welted front pockets</p>\n\n                                <p>- Adjustable elastic string at hempen</p>\n\n                                <p>- Ultrasonically welded seams</p>\n\n                                <p>This is a unisex item, please check our clothing &amp; footwear sizing guide for specific Rains jacket sizing information. RAINS comes from the rainy nation of Denmark at the edge of the European continent, close to the ocean and with prevailing westerly winds; all factors that contribute to an average of 121 rain days each year. Arising from these rainy weather conditions comes the attitude that a quick rain shower may be beautiful, as well as moody- but first and foremost requires the right outfit. Rains focus on the whole experience of going outside on rainy days, issuing an invitation to explore even in the most mercurial weather.</p>','published','[\"products\\/4.jpg\",\"products\\/4-1.jpg\"]','HS-161-A0',0,13,0,1,1,3,0,0,86,62.78,NULL,NULL,17.00,14.00,14.00,639.00,'2022-01-04 21:14:17','2022-01-04 21:14:57',1,18541,'in_stock',3,0,'Botble\\ACL\\Models\\User',0,NULL),(5,'Blue Diamond Almonds Lightly','<p>Short Hooded Coat features a straight body, large pockets with button flaps, ventilation air holes, and a string detail along the hemline.</p><ul>\n                                        <li><i class=\"fi-rs-hourglass mr-5 text-brand\"></i> 1 Year AL Jazeera Brand Warranty</li>\n                                        <li><i class=\"fi-rs-paper-plane mr-5 text-brand\"></i> 30 Day Return Policy</li>\n                                        <li><i class=\"fi-rs-credit-card mr-5 text-brand\"></i> Cash on Delivery available</li>\n                                    </ul>','<p>Short Hooded Coat features a straight body, large pockets with button flaps, ventilation air holes, and a string detail along the hemline. The style is completed with a drawstring hood, featuring Rains&rsquo; signature built-in cap. Made from waterproof, matte PU, this lightweight unisex rain jacket is an ode to nostalgia through its classic silhouette and utilitarian design details.</p>\n                                <p>- Casual unisex fit</p>\n\n                                <p>- 64% polyester, 36% polyurethane</p>\n\n                                <p>- Water column pressure: 4000 mm</p>\n\n                                <p>- Model is 187cm tall and wearing a size S / M</p>\n\n                                <p>- Unisex fit</p>\n\n                                <p>- Drawstring hood with built-in cap</p>\n\n                                <p>- Front placket with snap buttons</p>\n\n                                <p>- Ventilation under armpit</p>\n\n                                <p>- Adjustable cuffs</p>\n\n                                <p>- Double welted front pockets</p>\n\n                                <p>- Adjustable elastic string at hempen</p>\n\n                                <p>- Ultrasonically welded seams</p>\n\n                                <p>This is a unisex item, please check our clothing &amp; footwear sizing guide for specific Rains jacket sizing information. RAINS comes from the rainy nation of Denmark at the edge of the European continent, close to the ocean and with prevailing westerly winds; all factors that contribute to an average of 121 rain days each year. Arising from these rainy weather conditions comes the attitude that a quick rain shower may be beautiful, as well as moody- but first and foremost requires the right outfit. Rains focus on the whole experience of going outside on rainy days, issuing an invitation to explore even in the most mercurial weather.</p>','published','[\"products\\/5.jpg\",\"products\\/5-1.jpg\"]','HS-101-A0',0,19,0,1,1,1,0,0,45,NULL,NULL,NULL,13.00,10.00,14.00,524.00,'2022-01-04 21:14:17','2022-01-04 21:14:57',1,60309,'in_stock',1,0,'Botble\\ACL\\Models\\User',0,NULL),(6,'Chobani Complete Vanilla Greek','<p>Short Hooded Coat features a straight body, large pockets with button flaps, ventilation air holes, and a string detail along the hemline.</p><ul>\n                                        <li><i class=\"fi-rs-hourglass mr-5 text-brand\"></i> 1 Year AL Jazeera Brand Warranty</li>\n                                        <li><i class=\"fi-rs-paper-plane mr-5 text-brand\"></i> 30 Day Return Policy</li>\n                                        <li><i class=\"fi-rs-credit-card mr-5 text-brand\"></i> Cash on Delivery available</li>\n                                    </ul>','<p>Short Hooded Coat features a straight body, large pockets with button flaps, ventilation air holes, and a string detail along the hemline. The style is completed with a drawstring hood, featuring Rains&rsquo; signature built-in cap. Made from waterproof, matte PU, this lightweight unisex rain jacket is an ode to nostalgia through its classic silhouette and utilitarian design details.</p>\n                                <p>- Casual unisex fit</p>\n\n                                <p>- 64% polyester, 36% polyurethane</p>\n\n                                <p>- Water column pressure: 4000 mm</p>\n\n                                <p>- Model is 187cm tall and wearing a size S / M</p>\n\n                                <p>- Unisex fit</p>\n\n                                <p>- Drawstring hood with built-in cap</p>\n\n                                <p>- Front placket with snap buttons</p>\n\n                                <p>- Ventilation under armpit</p>\n\n                                <p>- Adjustable cuffs</p>\n\n                                <p>- Double welted front pockets</p>\n\n                                <p>- Adjustable elastic string at hempen</p>\n\n                                <p>- Ultrasonically welded seams</p>\n\n                                <p>This is a unisex item, please check our clothing &amp; footwear sizing guide for specific Rains jacket sizing information. RAINS comes from the rainy nation of Denmark at the edge of the European continent, close to the ocean and with prevailing westerly winds; all factors that contribute to an average of 121 rain days each year. Arising from these rainy weather conditions comes the attitude that a quick rain shower may be beautiful, as well as moody- but first and foremost requires the right outfit. Rains focus on the whole experience of going outside on rainy days, issuing an invitation to explore even in the most mercurial weather.</p>','published','[\"products\\/6.jpg\",\"products\\/6-1.jpg\"]','HS-116-A0',0,10,0,1,1,4,0,0,59,NULL,NULL,NULL,14.00,20.00,14.00,860.00,'2022-01-04 21:14:17','2022-01-04 21:14:57',1,50307,'in_stock',2,0,'Botble\\ACL\\Models\\User',0,NULL),(7,'Canada Dry Ginger Ale – 2 L Bottle','<p>Short Hooded Coat features a straight body, large pockets with button flaps, ventilation air holes, and a string detail along the hemline.</p><ul>\n                                        <li><i class=\"fi-rs-hourglass mr-5 text-brand\"></i> 1 Year AL Jazeera Brand Warranty</li>\n                                        <li><i class=\"fi-rs-paper-plane mr-5 text-brand\"></i> 30 Day Return Policy</li>\n                                        <li><i class=\"fi-rs-credit-card mr-5 text-brand\"></i> Cash on Delivery available</li>\n                                    </ul>','<p>Short Hooded Coat features a straight body, large pockets with button flaps, ventilation air holes, and a string detail along the hemline. The style is completed with a drawstring hood, featuring Rains&rsquo; signature built-in cap. Made from waterproof, matte PU, this lightweight unisex rain jacket is an ode to nostalgia through its classic silhouette and utilitarian design details.</p>\n                                <p>- Casual unisex fit</p>\n\n                                <p>- 64% polyester, 36% polyurethane</p>\n\n                                <p>- Water column pressure: 4000 mm</p>\n\n                                <p>- Model is 187cm tall and wearing a size S / M</p>\n\n                                <p>- Unisex fit</p>\n\n                                <p>- Drawstring hood with built-in cap</p>\n\n                                <p>- Front placket with snap buttons</p>\n\n                                <p>- Ventilation under armpit</p>\n\n                                <p>- Adjustable cuffs</p>\n\n                                <p>- Double welted front pockets</p>\n\n                                <p>- Adjustable elastic string at hempen</p>\n\n                                <p>- Ultrasonically welded seams</p>\n\n                                <p>This is a unisex item, please check our clothing &amp; footwear sizing guide for specific Rains jacket sizing information. RAINS comes from the rainy nation of Denmark at the edge of the European continent, close to the ocean and with prevailing westerly winds; all factors that contribute to an average of 121 rain days each year. Arising from these rainy weather conditions comes the attitude that a quick rain shower may be beautiful, as well as moody- but first and foremost requires the right outfit. Rains focus on the whole experience of going outside on rainy days, issuing an invitation to explore even in the most mercurial weather.</p>','published','[\"products\\/7.jpg\",\"products\\/7-1.jpg\"]','HS-163-A0',0,14,0,1,1,7,0,0,130,NULL,NULL,NULL,10.00,10.00,16.00,783.00,'2022-01-04 21:14:17','2022-01-04 21:14:57',1,155057,'in_stock',2,0,'Botble\\ACL\\Models\\User',0,NULL),(8,'Encore Seafoods Stuffed Alaskan','<p>Short Hooded Coat features a straight body, large pockets with button flaps, ventilation air holes, and a string detail along the hemline.</p><ul>\n                                        <li><i class=\"fi-rs-hourglass mr-5 text-brand\"></i> 1 Year AL Jazeera Brand Warranty</li>\n                                        <li><i class=\"fi-rs-paper-plane mr-5 text-brand\"></i> 30 Day Return Policy</li>\n                                        <li><i class=\"fi-rs-credit-card mr-5 text-brand\"></i> Cash on Delivery available</li>\n                                    </ul>','<p>Short Hooded Coat features a straight body, large pockets with button flaps, ventilation air holes, and a string detail along the hemline. The style is completed with a drawstring hood, featuring Rains&rsquo; signature built-in cap. Made from waterproof, matte PU, this lightweight unisex rain jacket is an ode to nostalgia through its classic silhouette and utilitarian design details.</p>\n                                <p>- Casual unisex fit</p>\n\n                                <p>- 64% polyester, 36% polyurethane</p>\n\n                                <p>- Water column pressure: 4000 mm</p>\n\n                                <p>- Model is 187cm tall and wearing a size S / M</p>\n\n                                <p>- Unisex fit</p>\n\n                                <p>- Drawstring hood with built-in cap</p>\n\n                                <p>- Front placket with snap buttons</p>\n\n                                <p>- Ventilation under armpit</p>\n\n                                <p>- Adjustable cuffs</p>\n\n                                <p>- Double welted front pockets</p>\n\n                                <p>- Adjustable elastic string at hempen</p>\n\n                                <p>- Ultrasonically welded seams</p>\n\n                                <p>This is a unisex item, please check our clothing &amp; footwear sizing guide for specific Rains jacket sizing information. RAINS comes from the rainy nation of Denmark at the edge of the European continent, close to the ocean and with prevailing westerly winds; all factors that contribute to an average of 121 rain days each year. Arising from these rainy weather conditions comes the attitude that a quick rain shower may be beautiful, as well as moody- but first and foremost requires the right outfit. Rains focus on the whole experience of going outside on rainy days, issuing an invitation to explore even in the most mercurial weather.</p>','published','[\"products\\/8.jpg\",\"products\\/8-1.jpg\"]','HS-113-A0',0,10,0,1,1,5,0,0,124,105.4,NULL,NULL,10.00,11.00,12.00,876.00,'2022-01-04 21:14:17','2022-01-04 21:14:57',1,99492,'in_stock',1,0,'Botble\\ACL\\Models\\User',0,NULL),(9,'Gorton’s Beer Battered Fish Fillets','<p>Short Hooded Coat features a straight body, large pockets with button flaps, ventilation air holes, and a string detail along the hemline.</p><ul>\n                                        <li><i class=\"fi-rs-hourglass mr-5 text-brand\"></i> 1 Year AL Jazeera Brand Warranty</li>\n                                        <li><i class=\"fi-rs-paper-plane mr-5 text-brand\"></i> 30 Day Return Policy</li>\n                                        <li><i class=\"fi-rs-credit-card mr-5 text-brand\"></i> Cash on Delivery available</li>\n                                    </ul>','<p>Short Hooded Coat features a straight body, large pockets with button flaps, ventilation air holes, and a string detail along the hemline. The style is completed with a drawstring hood, featuring Rains&rsquo; signature built-in cap. Made from waterproof, matte PU, this lightweight unisex rain jacket is an ode to nostalgia through its classic silhouette and utilitarian design details.</p>\n                                <p>- Casual unisex fit</p>\n\n                                <p>- 64% polyester, 36% polyurethane</p>\n\n                                <p>- Water column pressure: 4000 mm</p>\n\n                                <p>- Model is 187cm tall and wearing a size S / M</p>\n\n                                <p>- Unisex fit</p>\n\n                                <p>- Drawstring hood with built-in cap</p>\n\n                                <p>- Front placket with snap buttons</p>\n\n                                <p>- Ventilation under armpit</p>\n\n                                <p>- Adjustable cuffs</p>\n\n                                <p>- Double welted front pockets</p>\n\n                                <p>- Adjustable elastic string at hempen</p>\n\n                                <p>- Ultrasonically welded seams</p>\n\n                                <p>This is a unisex item, please check our clothing &amp; footwear sizing guide for specific Rains jacket sizing information. RAINS comes from the rainy nation of Denmark at the edge of the European continent, close to the ocean and with prevailing westerly winds; all factors that contribute to an average of 121 rain days each year. Arising from these rainy weather conditions comes the attitude that a quick rain shower may be beautiful, as well as moody- but first and foremost requires the right outfit. Rains focus on the whole experience of going outside on rainy days, issuing an invitation to explore even in the most mercurial weather.</p>','published','[\"products\\/9.jpg\",\"products\\/9-1.jpg\"]','HS-191-A0',0,11,0,1,1,6,0,0,121,NULL,NULL,NULL,11.00,11.00,12.00,703.00,'2022-01-04 21:14:17','2022-01-04 21:14:57',1,174461,'in_stock',3,0,'Botble\\ACL\\Models\\User',0,NULL),(10,'Haagen-Dazs Caramel Cone Ice Cream','<p>Short Hooded Coat features a straight body, large pockets with button flaps, ventilation air holes, and a string detail along the hemline.</p><ul>\n                                        <li><i class=\"fi-rs-hourglass mr-5 text-brand\"></i> 1 Year AL Jazeera Brand Warranty</li>\n                                        <li><i class=\"fi-rs-paper-plane mr-5 text-brand\"></i> 30 Day Return Policy</li>\n                                        <li><i class=\"fi-rs-credit-card mr-5 text-brand\"></i> Cash on Delivery available</li>\n                                    </ul>','<p>Short Hooded Coat features a straight body, large pockets with button flaps, ventilation air holes, and a string detail along the hemline. The style is completed with a drawstring hood, featuring Rains&rsquo; signature built-in cap. Made from waterproof, matte PU, this lightweight unisex rain jacket is an ode to nostalgia through its classic silhouette and utilitarian design details.</p>\n                                <p>- Casual unisex fit</p>\n\n                                <p>- 64% polyester, 36% polyurethane</p>\n\n                                <p>- Water column pressure: 4000 mm</p>\n\n                                <p>- Model is 187cm tall and wearing a size S / M</p>\n\n                                <p>- Unisex fit</p>\n\n                                <p>- Drawstring hood with built-in cap</p>\n\n                                <p>- Front placket with snap buttons</p>\n\n                                <p>- Ventilation under armpit</p>\n\n                                <p>- Adjustable cuffs</p>\n\n                                <p>- Double welted front pockets</p>\n\n                                <p>- Adjustable elastic string at hempen</p>\n\n                                <p>- Ultrasonically welded seams</p>\n\n                                <p>This is a unisex item, please check our clothing &amp; footwear sizing guide for specific Rains jacket sizing information. RAINS comes from the rainy nation of Denmark at the edge of the European continent, close to the ocean and with prevailing westerly winds; all factors that contribute to an average of 121 rain days each year. Arising from these rainy weather conditions comes the attitude that a quick rain shower may be beautiful, as well as moody- but first and foremost requires the right outfit. Rains focus on the whole experience of going outside on rainy days, issuing an invitation to explore even in the most mercurial weather.</p>','published','[\"products\\/10.jpg\",\"products\\/10-1.jpg\"]','HS-100-A0',0,15,0,1,1,3,0,0,392,NULL,NULL,NULL,12.00,17.00,14.00,557.00,'2022-01-04 21:14:17','2022-01-04 21:14:57',1,135480,'in_stock',1,0,'Botble\\ACL\\Models\\User',0,NULL),(11,'Nestle Original Coffee-Mate Coffee Creamer','<p>Short Hooded Coat features a straight body, large pockets with button flaps, ventilation air holes, and a string detail along the hemline.</p><ul>\n                                        <li><i class=\"fi-rs-hourglass mr-5 text-brand\"></i> 1 Year AL Jazeera Brand Warranty</li>\n                                        <li><i class=\"fi-rs-paper-plane mr-5 text-brand\"></i> 30 Day Return Policy</li>\n                                        <li><i class=\"fi-rs-credit-card mr-5 text-brand\"></i> Cash on Delivery available</li>\n                                    </ul>','<p>Short Hooded Coat features a straight body, large pockets with button flaps, ventilation air holes, and a string detail along the hemline. The style is completed with a drawstring hood, featuring Rains&rsquo; signature built-in cap. Made from waterproof, matte PU, this lightweight unisex rain jacket is an ode to nostalgia through its classic silhouette and utilitarian design details.</p>\n                                <p>- Casual unisex fit</p>\n\n                                <p>- 64% polyester, 36% polyurethane</p>\n\n                                <p>- Water column pressure: 4000 mm</p>\n\n                                <p>- Model is 187cm tall and wearing a size S / M</p>\n\n                                <p>- Unisex fit</p>\n\n                                <p>- Drawstring hood with built-in cap</p>\n\n                                <p>- Front placket with snap buttons</p>\n\n                                <p>- Ventilation under armpit</p>\n\n                                <p>- Adjustable cuffs</p>\n\n                                <p>- Double welted front pockets</p>\n\n                                <p>- Adjustable elastic string at hempen</p>\n\n                                <p>- Ultrasonically welded seams</p>\n\n                                <p>This is a unisex item, please check our clothing &amp; footwear sizing guide for specific Rains jacket sizing information. RAINS comes from the rainy nation of Denmark at the edge of the European continent, close to the ocean and with prevailing westerly winds; all factors that contribute to an average of 121 rain days each year. Arising from these rainy weather conditions comes the attitude that a quick rain shower may be beautiful, as well as moody- but first and foremost requires the right outfit. Rains focus on the whole experience of going outside on rainy days, issuing an invitation to explore even in the most mercurial weather.</p>','published','[\"products\\/11.jpg\",\"products\\/11-1.jpg\"]','HS-122-A0',0,20,0,1,1,5,0,0,125,NULL,NULL,NULL,20.00,14.00,15.00,792.00,'2022-01-04 21:14:17','2022-01-04 21:14:57',1,105583,'in_stock',4,0,'Botble\\ACL\\Models\\User',0,NULL),(12,'Naturally Flavored Cinnamon Vanilla Light Roast Coffee','<p>Short Hooded Coat features a straight body, large pockets with button flaps, ventilation air holes, and a string detail along the hemline.</p><ul>\n                                        <li><i class=\"fi-rs-hourglass mr-5 text-brand\"></i> 1 Year AL Jazeera Brand Warranty</li>\n                                        <li><i class=\"fi-rs-paper-plane mr-5 text-brand\"></i> 30 Day Return Policy</li>\n                                        <li><i class=\"fi-rs-credit-card mr-5 text-brand\"></i> Cash on Delivery available</li>\n                                    </ul>','<p>Short Hooded Coat features a straight body, large pockets with button flaps, ventilation air holes, and a string detail along the hemline. The style is completed with a drawstring hood, featuring Rains&rsquo; signature built-in cap. Made from waterproof, matte PU, this lightweight unisex rain jacket is an ode to nostalgia through its classic silhouette and utilitarian design details.</p>\n                                <p>- Casual unisex fit</p>\n\n                                <p>- 64% polyester, 36% polyurethane</p>\n\n                                <p>- Water column pressure: 4000 mm</p>\n\n                                <p>- Model is 187cm tall and wearing a size S / M</p>\n\n                                <p>- Unisex fit</p>\n\n                                <p>- Drawstring hood with built-in cap</p>\n\n                                <p>- Front placket with snap buttons</p>\n\n                                <p>- Ventilation under armpit</p>\n\n                                <p>- Adjustable cuffs</p>\n\n                                <p>- Double welted front pockets</p>\n\n                                <p>- Adjustable elastic string at hempen</p>\n\n                                <p>- Ultrasonically welded seams</p>\n\n                                <p>This is a unisex item, please check our clothing &amp; footwear sizing guide for specific Rains jacket sizing information. RAINS comes from the rainy nation of Denmark at the edge of the European continent, close to the ocean and with prevailing westerly winds; all factors that contribute to an average of 121 rain days each year. Arising from these rainy weather conditions comes the attitude that a quick rain shower may be beautiful, as well as moody- but first and foremost requires the right outfit. Rains focus on the whole experience of going outside on rainy days, issuing an invitation to explore even in the most mercurial weather.</p>','published','[\"products\\/12.jpg\",\"products\\/12-1.jpg\"]','HS-111-A0',0,14,0,1,1,4,0,0,124,102.92,NULL,NULL,18.00,13.00,20.00,586.00,'2022-01-04 21:14:17','2022-01-04 21:14:57',1,26013,'in_stock',3,0,'Botble\\ACL\\Models\\User',0,NULL),(13,'Pepperidge Farm Farmhouse Hearty White Bread','<p>Short Hooded Coat features a straight body, large pockets with button flaps, ventilation air holes, and a string detail along the hemline.</p><ul>\n                                        <li><i class=\"fi-rs-hourglass mr-5 text-brand\"></i> 1 Year AL Jazeera Brand Warranty</li>\n                                        <li><i class=\"fi-rs-paper-plane mr-5 text-brand\"></i> 30 Day Return Policy</li>\n                                        <li><i class=\"fi-rs-credit-card mr-5 text-brand\"></i> Cash on Delivery available</li>\n                                    </ul>','<p>Short Hooded Coat features a straight body, large pockets with button flaps, ventilation air holes, and a string detail along the hemline. The style is completed with a drawstring hood, featuring Rains&rsquo; signature built-in cap. Made from waterproof, matte PU, this lightweight unisex rain jacket is an ode to nostalgia through its classic silhouette and utilitarian design details.</p>\n                                <p>- Casual unisex fit</p>\n\n                                <p>- 64% polyester, 36% polyurethane</p>\n\n                                <p>- Water column pressure: 4000 mm</p>\n\n                                <p>- Model is 187cm tall and wearing a size S / M</p>\n\n                                <p>- Unisex fit</p>\n\n                                <p>- Drawstring hood with built-in cap</p>\n\n                                <p>- Front placket with snap buttons</p>\n\n                                <p>- Ventilation under armpit</p>\n\n                                <p>- Adjustable cuffs</p>\n\n                                <p>- Double welted front pockets</p>\n\n                                <p>- Adjustable elastic string at hempen</p>\n\n                                <p>- Ultrasonically welded seams</p>\n\n                                <p>This is a unisex item, please check our clothing &amp; footwear sizing guide for specific Rains jacket sizing information. RAINS comes from the rainy nation of Denmark at the edge of the European continent, close to the ocean and with prevailing westerly winds; all factors that contribute to an average of 121 rain days each year. Arising from these rainy weather conditions comes the attitude that a quick rain shower may be beautiful, as well as moody- but first and foremost requires the right outfit. Rains focus on the whole experience of going outside on rainy days, issuing an invitation to explore even in the most mercurial weather.</p>','published','[\"products\\/13.jpg\",\"products\\/13-1.jpg\"]','HS-197-A0',0,18,0,1,1,1,0,0,119,NULL,NULL,NULL,20.00,20.00,13.00,520.00,'2022-01-04 21:14:17','2022-01-04 21:14:57',1,144986,'in_stock',2,0,'Botble\\ACL\\Models\\User',0,NULL),(14,'Organic Frozen Triple Berry Blend','<p>Short Hooded Coat features a straight body, large pockets with button flaps, ventilation air holes, and a string detail along the hemline.</p><ul>\n                                        <li><i class=\"fi-rs-hourglass mr-5 text-brand\"></i> 1 Year AL Jazeera Brand Warranty</li>\n                                        <li><i class=\"fi-rs-paper-plane mr-5 text-brand\"></i> 30 Day Return Policy</li>\n                                        <li><i class=\"fi-rs-credit-card mr-5 text-brand\"></i> Cash on Delivery available</li>\n                                    </ul>','<p>Short Hooded Coat features a straight body, large pockets with button flaps, ventilation air holes, and a string detail along the hemline. The style is completed with a drawstring hood, featuring Rains&rsquo; signature built-in cap. Made from waterproof, matte PU, this lightweight unisex rain jacket is an ode to nostalgia through its classic silhouette and utilitarian design details.</p>\n                                <p>- Casual unisex fit</p>\n\n                                <p>- 64% polyester, 36% polyurethane</p>\n\n                                <p>- Water column pressure: 4000 mm</p>\n\n                                <p>- Model is 187cm tall and wearing a size S / M</p>\n\n                                <p>- Unisex fit</p>\n\n                                <p>- Drawstring hood with built-in cap</p>\n\n                                <p>- Front placket with snap buttons</p>\n\n                                <p>- Ventilation under armpit</p>\n\n                                <p>- Adjustable cuffs</p>\n\n                                <p>- Double welted front pockets</p>\n\n                                <p>- Adjustable elastic string at hempen</p>\n\n                                <p>- Ultrasonically welded seams</p>\n\n                                <p>This is a unisex item, please check our clothing &amp; footwear sizing guide for specific Rains jacket sizing information. RAINS comes from the rainy nation of Denmark at the edge of the European continent, close to the ocean and with prevailing westerly winds; all factors that contribute to an average of 121 rain days each year. Arising from these rainy weather conditions comes the attitude that a quick rain shower may be beautiful, as well as moody- but first and foremost requires the right outfit. Rains focus on the whole experience of going outside on rainy days, issuing an invitation to explore even in the most mercurial weather.</p>','published','[\"products\\/14.jpg\",\"products\\/14-1.jpg\"]','HS-183-A0',0,12,0,1,1,3,0,0,115,NULL,NULL,NULL,13.00,14.00,13.00,543.00,'2022-01-04 21:14:17','2022-01-04 21:14:57',1,137701,'in_stock',2,0,'Botble\\ACL\\Models\\User',0,NULL),(15,'Oroweat Country Buttermilk Bread','<p>Short Hooded Coat features a straight body, large pockets with button flaps, ventilation air holes, and a string detail along the hemline.</p><ul>\n                                        <li><i class=\"fi-rs-hourglass mr-5 text-brand\"></i> 1 Year AL Jazeera Brand Warranty</li>\n                                        <li><i class=\"fi-rs-paper-plane mr-5 text-brand\"></i> 30 Day Return Policy</li>\n                                        <li><i class=\"fi-rs-credit-card mr-5 text-brand\"></i> Cash on Delivery available</li>\n                                    </ul>','<p>Short Hooded Coat features a straight body, large pockets with button flaps, ventilation air holes, and a string detail along the hemline. The style is completed with a drawstring hood, featuring Rains&rsquo; signature built-in cap. Made from waterproof, matte PU, this lightweight unisex rain jacket is an ode to nostalgia through its classic silhouette and utilitarian design details.</p>\n                                <p>- Casual unisex fit</p>\n\n                                <p>- 64% polyester, 36% polyurethane</p>\n\n                                <p>- Water column pressure: 4000 mm</p>\n\n                                <p>- Model is 187cm tall and wearing a size S / M</p>\n\n                                <p>- Unisex fit</p>\n\n                                <p>- Drawstring hood with built-in cap</p>\n\n                                <p>- Front placket with snap buttons</p>\n\n                                <p>- Ventilation under armpit</p>\n\n                                <p>- Adjustable cuffs</p>\n\n                                <p>- Double welted front pockets</p>\n\n                                <p>- Adjustable elastic string at hempen</p>\n\n                                <p>- Ultrasonically welded seams</p>\n\n                                <p>This is a unisex item, please check our clothing &amp; footwear sizing guide for specific Rains jacket sizing information. RAINS comes from the rainy nation of Denmark at the edge of the European continent, close to the ocean and with prevailing westerly winds; all factors that contribute to an average of 121 rain days each year. Arising from these rainy weather conditions comes the attitude that a quick rain shower may be beautiful, as well as moody- but first and foremost requires the right outfit. Rains focus on the whole experience of going outside on rainy days, issuing an invitation to explore even in the most mercurial weather.</p>','published','[\"products\\/15.jpg\",\"products\\/15-1.jpg\"]','HS-133-A0',0,12,0,1,1,3,0,0,129,NULL,NULL,NULL,19.00,12.00,16.00,667.00,'2022-01-04 21:14:17','2022-01-04 21:14:57',1,31394,'in_stock',5,0,'Botble\\ACL\\Models\\User',0,NULL),(16,'Foster Farms Takeout Crispy Classic Buffalo Wings','<p>Short Hooded Coat features a straight body, large pockets with button flaps, ventilation air holes, and a string detail along the hemline.</p><ul>\n                                        <li><i class=\"fi-rs-hourglass mr-5 text-brand\"></i> 1 Year AL Jazeera Brand Warranty</li>\n                                        <li><i class=\"fi-rs-paper-plane mr-5 text-brand\"></i> 30 Day Return Policy</li>\n                                        <li><i class=\"fi-rs-credit-card mr-5 text-brand\"></i> Cash on Delivery available</li>\n                                    </ul>','<p>Short Hooded Coat features a straight body, large pockets with button flaps, ventilation air holes, and a string detail along the hemline. The style is completed with a drawstring hood, featuring Rains&rsquo; signature built-in cap. Made from waterproof, matte PU, this lightweight unisex rain jacket is an ode to nostalgia through its classic silhouette and utilitarian design details.</p>\n                                <p>- Casual unisex fit</p>\n\n                                <p>- 64% polyester, 36% polyurethane</p>\n\n                                <p>- Water column pressure: 4000 mm</p>\n\n                                <p>- Model is 187cm tall and wearing a size S / M</p>\n\n                                <p>- Unisex fit</p>\n\n                                <p>- Drawstring hood with built-in cap</p>\n\n                                <p>- Front placket with snap buttons</p>\n\n                                <p>- Ventilation under armpit</p>\n\n                                <p>- Adjustable cuffs</p>\n\n                                <p>- Double welted front pockets</p>\n\n                                <p>- Adjustable elastic string at hempen</p>\n\n                                <p>- Ultrasonically welded seams</p>\n\n                                <p>This is a unisex item, please check our clothing &amp; footwear sizing guide for specific Rains jacket sizing information. RAINS comes from the rainy nation of Denmark at the edge of the European continent, close to the ocean and with prevailing westerly winds; all factors that contribute to an average of 121 rain days each year. Arising from these rainy weather conditions comes the attitude that a quick rain shower may be beautiful, as well as moody- but first and foremost requires the right outfit. Rains focus on the whole experience of going outside on rainy days, issuing an invitation to explore even in the most mercurial weather.</p>','published','[\"products\\/16.jpg\",\"products\\/16-1.jpg\",\"products\\/16-2.jpg\",\"products\\/16-3.jpg\",\"products\\/16-4.jpg\",\"products\\/16-5.jpg\",\"products\\/16-6.jpg\"]','HS-197-A0',0,14,0,1,1,1,0,0,116,102.08,NULL,NULL,13.00,14.00,12.00,708.00,'2022-01-04 21:14:17','2022-01-04 21:14:57',1,99236,'in_stock',2,0,'Botble\\ACL\\Models\\User',0,NULL),(17,'Angie’s Boomchickapop Sweet & Salty Kettle Corn','<p>Short Hooded Coat features a straight body, large pockets with button flaps, ventilation air holes, and a string detail along the hemline.</p><ul>\n                                        <li><i class=\"fi-rs-hourglass mr-5 text-brand\"></i> 1 Year AL Jazeera Brand Warranty</li>\n                                        <li><i class=\"fi-rs-paper-plane mr-5 text-brand\"></i> 30 Day Return Policy</li>\n                                        <li><i class=\"fi-rs-credit-card mr-5 text-brand\"></i> Cash on Delivery available</li>\n                                    </ul>','<p>Short Hooded Coat features a straight body, large pockets with button flaps, ventilation air holes, and a string detail along the hemline. The style is completed with a drawstring hood, featuring Rains&rsquo; signature built-in cap. Made from waterproof, matte PU, this lightweight unisex rain jacket is an ode to nostalgia through its classic silhouette and utilitarian design details.</p>\n                                <p>- Casual unisex fit</p>\n\n                                <p>- 64% polyester, 36% polyurethane</p>\n\n                                <p>- Water column pressure: 4000 mm</p>\n\n                                <p>- Model is 187cm tall and wearing a size S / M</p>\n\n                                <p>- Unisex fit</p>\n\n                                <p>- Drawstring hood with built-in cap</p>\n\n                                <p>- Front placket with snap buttons</p>\n\n                                <p>- Ventilation under armpit</p>\n\n                                <p>- Adjustable cuffs</p>\n\n                                <p>- Double welted front pockets</p>\n\n                                <p>- Adjustable elastic string at hempen</p>\n\n                                <p>- Ultrasonically welded seams</p>\n\n                                <p>This is a unisex item, please check our clothing &amp; footwear sizing guide for specific Rains jacket sizing information. RAINS comes from the rainy nation of Denmark at the edge of the European continent, close to the ocean and with prevailing westerly winds; all factors that contribute to an average of 121 rain days each year. Arising from these rainy weather conditions comes the attitude that a quick rain shower may be beautiful, as well as moody- but first and foremost requires the right outfit. Rains focus on the whole experience of going outside on rainy days, issuing an invitation to explore even in the most mercurial weather.</p>','published','[\"products\\/17.jpg\",\"products\\/17-1.jpg\"]','HS-182-A0',0,10,0,1,1,4,0,0,119,NULL,NULL,NULL,16.00,12.00,12.00,503.00,'2022-01-04 21:14:17','2022-01-04 21:14:57',1,145184,'in_stock',2,0,'Botble\\ACL\\Models\\User',0,NULL),(18,'All Natural Italian-Style Chicken Meatballs','<p>Short Hooded Coat features a straight body, large pockets with button flaps, ventilation air holes, and a string detail along the hemline.</p><ul>\n                                        <li><i class=\"fi-rs-hourglass mr-5 text-brand\"></i> 1 Year AL Jazeera Brand Warranty</li>\n                                        <li><i class=\"fi-rs-paper-plane mr-5 text-brand\"></i> 30 Day Return Policy</li>\n                                        <li><i class=\"fi-rs-credit-card mr-5 text-brand\"></i> Cash on Delivery available</li>\n                                    </ul>','<p>Short Hooded Coat features a straight body, large pockets with button flaps, ventilation air holes, and a string detail along the hemline. The style is completed with a drawstring hood, featuring Rains&rsquo; signature built-in cap. Made from waterproof, matte PU, this lightweight unisex rain jacket is an ode to nostalgia through its classic silhouette and utilitarian design details.</p>\n                                <p>- Casual unisex fit</p>\n\n                                <p>- 64% polyester, 36% polyurethane</p>\n\n                                <p>- Water column pressure: 4000 mm</p>\n\n                                <p>- Model is 187cm tall and wearing a size S / M</p>\n\n                                <p>- Unisex fit</p>\n\n                                <p>- Drawstring hood with built-in cap</p>\n\n                                <p>- Front placket with snap buttons</p>\n\n                                <p>- Ventilation under armpit</p>\n\n                                <p>- Adjustable cuffs</p>\n\n                                <p>- Double welted front pockets</p>\n\n                                <p>- Adjustable elastic string at hempen</p>\n\n                                <p>- Ultrasonically welded seams</p>\n\n                                <p>This is a unisex item, please check our clothing &amp; footwear sizing guide for specific Rains jacket sizing information. RAINS comes from the rainy nation of Denmark at the edge of the European continent, close to the ocean and with prevailing westerly winds; all factors that contribute to an average of 121 rain days each year. Arising from these rainy weather conditions comes the attitude that a quick rain shower may be beautiful, as well as moody- but first and foremost requires the right outfit. Rains focus on the whole experience of going outside on rainy days, issuing an invitation to explore even in the most mercurial weather.</p>','published','[\"products\\/18.jpg\",\"products\\/18-1.jpg\"]','HS-166-A0',0,12,0,1,1,4,0,0,122,NULL,NULL,NULL,15.00,11.00,13.00,588.00,'2022-01-04 21:14:17','2022-01-04 21:14:57',1,8579,'in_stock',5,0,'Botble\\ACL\\Models\\User',0,NULL),(19,'Simply Lemonade with Raspberry Juice','<p>Short Hooded Coat features a straight body, large pockets with button flaps, ventilation air holes, and a string detail along the hemline.</p><ul>\n                                        <li><i class=\"fi-rs-hourglass mr-5 text-brand\"></i> 1 Year AL Jazeera Brand Warranty</li>\n                                        <li><i class=\"fi-rs-paper-plane mr-5 text-brand\"></i> 30 Day Return Policy</li>\n                                        <li><i class=\"fi-rs-credit-card mr-5 text-brand\"></i> Cash on Delivery available</li>\n                                    </ul>','<p>Short Hooded Coat features a straight body, large pockets with button flaps, ventilation air holes, and a string detail along the hemline. The style is completed with a drawstring hood, featuring Rains&rsquo; signature built-in cap. Made from waterproof, matte PU, this lightweight unisex rain jacket is an ode to nostalgia through its classic silhouette and utilitarian design details.</p>\n                                <p>- Casual unisex fit</p>\n\n                                <p>- 64% polyester, 36% polyurethane</p>\n\n                                <p>- Water column pressure: 4000 mm</p>\n\n                                <p>- Model is 187cm tall and wearing a size S / M</p>\n\n                                <p>- Unisex fit</p>\n\n                                <p>- Drawstring hood with built-in cap</p>\n\n                                <p>- Front placket with snap buttons</p>\n\n                                <p>- Ventilation under armpit</p>\n\n                                <p>- Adjustable cuffs</p>\n\n                                <p>- Double welted front pockets</p>\n\n                                <p>- Adjustable elastic string at hempen</p>\n\n                                <p>- Ultrasonically welded seams</p>\n\n                                <p>This is a unisex item, please check our clothing &amp; footwear sizing guide for specific Rains jacket sizing information. RAINS comes from the rainy nation of Denmark at the edge of the European continent, close to the ocean and with prevailing westerly winds; all factors that contribute to an average of 121 rain days each year. Arising from these rainy weather conditions comes the attitude that a quick rain shower may be beautiful, as well as moody- but first and foremost requires the right outfit. Rains focus on the whole experience of going outside on rainy days, issuing an invitation to explore even in the most mercurial weather.</p>','published','[\"products\\/19.jpg\",\"products\\/19-1.jpg\"]','HS-133-A0',0,14,0,1,1,5,0,0,114,NULL,NULL,NULL,20.00,17.00,17.00,694.00,'2022-01-04 21:14:17','2022-01-04 21:14:57',1,191789,'in_stock',4,0,'Botble\\ACL\\Models\\User',0,NULL),(20,'Perdue Simply Smart Organics Gluten Free','<p>Short Hooded Coat features a straight body, large pockets with button flaps, ventilation air holes, and a string detail along the hemline.</p><ul>\n                                        <li><i class=\"fi-rs-hourglass mr-5 text-brand\"></i> 1 Year AL Jazeera Brand Warranty</li>\n                                        <li><i class=\"fi-rs-paper-plane mr-5 text-brand\"></i> 30 Day Return Policy</li>\n                                        <li><i class=\"fi-rs-credit-card mr-5 text-brand\"></i> Cash on Delivery available</li>\n                                    </ul>','<p>Short Hooded Coat features a straight body, large pockets with button flaps, ventilation air holes, and a string detail along the hemline. The style is completed with a drawstring hood, featuring Rains&rsquo; signature built-in cap. Made from waterproof, matte PU, this lightweight unisex rain jacket is an ode to nostalgia through its classic silhouette and utilitarian design details.</p>\n                                <p>- Casual unisex fit</p>\n\n                                <p>- 64% polyester, 36% polyurethane</p>\n\n                                <p>- Water column pressure: 4000 mm</p>\n\n                                <p>- Model is 187cm tall and wearing a size S / M</p>\n\n                                <p>- Unisex fit</p>\n\n                                <p>- Drawstring hood with built-in cap</p>\n\n                                <p>- Front placket with snap buttons</p>\n\n                                <p>- Ventilation under armpit</p>\n\n                                <p>- Adjustable cuffs</p>\n\n                                <p>- Double welted front pockets</p>\n\n                                <p>- Adjustable elastic string at hempen</p>\n\n                                <p>- Ultrasonically welded seams</p>\n\n                                <p>This is a unisex item, please check our clothing &amp; footwear sizing guide for specific Rains jacket sizing information. RAINS comes from the rainy nation of Denmark at the edge of the European continent, close to the ocean and with prevailing westerly winds; all factors that contribute to an average of 121 rain days each year. Arising from these rainy weather conditions comes the attitude that a quick rain shower may be beautiful, as well as moody- but first and foremost requires the right outfit. Rains focus on the whole experience of going outside on rainy days, issuing an invitation to explore even in the most mercurial weather.</p>','published','[\"products\\/20.jpg\",\"products\\/20-1.jpg\"]','HS-108-A0',0,15,0,1,1,4,0,0,121,90.75,NULL,NULL,20.00,12.00,14.00,573.00,'2022-01-04 21:14:17','2022-01-04 21:14:57',1,108045,'in_stock',2,0,'Botble\\ACL\\Models\\User',0,NULL),(21,'Chen Watermelon','<p>Short Hooded Coat features a straight body, large pockets with button flaps, ventilation air holes, and a string detail along the hemline.</p><ul>\n                                        <li><i class=\"fi-rs-hourglass mr-5 text-brand\"></i> 1 Year AL Jazeera Brand Warranty</li>\n                                        <li><i class=\"fi-rs-paper-plane mr-5 text-brand\"></i> 30 Day Return Policy</li>\n                                        <li><i class=\"fi-rs-credit-card mr-5 text-brand\"></i> Cash on Delivery available</li>\n                                    </ul>','<p>Short Hooded Coat features a straight body, large pockets with button flaps, ventilation air holes, and a string detail along the hemline. The style is completed with a drawstring hood, featuring Rains&rsquo; signature built-in cap. Made from waterproof, matte PU, this lightweight unisex rain jacket is an ode to nostalgia through its classic silhouette and utilitarian design details.</p>\n                                <p>- Casual unisex fit</p>\n\n                                <p>- 64% polyester, 36% polyurethane</p>\n\n                                <p>- Water column pressure: 4000 mm</p>\n\n                                <p>- Model is 187cm tall and wearing a size S / M</p>\n\n                                <p>- Unisex fit</p>\n\n                                <p>- Drawstring hood with built-in cap</p>\n\n                                <p>- Front placket with snap buttons</p>\n\n                                <p>- Ventilation under armpit</p>\n\n                                <p>- Adjustable cuffs</p>\n\n                                <p>- Double welted front pockets</p>\n\n                                <p>- Adjustable elastic string at hempen</p>\n\n                                <p>- Ultrasonically welded seams</p>\n\n                                <p>This is a unisex item, please check our clothing &amp; footwear sizing guide for specific Rains jacket sizing information. RAINS comes from the rainy nation of Denmark at the edge of the European continent, close to the ocean and with prevailing westerly winds; all factors that contribute to an average of 121 rain days each year. Arising from these rainy weather conditions comes the attitude that a quick rain shower may be beautiful, as well as moody- but first and foremost requires the right outfit. Rains focus on the whole experience of going outside on rainy days, issuing an invitation to explore even in the most mercurial weather.</p>','published','[\"products\\/21.jpg\",\"products\\/21-1.jpg\"]','HS-179-A0',0,20,0,1,1,5,0,0,111,NULL,NULL,NULL,17.00,13.00,11.00,637.00,'2022-01-04 21:14:17','2022-01-04 21:14:57',1,184281,'in_stock',4,0,'Botble\\ACL\\Models\\User',0,NULL),(22,'Organic Cage-Free Grade A Large Brown Eggs','<p>Short Hooded Coat features a straight body, large pockets with button flaps, ventilation air holes, and a string detail along the hemline.</p><ul>\n                                        <li><i class=\"fi-rs-hourglass mr-5 text-brand\"></i> 1 Year AL Jazeera Brand Warranty</li>\n                                        <li><i class=\"fi-rs-paper-plane mr-5 text-brand\"></i> 30 Day Return Policy</li>\n                                        <li><i class=\"fi-rs-credit-card mr-5 text-brand\"></i> Cash on Delivery available</li>\n                                    </ul>','<p>Short Hooded Coat features a straight body, large pockets with button flaps, ventilation air holes, and a string detail along the hemline. The style is completed with a drawstring hood, featuring Rains&rsquo; signature built-in cap. Made from waterproof, matte PU, this lightweight unisex rain jacket is an ode to nostalgia through its classic silhouette and utilitarian design details.</p>\n                                <p>- Casual unisex fit</p>\n\n                                <p>- 64% polyester, 36% polyurethane</p>\n\n                                <p>- Water column pressure: 4000 mm</p>\n\n                                <p>- Model is 187cm tall and wearing a size S / M</p>\n\n                                <p>- Unisex fit</p>\n\n                                <p>- Drawstring hood with built-in cap</p>\n\n                                <p>- Front placket with snap buttons</p>\n\n                                <p>- Ventilation under armpit</p>\n\n                                <p>- Adjustable cuffs</p>\n\n                                <p>- Double welted front pockets</p>\n\n                                <p>- Adjustable elastic string at hempen</p>\n\n                                <p>- Ultrasonically welded seams</p>\n\n                                <p>This is a unisex item, please check our clothing &amp; footwear sizing guide for specific Rains jacket sizing information. RAINS comes from the rainy nation of Denmark at the edge of the European continent, close to the ocean and with prevailing westerly winds; all factors that contribute to an average of 121 rain days each year. Arising from these rainy weather conditions comes the attitude that a quick rain shower may be beautiful, as well as moody- but first and foremost requires the right outfit. Rains focus on the whole experience of going outside on rainy days, issuing an invitation to explore even in the most mercurial weather.</p>','published','[\"products\\/22.jpg\",\"products\\/22-1.jpg\"]','HS-100-A0',0,19,0,1,1,5,0,0,128,NULL,NULL,NULL,20.00,12.00,20.00,553.00,'2022-01-04 21:14:17','2022-01-04 21:14:57',1,19858,'in_stock',3,0,'Botble\\ACL\\Models\\User',0,NULL),(23,'Colorful Banana','<p>Short Hooded Coat features a straight body, large pockets with button flaps, ventilation air holes, and a string detail along the hemline.</p><ul>\n                                        <li><i class=\"fi-rs-hourglass mr-5 text-brand\"></i> 1 Year AL Jazeera Brand Warranty</li>\n                                        <li><i class=\"fi-rs-paper-plane mr-5 text-brand\"></i> 30 Day Return Policy</li>\n                                        <li><i class=\"fi-rs-credit-card mr-5 text-brand\"></i> Cash on Delivery available</li>\n                                    </ul>','<p>Short Hooded Coat features a straight body, large pockets with button flaps, ventilation air holes, and a string detail along the hemline. The style is completed with a drawstring hood, featuring Rains&rsquo; signature built-in cap. Made from waterproof, matte PU, this lightweight unisex rain jacket is an ode to nostalgia through its classic silhouette and utilitarian design details.</p>\n                                <p>- Casual unisex fit</p>\n\n                                <p>- 64% polyester, 36% polyurethane</p>\n\n                                <p>- Water column pressure: 4000 mm</p>\n\n                                <p>- Model is 187cm tall and wearing a size S / M</p>\n\n                                <p>- Unisex fit</p>\n\n                                <p>- Drawstring hood with built-in cap</p>\n\n                                <p>- Front placket with snap buttons</p>\n\n                                <p>- Ventilation under armpit</p>\n\n                                <p>- Adjustable cuffs</p>\n\n                                <p>- Double welted front pockets</p>\n\n                                <p>- Adjustable elastic string at hempen</p>\n\n                                <p>- Ultrasonically welded seams</p>\n\n                                <p>This is a unisex item, please check our clothing &amp; footwear sizing guide for specific Rains jacket sizing information. RAINS comes from the rainy nation of Denmark at the edge of the European continent, close to the ocean and with prevailing westerly winds; all factors that contribute to an average of 121 rain days each year. Arising from these rainy weather conditions comes the attitude that a quick rain shower may be beautiful, as well as moody- but first and foremost requires the right outfit. Rains focus on the whole experience of going outside on rainy days, issuing an invitation to explore even in the most mercurial weather.</p>','published','[\"products\\/23.jpg\",\"products\\/23-1.jpg\"]','HS-200-A0',0,14,0,1,1,2,0,0,113,NULL,NULL,NULL,11.00,13.00,15.00,753.00,'2022-01-04 21:14:17','2022-01-04 21:14:57',1,92725,'in_stock',2,0,'Botble\\ACL\\Models\\User',0,NULL),(24,'Signature Wood-Fired Mushroom and Caramelized','<p>Short Hooded Coat features a straight body, large pockets with button flaps, ventilation air holes, and a string detail along the hemline.</p><ul>\n                                        <li><i class=\"fi-rs-hourglass mr-5 text-brand\"></i> 1 Year AL Jazeera Brand Warranty</li>\n                                        <li><i class=\"fi-rs-paper-plane mr-5 text-brand\"></i> 30 Day Return Policy</li>\n                                        <li><i class=\"fi-rs-credit-card mr-5 text-brand\"></i> Cash on Delivery available</li>\n                                    </ul>','<p>Short Hooded Coat features a straight body, large pockets with button flaps, ventilation air holes, and a string detail along the hemline. The style is completed with a drawstring hood, featuring Rains&rsquo; signature built-in cap. Made from waterproof, matte PU, this lightweight unisex rain jacket is an ode to nostalgia through its classic silhouette and utilitarian design details.</p>\n                                <p>- Casual unisex fit</p>\n\n                                <p>- 64% polyester, 36% polyurethane</p>\n\n                                <p>- Water column pressure: 4000 mm</p>\n\n                                <p>- Model is 187cm tall and wearing a size S / M</p>\n\n                                <p>- Unisex fit</p>\n\n                                <p>- Drawstring hood with built-in cap</p>\n\n                                <p>- Front placket with snap buttons</p>\n\n                                <p>- Ventilation under armpit</p>\n\n                                <p>- Adjustable cuffs</p>\n\n                                <p>- Double welted front pockets</p>\n\n                                <p>- Adjustable elastic string at hempen</p>\n\n                                <p>- Ultrasonically welded seams</p>\n\n                                <p>This is a unisex item, please check our clothing &amp; footwear sizing guide for specific Rains jacket sizing information. RAINS comes from the rainy nation of Denmark at the edge of the European continent, close to the ocean and with prevailing westerly winds; all factors that contribute to an average of 121 rain days each year. Arising from these rainy weather conditions comes the attitude that a quick rain shower may be beautiful, as well as moody- but first and foremost requires the right outfit. Rains focus on the whole experience of going outside on rainy days, issuing an invitation to explore even in the most mercurial weather.</p>','published','[\"products\\/24.jpg\",\"products\\/24-1.jpg\"]','HS-125-A0',0,17,0,1,1,5,0,0,110,89.1,NULL,NULL,17.00,20.00,18.00,626.00,'2022-01-04 21:14:17','2022-01-04 21:14:57',1,90060,'in_stock',2,0,'Botble\\ACL\\Models\\User',0,NULL),(25,'Seeds of Change Organic Quinoe',NULL,NULL,'published','[\"products\\/1.jpg\"]','HS-125-A0',0,16,0,1,0,3,1,0,237,NULL,NULL,NULL,16.00,20.00,14.00,861.00,'2022-01-04 21:14:17','2022-01-04 21:14:17',NULL,0,'in_stock',NULL,0,'Botble\\ACL\\Models\\User',0,NULL),(26,'Seeds of Change Organic Quinoe',NULL,NULL,'published','[\"products\\/1-1.jpg\"]','HS-125-A0-A1',0,16,0,1,0,3,1,0,237,NULL,NULL,NULL,16.00,20.00,14.00,861.00,'2022-01-04 21:14:17','2022-01-04 21:14:17',NULL,0,'in_stock',NULL,0,'Botble\\ACL\\Models\\User',0,NULL),(27,'Seeds of Change Organic Quinoe',NULL,NULL,'published','[\"products\\/1.jpg\"]','HS-125-A0-A2',0,16,0,1,0,3,1,0,237,NULL,NULL,NULL,16.00,20.00,14.00,861.00,'2022-01-04 21:14:17','2022-01-04 21:14:17',NULL,0,'in_stock',NULL,0,'Botble\\ACL\\Models\\User',0,NULL),(28,'Seeds of Change Organic Quinoe',NULL,NULL,'published','[\"products\\/1.jpg\"]','HS-125-A0-A3',0,16,0,1,0,3,1,0,237,NULL,NULL,NULL,16.00,20.00,14.00,861.00,'2022-01-04 21:14:17','2022-01-04 21:14:17',NULL,0,'in_stock',NULL,0,'Botble\\ACL\\Models\\User',0,NULL),(29,'Seeds of Change Organic Quinoe',NULL,NULL,'published','[\"products\\/1.jpg\"]','HS-125-A0-A4',0,16,0,1,0,3,1,0,237,NULL,NULL,NULL,16.00,20.00,14.00,861.00,'2022-01-04 21:14:17','2022-01-04 21:14:17',NULL,0,'in_stock',NULL,0,'Botble\\ACL\\Models\\User',0,NULL),(30,'All Natural Italian-Style Chicken Meatballs',NULL,NULL,'published','[\"products\\/2.jpg\"]','HS-129-A0',0,13,0,1,0,5,1,0,427,NULL,NULL,NULL,19.00,10.00,13.00,612.00,'2022-01-04 21:14:17','2022-01-04 21:14:17',NULL,0,'in_stock',NULL,0,'Botble\\ACL\\Models\\User',0,NULL),(31,'All Natural Italian-Style Chicken Meatballs',NULL,NULL,'published','[\"products\\/2-1.jpg\"]','HS-129-A0-A1',0,13,0,1,0,5,1,0,427,NULL,NULL,NULL,19.00,10.00,13.00,612.00,'2022-01-04 21:14:17','2022-01-04 21:14:17',NULL,0,'in_stock',NULL,0,'Botble\\ACL\\Models\\User',0,NULL),(32,'Angie’s Boomchickapop Sweet & Salty Kettle Corn',NULL,NULL,'published','[\"products\\/3.jpg\"]','HS-107-A0',0,14,0,1,0,6,1,0,351,NULL,NULL,NULL,13.00,12.00,20.00,678.00,'2022-01-04 21:14:17','2022-01-04 21:14:17',NULL,0,'in_stock',NULL,0,'Botble\\ACL\\Models\\User',0,NULL),(33,'Angie’s Boomchickapop Sweet & Salty Kettle Corn',NULL,NULL,'published','[\"products\\/3-1.jpg\"]','HS-107-A0-A1',0,14,0,1,0,6,1,0,351,NULL,NULL,NULL,13.00,12.00,20.00,678.00,'2022-01-04 21:14:17','2022-01-04 21:14:17',NULL,0,'in_stock',NULL,0,'Botble\\ACL\\Models\\User',0,NULL),(34,'Angie’s Boomchickapop Sweet & Salty Kettle Corn',NULL,NULL,'published','[\"products\\/3.jpg\"]','HS-107-A0-A2',0,14,0,1,0,6,1,0,351,NULL,NULL,NULL,13.00,12.00,20.00,678.00,'2022-01-04 21:14:17','2022-01-04 21:14:17',NULL,0,'in_stock',NULL,0,'Botble\\ACL\\Models\\User',0,NULL),(35,'Foster Farms Takeout Crispy Classic',NULL,NULL,'published','[\"products\\/4.jpg\"]','HS-161-A0',0,13,0,1,0,3,1,0,86,62.78,NULL,NULL,17.00,14.00,14.00,639.00,'2022-01-04 21:14:17','2022-01-04 21:14:17',NULL,0,'in_stock',NULL,0,'Botble\\ACL\\Models\\User',0,NULL),(36,'Foster Farms Takeout Crispy Classic',NULL,NULL,'published','[\"products\\/4-1.jpg\"]','HS-161-A0-A1',0,13,0,1,0,3,1,0,86,64.5,NULL,NULL,17.00,14.00,14.00,639.00,'2022-01-04 21:14:17','2022-01-04 21:14:17',NULL,0,'in_stock',NULL,0,'Botble\\ACL\\Models\\User',0,NULL),(37,'Foster Farms Takeout Crispy Classic',NULL,NULL,'published','[\"products\\/4.jpg\"]','HS-161-A0-A2',0,13,0,1,0,3,1,0,86,69.66,NULL,NULL,17.00,14.00,14.00,639.00,'2022-01-04 21:14:17','2022-01-04 21:14:17',NULL,0,'in_stock',NULL,0,'Botble\\ACL\\Models\\User',0,NULL),(38,'Blue Diamond Almonds Lightly',NULL,NULL,'published','[\"products\\/5.jpg\"]','HS-101-A0',0,19,0,1,0,1,1,0,45,NULL,NULL,NULL,13.00,10.00,14.00,524.00,'2022-01-04 21:14:17','2022-01-04 21:14:17',NULL,0,'in_stock',NULL,0,'Botble\\ACL\\Models\\User',0,NULL),(39,'Blue Diamond Almonds Lightly',NULL,NULL,'published','[\"products\\/5-1.jpg\"]','HS-101-A0-A1',0,19,0,1,0,1,1,0,45,NULL,NULL,NULL,13.00,10.00,14.00,524.00,'2022-01-04 21:14:17','2022-01-04 21:14:17',NULL,0,'in_stock',NULL,0,'Botble\\ACL\\Models\\User',0,NULL),(40,'Blue Diamond Almonds Lightly',NULL,NULL,'published','[\"products\\/5.jpg\"]','HS-101-A0-A2',0,19,0,1,0,1,1,0,45,NULL,NULL,NULL,13.00,10.00,14.00,524.00,'2022-01-04 21:14:17','2022-01-04 21:14:17',NULL,0,'in_stock',NULL,0,'Botble\\ACL\\Models\\User',0,NULL),(41,'Chobani Complete Vanilla Greek',NULL,NULL,'published','[\"products\\/6.jpg\"]','HS-116-A0',0,10,0,1,0,4,1,0,59,NULL,NULL,NULL,14.00,20.00,14.00,860.00,'2022-01-04 21:14:17','2022-01-04 21:14:17',NULL,0,'in_stock',NULL,0,'Botble\\ACL\\Models\\User',0,NULL),(42,'Canada Dry Ginger Ale – 2 L Bottle',NULL,NULL,'published','[\"products\\/7.jpg\"]','HS-163-A0',0,14,0,1,0,7,1,0,130,NULL,NULL,NULL,10.00,10.00,16.00,783.00,'2022-01-04 21:14:17','2022-01-04 21:14:17',NULL,0,'in_stock',NULL,0,'Botble\\ACL\\Models\\User',0,NULL),(43,'Canada Dry Ginger Ale – 2 L Bottle',NULL,NULL,'published','[\"products\\/7-1.jpg\"]','HS-163-A0-A1',0,14,0,1,0,7,1,0,130,NULL,NULL,NULL,10.00,10.00,16.00,783.00,'2022-01-04 21:14:17','2022-01-04 21:14:17',NULL,0,'in_stock',NULL,0,'Botble\\ACL\\Models\\User',0,NULL),(44,'Encore Seafoods Stuffed Alaskan',NULL,NULL,'published','[\"products\\/8.jpg\"]','HS-113-A0',0,10,0,1,0,5,1,0,124,105.4,NULL,NULL,10.00,11.00,12.00,876.00,'2022-01-04 21:14:17','2022-01-04 21:14:17',NULL,0,'in_stock',NULL,0,'Botble\\ACL\\Models\\User',0,NULL),(45,'Encore Seafoods Stuffed Alaskan',NULL,NULL,'published','[\"products\\/8-1.jpg\"]','HS-113-A0-A1',0,10,0,1,0,5,1,0,124,102.92,NULL,NULL,10.00,11.00,12.00,876.00,'2022-01-04 21:14:17','2022-01-04 21:14:17',NULL,0,'in_stock',NULL,0,'Botble\\ACL\\Models\\User',0,NULL),(46,'Encore Seafoods Stuffed Alaskan',NULL,NULL,'published','[\"products\\/8.jpg\"]','HS-113-A0-A2',0,10,0,1,0,5,1,0,124,97.96,NULL,NULL,10.00,11.00,12.00,876.00,'2022-01-04 21:14:17','2022-01-04 21:14:17',NULL,0,'in_stock',NULL,0,'Botble\\ACL\\Models\\User',0,NULL),(47,'Gorton’s Beer Battered Fish Fillets',NULL,NULL,'published','[\"products\\/9.jpg\"]','HS-191-A0',0,11,0,1,0,6,1,0,121,NULL,NULL,NULL,11.00,11.00,12.00,703.00,'2022-01-04 21:14:17','2022-01-04 21:14:17',NULL,0,'in_stock',NULL,0,'Botble\\ACL\\Models\\User',0,NULL),(48,'Gorton’s Beer Battered Fish Fillets',NULL,NULL,'published','[\"products\\/9-1.jpg\"]','HS-191-A0-A1',0,11,0,1,0,6,1,0,121,NULL,NULL,NULL,11.00,11.00,12.00,703.00,'2022-01-04 21:14:17','2022-01-04 21:14:17',NULL,0,'in_stock',NULL,0,'Botble\\ACL\\Models\\User',0,NULL),(49,'Haagen-Dazs Caramel Cone Ice Cream',NULL,NULL,'published','[\"products\\/10.jpg\"]','HS-100-A0',0,15,0,1,0,3,1,0,392,NULL,NULL,NULL,12.00,17.00,14.00,557.00,'2022-01-04 21:14:17','2022-01-04 21:14:17',NULL,0,'in_stock',NULL,0,'Botble\\ACL\\Models\\User',0,NULL),(50,'Haagen-Dazs Caramel Cone Ice Cream',NULL,NULL,'published','[\"products\\/10-1.jpg\"]','HS-100-A0-A1',0,15,0,1,0,3,1,0,392,NULL,NULL,NULL,12.00,17.00,14.00,557.00,'2022-01-04 21:14:17','2022-01-04 21:14:17',NULL,0,'in_stock',NULL,0,'Botble\\ACL\\Models\\User',0,NULL),(51,'Haagen-Dazs Caramel Cone Ice Cream',NULL,NULL,'published','[\"products\\/10.jpg\"]','HS-100-A0-A2',0,15,0,1,0,3,1,0,392,NULL,NULL,NULL,12.00,17.00,14.00,557.00,'2022-01-04 21:14:17','2022-01-04 21:14:17',NULL,0,'in_stock',NULL,0,'Botble\\ACL\\Models\\User',0,NULL),(52,'Nestle Original Coffee-Mate Coffee Creamer',NULL,NULL,'published','[\"products\\/11.jpg\"]','HS-122-A0',0,20,0,1,0,5,1,0,125,NULL,NULL,NULL,20.00,14.00,15.00,792.00,'2022-01-04 21:14:17','2022-01-04 21:14:17',NULL,0,'in_stock',NULL,0,'Botble\\ACL\\Models\\User',0,NULL),(53,'Nestle Original Coffee-Mate Coffee Creamer',NULL,NULL,'published','[\"products\\/11-1.jpg\"]','HS-122-A0-A1',0,20,0,1,0,5,1,0,125,NULL,NULL,NULL,20.00,14.00,15.00,792.00,'2022-01-04 21:14:17','2022-01-04 21:14:17',NULL,0,'in_stock',NULL,0,'Botble\\ACL\\Models\\User',0,NULL),(54,'Nestle Original Coffee-Mate Coffee Creamer',NULL,NULL,'published','[\"products\\/11.jpg\"]','HS-122-A0-A2',0,20,0,1,0,5,1,0,125,NULL,NULL,NULL,20.00,14.00,15.00,792.00,'2022-01-04 21:14:17','2022-01-04 21:14:17',NULL,0,'in_stock',NULL,0,'Botble\\ACL\\Models\\User',0,NULL),(55,'Naturally Flavored Cinnamon Vanilla Light Roast Coffee',NULL,NULL,'published','[\"products\\/12.jpg\"]','HS-111-A0',0,14,0,1,0,4,1,0,124,102.92,NULL,NULL,18.00,13.00,20.00,586.00,'2022-01-04 21:14:17','2022-01-04 21:14:17',NULL,0,'in_stock',NULL,0,'Botble\\ACL\\Models\\User',0,NULL),(56,'Naturally Flavored Cinnamon Vanilla Light Roast Coffee',NULL,NULL,'published','[\"products\\/12-1.jpg\"]','HS-111-A0-A1',0,14,0,1,0,4,1,0,124,106.64,NULL,NULL,18.00,13.00,20.00,586.00,'2022-01-04 21:14:17','2022-01-04 21:14:17',NULL,0,'in_stock',NULL,0,'Botble\\ACL\\Models\\User',0,NULL),(57,'Naturally Flavored Cinnamon Vanilla Light Roast Coffee',NULL,NULL,'published','[\"products\\/12.jpg\"]','HS-111-A0-A2',0,14,0,1,0,4,1,0,124,93,NULL,NULL,18.00,13.00,20.00,586.00,'2022-01-04 21:14:17','2022-01-04 21:14:17',NULL,0,'in_stock',NULL,0,'Botble\\ACL\\Models\\User',0,NULL),(58,'Pepperidge Farm Farmhouse Hearty White Bread',NULL,NULL,'published','[\"products\\/13.jpg\"]','HS-197-A0',0,18,0,1,0,1,1,0,119,NULL,NULL,NULL,20.00,20.00,13.00,520.00,'2022-01-04 21:14:17','2022-01-04 21:14:17',NULL,0,'in_stock',NULL,0,'Botble\\ACL\\Models\\User',0,NULL),(59,'Organic Frozen Triple Berry Blend',NULL,NULL,'published','[\"products\\/14.jpg\"]','HS-183-A0',0,12,0,1,0,3,1,0,115,NULL,NULL,NULL,13.00,14.00,13.00,543.00,'2022-01-04 21:14:17','2022-01-04 21:14:17',NULL,0,'in_stock',NULL,0,'Botble\\ACL\\Models\\User',0,NULL),(60,'Organic Frozen Triple Berry Blend',NULL,NULL,'published','[\"products\\/14-1.jpg\"]','HS-183-A0-A1',0,12,0,1,0,3,1,0,115,NULL,NULL,NULL,13.00,14.00,13.00,543.00,'2022-01-04 21:14:17','2022-01-04 21:14:17',NULL,0,'in_stock',NULL,0,'Botble\\ACL\\Models\\User',0,NULL),(61,'Oroweat Country Buttermilk Bread',NULL,NULL,'published','[\"products\\/15.jpg\"]','HS-133-A0',0,12,0,1,0,3,1,0,129,NULL,NULL,NULL,19.00,12.00,16.00,667.00,'2022-01-04 21:14:17','2022-01-04 21:14:17',NULL,0,'in_stock',NULL,0,'Botble\\ACL\\Models\\User',0,NULL),(62,'Foster Farms Takeout Crispy Classic Buffalo Wings',NULL,NULL,'published','[\"products\\/16.jpg\"]','HS-197-A0',0,14,0,1,0,1,1,0,116,102.08,NULL,NULL,13.00,14.00,12.00,708.00,'2022-01-04 21:14:17','2022-01-04 21:14:17',NULL,0,'in_stock',NULL,0,'Botble\\ACL\\Models\\User',0,NULL),(63,'Foster Farms Takeout Crispy Classic Buffalo Wings',NULL,NULL,'published','[\"products\\/16-1.jpg\"]','HS-197-A0-A1',0,14,0,1,0,1,1,0,116,104.4,NULL,NULL,13.00,14.00,12.00,708.00,'2022-01-04 21:14:17','2022-01-04 21:14:17',NULL,0,'in_stock',NULL,0,'Botble\\ACL\\Models\\User',0,NULL),(64,'Angie’s Boomchickapop Sweet & Salty Kettle Corn',NULL,NULL,'published','[\"products\\/17.jpg\"]','HS-182-A0',0,10,0,1,0,4,1,0,119,NULL,NULL,NULL,16.00,12.00,12.00,503.00,'2022-01-04 21:14:17','2022-01-04 21:14:17',NULL,0,'in_stock',NULL,0,'Botble\\ACL\\Models\\User',0,NULL),(65,'Angie’s Boomchickapop Sweet & Salty Kettle Corn',NULL,NULL,'published','[\"products\\/17-1.jpg\"]','HS-182-A0-A1',0,10,0,1,0,4,1,0,119,NULL,NULL,NULL,16.00,12.00,12.00,503.00,'2022-01-04 21:14:17','2022-01-04 21:14:17',NULL,0,'in_stock',NULL,0,'Botble\\ACL\\Models\\User',0,NULL),(66,'Angie’s Boomchickapop Sweet & Salty Kettle Corn',NULL,NULL,'published','[\"products\\/17.jpg\"]','HS-182-A0-A2',0,10,0,1,0,4,1,0,119,NULL,NULL,NULL,16.00,12.00,12.00,503.00,'2022-01-04 21:14:17','2022-01-04 21:14:17',NULL,0,'in_stock',NULL,0,'Botble\\ACL\\Models\\User',0,NULL),(67,'All Natural Italian-Style Chicken Meatballs',NULL,NULL,'published','[\"products\\/18.jpg\"]','HS-166-A0',0,12,0,1,0,4,1,0,122,NULL,NULL,NULL,15.00,11.00,13.00,588.00,'2022-01-04 21:14:17','2022-01-04 21:14:17',NULL,0,'in_stock',NULL,0,'Botble\\ACL\\Models\\User',0,NULL),(68,'All Natural Italian-Style Chicken Meatballs',NULL,NULL,'published','[\"products\\/18-1.jpg\"]','HS-166-A0-A1',0,12,0,1,0,4,1,0,122,NULL,NULL,NULL,15.00,11.00,13.00,588.00,'2022-01-04 21:14:17','2022-01-04 21:14:17',NULL,0,'in_stock',NULL,0,'Botble\\ACL\\Models\\User',0,NULL),(69,'All Natural Italian-Style Chicken Meatballs',NULL,NULL,'published','[\"products\\/18.jpg\"]','HS-166-A0-A2',0,12,0,1,0,4,1,0,122,NULL,NULL,NULL,15.00,11.00,13.00,588.00,'2022-01-04 21:14:17','2022-01-04 21:14:17',NULL,0,'in_stock',NULL,0,'Botble\\ACL\\Models\\User',0,NULL),(70,'Simply Lemonade with Raspberry Juice',NULL,NULL,'published','[\"products\\/19.jpg\"]','HS-133-A0',0,14,0,1,0,5,1,0,114,NULL,NULL,NULL,20.00,17.00,17.00,694.00,'2022-01-04 21:14:17','2022-01-04 21:14:17',NULL,0,'in_stock',NULL,0,'Botble\\ACL\\Models\\User',0,NULL),(71,'Simply Lemonade with Raspberry Juice',NULL,NULL,'published','[\"products\\/19-1.jpg\"]','HS-133-A0-A1',0,14,0,1,0,5,1,0,114,NULL,NULL,NULL,20.00,17.00,17.00,694.00,'2022-01-04 21:14:17','2022-01-04 21:14:17',NULL,0,'in_stock',NULL,0,'Botble\\ACL\\Models\\User',0,NULL),(72,'Simply Lemonade with Raspberry Juice',NULL,NULL,'published','[\"products\\/19.jpg\"]','HS-133-A0-A2',0,14,0,1,0,5,1,0,114,NULL,NULL,NULL,20.00,17.00,17.00,694.00,'2022-01-04 21:14:17','2022-01-04 21:14:17',NULL,0,'in_stock',NULL,0,'Botble\\ACL\\Models\\User',0,NULL),(73,'Simply Lemonade with Raspberry Juice',NULL,NULL,'published','[\"products\\/19.jpg\"]','HS-133-A0-A3',0,14,0,1,0,5,1,0,114,NULL,NULL,NULL,20.00,17.00,17.00,694.00,'2022-01-04 21:14:17','2022-01-04 21:14:17',NULL,0,'in_stock',NULL,0,'Botble\\ACL\\Models\\User',0,NULL),(74,'Simply Lemonade with Raspberry Juice',NULL,NULL,'published','[\"products\\/19.jpg\"]','HS-133-A0-A4',0,14,0,1,0,5,1,0,114,NULL,NULL,NULL,20.00,17.00,17.00,694.00,'2022-01-04 21:14:17','2022-01-04 21:14:17',NULL,0,'in_stock',NULL,0,'Botble\\ACL\\Models\\User',0,NULL),(75,'Perdue Simply Smart Organics Gluten Free',NULL,NULL,'published','[\"products\\/20.jpg\"]','HS-108-A0',0,15,0,1,0,4,1,0,121,90.75,NULL,NULL,20.00,12.00,14.00,573.00,'2022-01-04 21:14:17','2022-01-04 21:14:17',NULL,0,'in_stock',NULL,0,'Botble\\ACL\\Models\\User',0,NULL),(76,'Chen Watermelon',NULL,NULL,'published','[\"products\\/21.jpg\"]','HS-179-A0',0,20,0,1,0,5,1,0,111,NULL,NULL,NULL,17.00,13.00,11.00,637.00,'2022-01-04 21:14:17','2022-01-04 21:14:17',NULL,0,'in_stock',NULL,0,'Botble\\ACL\\Models\\User',0,NULL),(77,'Chen Watermelon',NULL,NULL,'published','[\"products\\/21-1.jpg\"]','HS-179-A0-A1',0,20,0,1,0,5,1,0,111,NULL,NULL,NULL,17.00,13.00,11.00,637.00,'2022-01-04 21:14:17','2022-01-04 21:14:17',NULL,0,'in_stock',NULL,0,'Botble\\ACL\\Models\\User',0,NULL),(78,'Chen Watermelon',NULL,NULL,'published','[\"products\\/21.jpg\"]','HS-179-A0-A2',0,20,0,1,0,5,1,0,111,NULL,NULL,NULL,17.00,13.00,11.00,637.00,'2022-01-04 21:14:17','2022-01-04 21:14:17',NULL,0,'in_stock',NULL,0,'Botble\\ACL\\Models\\User',0,NULL),(79,'Chen Watermelon',NULL,NULL,'published','[\"products\\/21.jpg\"]','HS-179-A0-A3',0,20,0,1,0,5,1,0,111,NULL,NULL,NULL,17.00,13.00,11.00,637.00,'2022-01-04 21:14:17','2022-01-04 21:14:17',NULL,0,'in_stock',NULL,0,'Botble\\ACL\\Models\\User',0,NULL),(80,'Organic Cage-Free Grade A Large Brown Eggs',NULL,NULL,'published','[\"products\\/22.jpg\"]','HS-100-A0',0,19,0,1,0,5,1,0,128,NULL,NULL,NULL,20.00,12.00,20.00,553.00,'2022-01-04 21:14:17','2022-01-04 21:14:17',NULL,0,'in_stock',NULL,0,'Botble\\ACL\\Models\\User',0,NULL),(81,'Organic Cage-Free Grade A Large Brown Eggs',NULL,NULL,'published','[\"products\\/22-1.jpg\"]','HS-100-A0-A1',0,19,0,1,0,5,1,0,128,NULL,NULL,NULL,20.00,12.00,20.00,553.00,'2022-01-04 21:14:17','2022-01-04 21:14:17',NULL,0,'in_stock',NULL,0,'Botble\\ACL\\Models\\User',0,NULL),(82,'Organic Cage-Free Grade A Large Brown Eggs',NULL,NULL,'published','[\"products\\/22.jpg\"]','HS-100-A0-A2',0,19,0,1,0,5,1,0,128,NULL,NULL,NULL,20.00,12.00,20.00,553.00,'2022-01-04 21:14:17','2022-01-04 21:14:17',NULL,0,'in_stock',NULL,0,'Botble\\ACL\\Models\\User',0,NULL),(83,'Organic Cage-Free Grade A Large Brown Eggs',NULL,NULL,'published','[\"products\\/22.jpg\"]','HS-100-A0-A3',0,19,0,1,0,5,1,0,128,NULL,NULL,NULL,20.00,12.00,20.00,553.00,'2022-01-04 21:14:17','2022-01-04 21:14:17',NULL,0,'in_stock',NULL,0,'Botble\\ACL\\Models\\User',0,NULL),(84,'Colorful Banana',NULL,NULL,'published','[\"products\\/23.jpg\"]','HS-200-A0',0,14,0,1,0,2,1,0,113,NULL,NULL,NULL,11.00,13.00,15.00,753.00,'2022-01-04 21:14:17','2022-01-04 21:14:17',NULL,0,'in_stock',NULL,0,'Botble\\ACL\\Models\\User',0,NULL),(85,'Colorful Banana',NULL,NULL,'published','[\"products\\/23-1.jpg\"]','HS-200-A0-A1',0,14,0,1,0,2,1,0,113,NULL,NULL,NULL,11.00,13.00,15.00,753.00,'2022-01-04 21:14:17','2022-01-04 21:14:17',NULL,0,'in_stock',NULL,0,'Botble\\ACL\\Models\\User',0,NULL),(86,'Colorful Banana',NULL,NULL,'published','[\"products\\/23.jpg\"]','HS-200-A0-A2',0,14,0,1,0,2,1,0,113,NULL,NULL,NULL,11.00,13.00,15.00,753.00,'2022-01-04 21:14:17','2022-01-04 21:14:17',NULL,0,'in_stock',NULL,0,'Botble\\ACL\\Models\\User',0,NULL),(87,'Signature Wood-Fired Mushroom and Caramelized',NULL,NULL,'published','[\"products\\/24.jpg\"]','HS-125-A0',0,17,0,1,0,5,1,0,110,89.1,NULL,NULL,17.00,20.00,18.00,626.00,'2022-01-04 21:14:17','2022-01-04 21:14:17',NULL,0,'in_stock',NULL,0,'Botble\\ACL\\Models\\User',0,NULL),(88,'Signature Wood-Fired Mushroom and Caramelized',NULL,NULL,'published','[\"products\\/24-1.jpg\"]','HS-125-A0-A1',0,17,0,1,0,5,1,0,110,83.6,NULL,NULL,17.00,20.00,18.00,626.00,'2022-01-04 21:14:17','2022-01-04 21:14:17',NULL,0,'in_stock',NULL,0,'Botble\\ACL\\Models\\User',0,NULL),(89,'Signature Wood-Fired Mushroom and Caramelized',NULL,NULL,'published','[\"products\\/24.jpg\"]','HS-125-A0-A2',0,17,0,1,0,5,1,0,110,86.9,NULL,NULL,17.00,20.00,18.00,626.00,'2022-01-04 21:14:17','2022-01-04 21:14:17',NULL,0,'in_stock',NULL,0,'Botble\\ACL\\Models\\User',0,NULL);
/*!40000 ALTER TABLE `ec_products` ENABLE KEYS */;
UNLOCK TABLES;

--
-- Table structure for table `ec_products_translations`
--

DROP TABLE IF EXISTS `ec_products_translations`;
/*!40101 SET @saved_cs_client     = @@character_set_client */;
/*!40101 SET character_set_client = utf8 */;
CREATE TABLE `ec_products_translations` (
  `lang_code` varchar(191) COLLATE utf8mb4_unicode_ci NOT NULL,
  `ec_products_id` int(11) NOT NULL,
  `name` varchar(191) COLLATE utf8mb4_unicode_ci DEFAULT NULL,
  `description` text COLLATE utf8mb4_unicode_ci DEFAULT NULL,
  `content` text COLLATE utf8mb4_unicode_ci DEFAULT NULL,
  PRIMARY KEY (`lang_code`,`ec_products_id`)
) ENGINE=InnoDB DEFAULT CHARSET=utf8mb4 COLLATE=utf8mb4_unicode_ci;
/*!40101 SET character_set_client = @saved_cs_client */;

--
-- Dumping data for table `ec_products_translations`
--

LOCK TABLES `ec_products_translations` WRITE;
/*!40000 ALTER TABLE `ec_products_translations` DISABLE KEYS */;
INSERT INTO `ec_products_translations` VALUES ('vi',1,'Hạt Quinoa hữu cơ',NULL,NULL),('vi',2,'Thịt gà viên kiểu Ý tự nhiên',NULL,NULL),('vi',3,'Angie’s Boomchickapop Sweet & Salty',NULL,NULL),('vi',4,'Foster Farms Takeout Crispy Classic',NULL,NULL),('vi',5,'Diamond Almonds xanh nhạt',NULL,NULL),('vi',6,'Chobani vani Hy Lạp',NULL,NULL),('vi',7,'Gừng khô Canada',NULL,NULL),('vi',8,'Hải sản Alaska',NULL,NULL),('vi',9,'Cá phi lê tẩm Gorton',NULL,NULL),('vi',10,'Kem Haagen-Dazs Caramel Cone',NULL,NULL),('vi',11,'Máy làm kem cà phê nguyên bản của Nestle',NULL,NULL),('vi',12,'Cà phê rang nhẹ hương vị quế vani tự nhiên',NULL,NULL),('vi',13,'Pepperidge Farm Farmhouse Hearty White Bread',NULL,NULL),('vi',14,'Hỗn hợp ba quả mọng đông lạnh hữu cơ',NULL,NULL),('vi',15,'Bánh mì bơ sữa đồng quê Oroweat',NULL,NULL),('vi',16,'Foster Farms Takeout Crispy Classic Buffalo Wings',NULL,NULL),('vi',17,'Ngô Angie’s boomchickapop ngọt và mặn',NULL,NULL),('vi',18,'Thịt gà viên kiểu Ý tự nhiên',NULL,NULL),('vi',19,'Nước ép chanh và mâm xôi',NULL,NULL),('vi',20,'Perdue hữu cơ không chứa Gluten',NULL,NULL),('vi',21,'Dưa hấu chen',NULL,NULL),('vi',22,'Trứng loại A lớn hữu cơ',NULL,NULL),('vi',23,'Chuối đầy màu sắc',NULL,NULL),('vi',24,'Nấm đặc trưng và caramel',NULL,NULL),('vi',25,'Hạt Quinoa hữu cơ',NULL,NULL),('vi',26,'Hạt Quinoa hữu cơ',NULL,NULL),('vi',27,'Hạt Quinoa hữu cơ',NULL,NULL),('vi',28,'Hạt Quinoa hữu cơ',NULL,NULL),('vi',29,'Hạt Quinoa hữu cơ',NULL,NULL),('vi',30,'Thịt gà viên kiểu Ý tự nhiên',NULL,NULL),('vi',31,'Thịt gà viên kiểu Ý tự nhiên',NULL,NULL),('vi',32,'Angie’s Boomchickapop Sweet & Salty',NULL,NULL),('vi',33,'Angie’s Boomchickapop Sweet & Salty',NULL,NULL),('vi',34,'Angie’s Boomchickapop Sweet & Salty',NULL,NULL),('vi',35,'Foster Farms Takeout Crispy Classic',NULL,NULL),('vi',36,'Foster Farms Takeout Crispy Classic',NULL,NULL),('vi',37,'Foster Farms Takeout Crispy Classic',NULL,NULL),('vi',38,'Diamond Almonds xanh nhạt',NULL,NULL),('vi',39,'Diamond Almonds xanh nhạt',NULL,NULL),('vi',40,'Diamond Almonds xanh nhạt',NULL,NULL),('vi',41,'Chobani vani Hy Lạp',NULL,NULL),('vi',42,'Gừng khô Canada',NULL,NULL),('vi',43,'Gừng khô Canada',NULL,NULL),('vi',44,'Hải sản Alaska',NULL,NULL),('vi',45,'Hải sản Alaska',NULL,NULL),('vi',46,'Hải sản Alaska',NULL,NULL),('vi',47,'Cá phi lê tẩm Gorton',NULL,NULL),('vi',48,'Cá phi lê tẩm Gorton',NULL,NULL),('vi',49,'Kem Haagen-Dazs Caramel Cone',NULL,NULL),('vi',50,'Kem Haagen-Dazs Caramel Cone',NULL,NULL),('vi',51,'Kem Haagen-Dazs Caramel Cone',NULL,NULL),('vi',52,'Máy làm kem cà phê nguyên bản của Nestle',NULL,NULL),('vi',53,'Máy làm kem cà phê nguyên bản của Nestle',NULL,NULL),('vi',54,'Máy làm kem cà phê nguyên bản của Nestle',NULL,NULL),('vi',55,'Cà phê rang nhẹ hương vị quế vani tự nhiên',NULL,NULL),('vi',56,'Cà phê rang nhẹ hương vị quế vani tự nhiên',NULL,NULL),('vi',57,'Cà phê rang nhẹ hương vị quế vani tự nhiên',NULL,NULL),('vi',58,'Pepperidge Farm Farmhouse Hearty White Bread',NULL,NULL),('vi',59,'Hỗn hợp ba quả mọng đông lạnh hữu cơ',NULL,NULL),('vi',60,'Hỗn hợp ba quả mọng đông lạnh hữu cơ',NULL,NULL),('vi',61,'Bánh mì bơ sữa đồng quê Oroweat',NULL,NULL),('vi',62,'Foster Farms Takeout Crispy Classic Buffalo Wings',NULL,NULL),('vi',63,'Foster Farms Takeout Crispy Classic Buffalo Wings',NULL,NULL),('vi',64,'Ngô Angie’s boomchickapop ngọt và mặn',NULL,NULL),('vi',65,'Ngô Angie’s boomchickapop ngọt và mặn',NULL,NULL),('vi',66,'Ngô Angie’s boomchickapop ngọt và mặn',NULL,NULL),('vi',67,'Thịt gà viên kiểu Ý tự nhiên',NULL,NULL),('vi',68,'Thịt gà viên kiểu Ý tự nhiên',NULL,NULL),('vi',69,'Thịt gà viên kiểu Ý tự nhiên',NULL,NULL),('vi',70,'Nước ép chanh và mâm xôi',NULL,NULL),('vi',71,'Nước ép chanh và mâm xôi',NULL,NULL),('vi',72,'Nước ép chanh và mâm xôi',NULL,NULL),('vi',73,'Nước ép chanh và mâm xôi',NULL,NULL),('vi',74,'Nước ép chanh và mâm xôi',NULL,NULL),('vi',75,'Perdue hữu cơ không chứa Gluten',NULL,NULL),('vi',76,'Dưa hấu chen',NULL,NULL),('vi',77,'Dưa hấu chen',NULL,NULL),('vi',78,'Dưa hấu chen',NULL,NULL),('vi',79,'Dưa hấu chen',NULL,NULL),('vi',80,'Trứng loại A lớn hữu cơ',NULL,NULL),('vi',81,'Trứng loại A lớn hữu cơ',NULL,NULL),('vi',82,'Trứng loại A lớn hữu cơ',NULL,NULL),('vi',83,'Trứng loại A lớn hữu cơ',NULL,NULL),('vi',84,'Chuối đầy màu sắc',NULL,NULL),('vi',85,'Chuối đầy màu sắc',NULL,NULL),('vi',86,'Chuối đầy màu sắc',NULL,NULL),('vi',87,'Nấm đặc trưng và caramel',NULL,NULL),('vi',88,'Nấm đặc trưng và caramel',NULL,NULL),('vi',89,'Nấm đặc trưng và caramel',NULL,NULL);
/*!40000 ALTER TABLE `ec_products_translations` ENABLE KEYS */;
UNLOCK TABLES;

--
-- Table structure for table `ec_reviews`
--

DROP TABLE IF EXISTS `ec_reviews`;
/*!40101 SET @saved_cs_client     = @@character_set_client */;
/*!40101 SET character_set_client = utf8 */;
CREATE TABLE `ec_reviews` (
  `id` bigint(20) unsigned NOT NULL AUTO_INCREMENT,
  `customer_id` int(10) unsigned NOT NULL,
  `product_id` int(10) unsigned NOT NULL,
  `star` double(8,2) NOT NULL,
  `comment` text COLLATE utf8mb4_unicode_ci NOT NULL,
  `status` varchar(60) COLLATE utf8mb4_unicode_ci NOT NULL DEFAULT 'published',
  `created_at` timestamp NULL DEFAULT NULL,
  `updated_at` timestamp NULL DEFAULT NULL,
  `images` text COLLATE utf8mb4_unicode_ci DEFAULT NULL,
  PRIMARY KEY (`id`)
) ENGINE=InnoDB AUTO_INCREMENT=101 DEFAULT CHARSET=utf8mb4 COLLATE=utf8mb4_unicode_ci;
/*!40101 SET character_set_client = @saved_cs_client */;

--
-- Dumping data for table `ec_reviews`
--

LOCK TABLES `ec_reviews` WRITE;
/*!40000 ALTER TABLE `ec_reviews` DISABLE KEYS */;
INSERT INTO `ec_reviews` VALUES (1,5,1,3.00,'Cool template. Excellent code quality. The support responds very quickly, which is very rare on themeforest and codecanyon.net, I buy a lot of templates, and everyone will have a response from technical support for two or three days. Thanks to tech support. I recommend to buy.','published','2022-01-04 21:14:21','2022-01-04 21:14:21','[\"products\\/3.jpg\"]'),(2,4,11,5.00,'Second or third time that I buy a Botble product, happy with the products and support. You guys do a good job :)','published','2022-01-04 21:14:21','2022-01-04 21:14:21','[\"products\\/2.jpg\"]'),(3,9,8,4.00,'I Love this Script. I also found how to add other fees. Now I just wait the BIG update for the Marketplace with the Bulk Import. Just do not forget to make it to be Multi-language for us the Botble Fans.','published','2022-01-04 21:14:21','2022-01-04 21:14:21','[\"products\\/2.jpg\",\"products\\/6.jpg\"]'),(4,6,17,2.00,'Ok good product. I have some issues in customizations. But its not correct to blame the developer. The product is good. Good luck for your business.','published','2022-01-04 21:14:21','2022-01-04 21:14:21','[\"products\\/3.jpg\",\"products\\/6.jpg\"]'),(5,3,15,5.00,'Cool template. Excellent code quality. The support responds very quickly, which is very rare on themeforest and codecanyon.net, I buy a lot of templates, and everyone will have a response from technical support for two or three days. Thanks to tech support. I recommend to buy.','published','2022-01-04 21:14:21','2022-01-04 21:14:21','[\"products\\/1.jpg\",\"products\\/6.jpg\"]'),(6,5,18,3.00,'The best ecommerce CMS! Excellent coding! best support service! Thank you so much..... I really like your hard work.','published','2022-01-04 21:14:21','2022-01-04 21:14:21','[\"products\\/2.jpg\",\"products\\/7.jpg\"]'),(7,4,18,4.00,'The best ecommerce CMS! Excellent coding! best support service! Thank you so much..... I really like your hard work.','published','2022-01-04 21:14:21','2022-01-04 21:14:21','[\"products\\/2.jpg\",\"products\\/7.jpg\",\"products\\/17.jpg\"]'),(8,4,2,1.00,'Ok good product. I have some issues in customizations. But its not correct to blame the developer. The product is good. Good luck for your business.','published','2022-01-04 21:14:21','2022-01-04 21:14:21','[\"products\\/3.jpg\",\"products\\/5.jpg\",\"products\\/12.jpg\"]'),(9,10,5,5.00,'The code is good, in general, if you like it, can you give it 5 stars?','published','2022-01-04 21:14:21','2022-01-04 21:14:21','[\"products\\/2.jpg\",\"products\\/6.jpg\",\"products\\/19.jpg\"]'),(10,2,17,5.00,'Those guys now what they are doing, the release such a good product that it\'s a pleasure to work with ! Even when I was stuck on the project, I created a ticket and the next day it was replied by the team. GOOD JOB guys. I love working with them :)','published','2022-01-04 21:14:21','2022-01-04 21:14:21','[\"products\\/3.jpg\",\"products\\/7.jpg\"]'),(11,7,15,3.00,'The script is the best of its class, fast, easy to implement and work with , and the most important thing is the great support team , Recommend with no doubt.','published','2022-01-04 21:14:21','2022-01-04 21:14:21','[\"products\\/2.jpg\",\"products\\/5.jpg\",\"products\\/17.jpg\"]'),(12,1,10,2.00,'The best ecommerce CMS! Excellent coding! best support service! Thank you so much..... I really like your hard work.','published','2022-01-04 21:14:21','2022-01-04 21:14:21','[\"products\\/1.jpg\",\"products\\/6.jpg\",\"products\\/24.jpg\"]'),(13,6,9,2.00,'Second or third time that I buy a Botble product, happy with the products and support. You guys do a good job :)','published','2022-01-04 21:14:21','2022-01-04 21:14:21','[\"products\\/2.jpg\",\"products\\/5.jpg\"]'),(14,1,20,2.00,'This web app is really good in design, code quality & features. Besides, the customer support provided by the Botble team was really fast & helpful. You guys are awesome!','published','2022-01-04 21:14:21','2022-01-04 21:14:21','[\"products\\/4.jpg\"]'),(15,7,13,4.00,'Ok good product. I have some issues in customizations. But its not correct to blame the developer. The product is good. Good luck for your business.','published','2022-01-04 21:14:21','2022-01-04 21:14:21','[\"products\\/4.jpg\",\"products\\/7.jpg\"]'),(16,10,4,4.00,'As a developer I reviewed this script. This is really awesome ecommerce script. I have convinced when I noticed that it\'s built on fully WordPress concept.','published','2022-01-04 21:14:21','2022-01-04 21:14:21','[\"products\\/2.jpg\",\"products\\/7.jpg\"]'),(17,1,10,5.00,'Amazing code, amazing support. Overall, im really confident in Botble and im happy I made the right choice! Thank you so much guys for coding this masterpiece','published','2022-01-04 21:14:21','2022-01-04 21:14:21','[\"products\\/1.jpg\"]'),(18,3,19,2.00,'Cool template. Excellent code quality. The support responds very quickly, which is very rare on themeforest and codecanyon.net, I buy a lot of templates, and everyone will have a response from technical support for two or three days. Thanks to tech support. I recommend to buy.','published','2022-01-04 21:14:21','2022-01-04 21:14:21','[\"products\\/4.jpg\"]'),(19,10,20,3.00,'Clean & perfect source code','published','2022-01-04 21:14:21','2022-01-04 21:14:21','[\"products\\/4.jpg\",\"products\\/5.jpg\",\"products\\/16.jpg\"]'),(20,8,9,5.00,'As a developer I reviewed this script. This is really awesome ecommerce script. I have convinced when I noticed that it\'s built on fully WordPress concept.','published','2022-01-04 21:14:21','2022-01-04 21:14:21','[\"products\\/2.jpg\"]'),(21,3,10,5.00,'Best ecommerce CMS online store!','published','2022-01-04 21:14:21','2022-01-04 21:14:21','[\"products\\/3.jpg\",\"products\\/7.jpg\"]'),(22,5,24,3.00,'Best ecommerce CMS online store!','published','2022-01-04 21:14:21','2022-01-04 21:14:21','[\"products\\/3.jpg\"]'),(23,6,15,2.00,'Second or third time that I buy a Botble product, happy with the products and support. You guys do a good job :)','published','2022-01-04 21:14:21','2022-01-04 21:14:21','[\"products\\/3.jpg\",\"products\\/5.jpg\",\"products\\/17.jpg\"]'),(24,1,15,3.00,'This web app is really good in design, code quality & features. Besides, the customer support provided by the Botble team was really fast & helpful. You guys are awesome!','published','2022-01-04 21:14:21','2022-01-04 21:14:21','[\"products\\/1.jpg\"]'),(25,6,9,1.00,'Those guys now what they are doing, the release such a good product that it\'s a pleasure to work with ! Even when I was stuck on the project, I created a ticket and the next day it was replied by the team. GOOD JOB guys. I love working with them :)','published','2022-01-04 21:14:21','2022-01-04 21:14:21','[\"products\\/1.jpg\"]'),(26,2,18,5.00,'Very enthusiastic support! Excellent code is written. It\'s a true pleasure working with.','published','2022-01-04 21:14:21','2022-01-04 21:14:21','[\"products\\/2.jpg\",\"products\\/5.jpg\"]'),(27,9,10,1.00,'The best ecommerce CMS! Excellent coding! best support service! Thank you so much..... I really like your hard work.','published','2022-01-04 21:14:21','2022-01-04 21:14:21','[\"products\\/3.jpg\",\"products\\/5.jpg\",\"products\\/9.jpg\"]'),(28,3,17,5.00,'As a developer I reviewed this script. This is really awesome ecommerce script. I have convinced when I noticed that it\'s built on fully WordPress concept.','published','2022-01-04 21:14:21','2022-01-04 21:14:21','[\"products\\/4.jpg\",\"products\\/7.jpg\"]'),(29,6,10,5.00,'Ok good product. I have some issues in customizations. But its not correct to blame the developer. The product is good. Good luck for your business.','published','2022-01-04 21:14:21','2022-01-04 21:14:21','[\"products\\/2.jpg\",\"products\\/7.jpg\",\"products\\/10.jpg\"]'),(30,3,12,5.00,'Clean & perfect source code','published','2022-01-04 21:14:21','2022-01-04 21:14:21','[\"products\\/3.jpg\"]'),(31,3,23,1.00,'For me the best eCommerce script on Envato at this moment: modern, clean code, a lot of great features. The customer support is great too: I always get an answer within hours!','published','2022-01-04 21:14:21','2022-01-04 21:14:21','[\"products\\/1.jpg\",\"products\\/7.jpg\"]'),(32,10,19,2.00,'Good app, good backup service and support. Good documentation.','published','2022-01-04 21:14:21','2022-01-04 21:14:21','[\"products\\/2.jpg\",\"products\\/7.jpg\",\"products\\/22.jpg\"]'),(33,10,22,2.00,'It\'s not my first experience here on Codecanyon and I can honestly tell you all that Botble puts a LOT of effort into the support. They answer so fast, they helped me tons of times. REALLY by far THE BEST EXPERIENCE on Codecanyon. Those guys at Botble are so good that they deserve 5 stars. I recommend them, I trust them and I can\'t wait to see what they will sell in a near future. Thank you Botble :)','published','2022-01-04 21:14:21','2022-01-04 21:14:21','[\"products\\/1.jpg\",\"products\\/7.jpg\",\"products\\/11.jpg\"]'),(34,7,13,2.00,'Great system, great support, good job Botble. I\'m looking forward to more great functional plugins.','published','2022-01-04 21:14:21','2022-01-04 21:14:21','[\"products\\/2.jpg\",\"products\\/7.jpg\",\"products\\/23.jpg\"]'),(35,7,11,3.00,'Clean & perfect source code','published','2022-01-04 21:14:21','2022-01-04 21:14:21','[\"products\\/1.jpg\",\"products\\/5.jpg\"]'),(36,2,10,5.00,'Amazing code, amazing support. Overall, im really confident in Botble and im happy I made the right choice! Thank you so much guys for coding this masterpiece','published','2022-01-04 21:14:21','2022-01-04 21:14:21','[\"products\\/4.jpg\"]'),(37,10,16,1.00,'Very enthusiastic support! Excellent code is written. It\'s a true pleasure working with.','published','2022-01-04 21:14:21','2022-01-04 21:14:21','[\"products\\/2.jpg\",\"products\\/6.jpg\"]'),(38,2,23,1.00,'The best store template! Excellent coding! Very good support! Thank you so much for all the help, I really appreciated.','published','2022-01-04 21:14:21','2022-01-04 21:14:21','[\"products\\/3.jpg\",\"products\\/5.jpg\"]'),(39,2,13,1.00,'Perfect +++++++++ i love it really also i get to fast ticket answers... Thanks Lot BOTBLE Teams','published','2022-01-04 21:14:21','2022-01-04 21:14:21','[\"products\\/1.jpg\",\"products\\/5.jpg\"]'),(40,10,13,3.00,'This web app is really good in design, code quality & features. Besides, the customer support provided by the Botble team was really fast & helpful. You guys are awesome!','published','2022-01-04 21:14:21','2022-01-04 21:14:21','{\"0\":\"products\\/4.jpg\",\"2\":\"products\\/8.jpg\"}'),(41,2,1,3.00,'Great E-commerce system. And much more : Wonderful Customer Support.','published','2022-01-04 21:14:21','2022-01-04 21:14:21','[\"products\\/1.jpg\",\"products\\/5.jpg\"]'),(42,1,6,2.00,'These guys are amazing! Responses immediately, amazing support and help... I immediately feel at ease after Purchasing..','published','2022-01-04 21:14:21','2022-01-04 21:14:21','[\"products\\/4.jpg\",\"products\\/5.jpg\",\"products\\/15.jpg\"]'),(43,5,16,3.00,'Very enthusiastic support! Excellent code is written. It\'s a true pleasure working with.','published','2022-01-04 21:14:21','2022-01-04 21:14:21','[\"products\\/1.jpg\",\"products\\/5.jpg\"]'),(44,9,21,1.00,'Ok good product. I have some issues in customizations. But its not correct to blame the developer. The product is good. Good luck for your business.','published','2022-01-04 21:14:21','2022-01-04 21:14:21','[\"products\\/3.jpg\",\"products\\/5.jpg\"]'),(45,8,17,3.00,'Amazing code, amazing support. Overall, im really confident in Botble and im happy I made the right choice! Thank you so much guys for coding this masterpiece','published','2022-01-04 21:14:21','2022-01-04 21:14:21','[\"products\\/3.jpg\",\"products\\/6.jpg\"]'),(46,1,6,3.00,'Clean & perfect source code','published','2022-01-04 21:14:21','2022-01-04 21:14:21','[\"products\\/3.jpg\",\"products\\/5.jpg\"]'),(47,1,14,2.00,'The script is the best of its class, fast, easy to implement and work with , and the most important thing is the great support team , Recommend with no doubt.','published','2022-01-04 21:14:21','2022-01-04 21:14:21','[\"products\\/2.jpg\",\"products\\/6.jpg\",\"products\\/21.jpg\"]'),(48,7,8,2.00,'These guys are amazing! Responses immediately, amazing support and help... I immediately feel at ease after Purchasing..','published','2022-01-04 21:14:21','2022-01-04 21:14:21','[\"products\\/1.jpg\"]'),(49,1,18,1.00,'Clean & perfect source code','published','2022-01-04 21:14:21','2022-01-04 21:14:21','[\"products\\/2.jpg\",\"products\\/7.jpg\"]'),(50,8,19,5.00,'I Love this Script. I also found how to add other fees. Now I just wait the BIG update for the Marketplace with the Bulk Import. Just do not forget to make it to be Multi-language for us the Botble Fans.','published','2022-01-04 21:14:21','2022-01-04 21:14:21','[\"products\\/1.jpg\",\"products\\/5.jpg\"]'),(51,6,12,3.00,'Great system, great support, good job Botble. I\'m looking forward to more great functional plugins.','published','2022-01-04 21:14:21','2022-01-04 21:14:21','[\"products\\/3.jpg\",\"products\\/7.jpg\"]'),(52,1,4,1.00,'This script is well coded and is super fast. The support is pretty quick. Very patient and helpful team. I strongly recommend it and they deserve more than 5 stars.','published','2022-01-04 21:14:21','2022-01-04 21:14:21','[\"products\\/4.jpg\",\"products\\/6.jpg\",\"products\\/23.jpg\"]'),(53,8,9,3.00,'Solution is too robust for our purpose so we didn\'t use it at the end. But I appreciate customer support during initial configuration.','published','2022-01-04 21:14:21','2022-01-04 21:14:21','[\"products\\/3.jpg\",\"products\\/6.jpg\"]'),(54,9,11,5.00,'Second or third time that I buy a Botble product, happy with the products and support. You guys do a good job :)','published','2022-01-04 21:14:21','2022-01-04 21:14:21','[\"products\\/1.jpg\",\"products\\/7.jpg\",\"products\\/23.jpg\"]'),(55,7,18,2.00,'Solution is too robust for our purpose so we didn\'t use it at the end. But I appreciate customer support during initial configuration.','published','2022-01-04 21:14:21','2022-01-04 21:14:21','[\"products\\/3.jpg\"]'),(56,9,1,4.00,'Great E-commerce system. And much more : Wonderful Customer Support.','published','2022-01-04 21:14:21','2022-01-04 21:14:21','{\"0\":\"products\\/4.jpg\",\"2\":\"products\\/18.jpg\"}'),(57,4,13,5.00,'Perfect +++++++++ i love it really also i get to fast ticket answers... Thanks Lot BOTBLE Teams','published','2022-01-04 21:14:21','2022-01-04 21:14:21','[\"products\\/3.jpg\",\"products\\/6.jpg\"]'),(58,10,9,1.00,'It\'s not my first experience here on Codecanyon and I can honestly tell you all that Botble puts a LOT of effort into the support. They answer so fast, they helped me tons of times. REALLY by far THE BEST EXPERIENCE on Codecanyon. Those guys at Botble are so good that they deserve 5 stars. I recommend them, I trust them and I can\'t wait to see what they will sell in a near future. Thank you Botble :)','published','2022-01-04 21:14:21','2022-01-04 21:14:21','{\"0\":\"products\\/4.jpg\",\"2\":\"products\\/17.jpg\"}'),(59,6,20,4.00,'Amazing code, amazing support. Overall, im really confident in Botble and im happy I made the right choice! Thank you so much guys for coding this masterpiece','published','2022-01-04 21:14:21','2022-01-04 21:14:21','[\"products\\/3.jpg\",\"products\\/7.jpg\"]'),(60,9,17,5.00,'Very enthusiastic support! Excellent code is written. It\'s a true pleasure working with.','published','2022-01-04 21:14:21','2022-01-04 21:14:21','[\"products\\/4.jpg\",\"products\\/5.jpg\",\"products\\/17.jpg\"]'),(61,7,1,1.00,'We have received brilliant service support and will be expanding the features with the developer. Nice product!','published','2022-01-04 21:14:21','2022-01-04 21:14:21','[\"products\\/4.jpg\",\"products\\/6.jpg\",\"products\\/18.jpg\"]'),(62,4,5,3.00,'Perfect +++++++++ i love it really also i get to fast ticket answers... Thanks Lot BOTBLE Teams','published','2022-01-04 21:14:21','2022-01-04 21:14:21','[\"products\\/2.jpg\"]'),(63,3,19,2.00,'This script is well coded and is super fast. The support is pretty quick. Very patient and helpful team. I strongly recommend it and they deserve more than 5 stars.','published','2022-01-04 21:14:21','2022-01-04 21:14:21','[\"products\\/2.jpg\",\"products\\/5.jpg\"]'),(64,10,10,5.00,'Good app, good backup service and support. Good documentation.','published','2022-01-04 21:14:21','2022-01-04 21:14:21','[\"products\\/2.jpg\",\"products\\/7.jpg\"]'),(65,6,4,1.00,'This web app is really good in design, code quality & features. Besides, the customer support provided by the Botble team was really fast & helpful. You guys are awesome!','published','2022-01-04 21:14:21','2022-01-04 21:14:21','[\"products\\/3.jpg\",\"products\\/6.jpg\"]'),(66,1,20,5.00,'As a developer I reviewed this script. This is really awesome ecommerce script. I have convinced when I noticed that it\'s built on fully WordPress concept.','published','2022-01-04 21:14:21','2022-01-04 21:14:21','[\"products\\/1.jpg\"]'),(67,10,16,2.00,'Solution is too robust for our purpose so we didn\'t use it at the end. But I appreciate customer support during initial configuration.','published','2022-01-04 21:14:21','2022-01-04 21:14:21','[\"products\\/4.jpg\",\"products\\/7.jpg\",\"products\\/24.jpg\"]'),(68,8,23,3.00,'We have received brilliant service support and will be expanding the features with the developer. Nice product!','published','2022-01-04 21:14:21','2022-01-04 21:14:21','[\"products\\/4.jpg\",\"products\\/7.jpg\"]'),(69,5,9,3.00,'Those guys now what they are doing, the release such a good product that it\'s a pleasure to work with ! Even when I was stuck on the project, I created a ticket and the next day it was replied by the team. GOOD JOB guys. I love working with them :)','published','2022-01-04 21:14:21','2022-01-04 21:14:21','[\"products\\/1.jpg\"]'),(70,8,3,2.00,'This web app is really good in design, code quality & features. Besides, the customer support provided by the Botble team was really fast & helpful. You guys are awesome!','published','2022-01-04 21:14:21','2022-01-04 21:14:21','[\"products\\/3.jpg\",\"products\\/7.jpg\"]'),(71,4,18,5.00,'Great E-commerce system. And much more : Wonderful Customer Support.','published','2022-01-04 21:14:21','2022-01-04 21:14:21','[\"products\\/4.jpg\"]'),(72,10,7,3.00,'Those guys now what they are doing, the release such a good product that it\'s a pleasure to work with ! Even when I was stuck on the project, I created a ticket and the next day it was replied by the team. GOOD JOB guys. I love working with them :)','published','2022-01-04 21:14:21','2022-01-04 21:14:21','[\"products\\/3.jpg\",\"products\\/6.jpg\",\"products\\/18.jpg\"]'),(73,7,14,5.00,'As a developer I reviewed this script. This is really awesome ecommerce script. I have convinced when I noticed that it\'s built on fully WordPress concept.','published','2022-01-04 21:14:21','2022-01-04 21:14:21','{\"0\":\"products\\/1.jpg\",\"2\":\"products\\/8.jpg\"}'),(74,7,21,5.00,'The best store template! Excellent coding! Very good support! Thank you so much for all the help, I really appreciated.','published','2022-01-04 21:14:21','2022-01-04 21:14:21','[\"products\\/3.jpg\"]'),(75,2,23,1.00,'Solution is too robust for our purpose so we didn\'t use it at the end. But I appreciate customer support during initial configuration.','published','2022-01-04 21:14:21','2022-01-04 21:14:21','[\"products\\/1.jpg\",\"products\\/6.jpg\"]'),(76,2,7,1.00,'Great system, great support, good job Botble. I\'m looking forward to more great functional plugins.','published','2022-01-04 21:14:21','2022-01-04 21:14:21','[\"products\\/4.jpg\",\"products\\/6.jpg\",\"products\\/17.jpg\"]'),(77,5,22,2.00,'This web app is really good in design, code quality & features. Besides, the customer support provided by the Botble team was really fast & helpful. You guys are awesome!','published','2022-01-04 21:14:21','2022-01-04 21:14:21','[\"products\\/4.jpg\",\"products\\/5.jpg\",\"products\\/13.jpg\"]'),(78,3,24,4.00,'Amazing code, amazing support. Overall, im really confident in Botble and im happy I made the right choice! Thank you so much guys for coding this masterpiece','published','2022-01-04 21:14:21','2022-01-04 21:14:21','[\"products\\/2.jpg\",\"products\\/5.jpg\"]'),(79,4,19,4.00,'Clean & perfect source code','published','2022-01-04 21:14:21','2022-01-04 21:14:21','[\"products\\/4.jpg\",\"products\\/6.jpg\",\"products\\/21.jpg\"]'),(80,8,18,4.00,'Customer Support are grade (A*), however the code is a way too over engineered for it\'s purpose.','published','2022-01-04 21:14:21','2022-01-04 21:14:21','[\"products\\/1.jpg\"]'),(81,8,1,4.00,'This script is well coded and is super fast. The support is pretty quick. Very patient and helpful team. I strongly recommend it and they deserve more than 5 stars.','published','2022-01-04 21:14:21','2022-01-04 21:14:21','[\"products\\/3.jpg\",\"products\\/5.jpg\"]'),(82,4,19,2.00,'The best store template! Excellent coding! Very good support! Thank you so much for all the help, I really appreciated.','published','2022-01-04 21:14:21','2022-01-04 21:14:21','[\"products\\/3.jpg\",\"products\\/7.jpg\"]'),(83,9,16,4.00,'The script is the best of its class, fast, easy to implement and work with , and the most important thing is the great support team , Recommend with no doubt.','published','2022-01-04 21:14:21','2022-01-04 21:14:21','[\"products\\/1.jpg\"]'),(84,7,15,4.00,'As a developer I reviewed this script. This is really awesome ecommerce script. I have convinced when I noticed that it\'s built on fully WordPress concept.','published','2022-01-04 21:14:21','2022-01-04 21:14:21','[\"products\\/2.jpg\",\"products\\/5.jpg\"]'),(85,6,23,2.00,'As a developer I reviewed this script. This is really awesome ecommerce script. I have convinced when I noticed that it\'s built on fully WordPress concept.','published','2022-01-04 21:14:21','2022-01-04 21:14:21','[\"products\\/1.jpg\",\"products\\/5.jpg\"]'),(86,10,13,4.00,'Solution is too robust for our purpose so we didn\'t use it at the end. But I appreciate customer support during initial configuration.','published','2022-01-04 21:14:21','2022-01-04 21:14:21','[\"products\\/4.jpg\",\"products\\/7.jpg\"]'),(87,3,4,4.00,'It\'s not my first experience here on Codecanyon and I can honestly tell you all that Botble puts a LOT of effort into the support. They answer so fast, they helped me tons of times. REALLY by far THE BEST EXPERIENCE on Codecanyon. Those guys at Botble are so good that they deserve 5 stars. I recommend them, I trust them and I can\'t wait to see what they will sell in a near future. Thank you Botble :)','published','2022-01-04 21:14:21','2022-01-04 21:14:21','[\"products\\/3.jpg\"]'),(88,8,1,4.00,'The best store template! Excellent coding! Very good support! Thank you so much for all the help, I really appreciated.','published','2022-01-04 21:14:21','2022-01-04 21:14:21','[\"products\\/2.jpg\"]'),(89,7,18,1.00,'This web app is really good in design, code quality & features. Besides, the customer support provided by the Botble team was really fast & helpful. You guys are awesome!','published','2022-01-04 21:14:21','2022-01-04 21:14:21','[\"products\\/3.jpg\",\"products\\/6.jpg\"]'),(90,7,22,3.00,'Clean & perfect source code','published','2022-01-04 21:14:21','2022-01-04 21:14:21','[\"products\\/3.jpg\",\"products\\/6.jpg\"]'),(91,6,11,3.00,'This web app is really good in design, code quality & features. Besides, the customer support provided by the Botble team was really fast & helpful. You guys are awesome!','published','2022-01-04 21:14:21','2022-01-04 21:14:21','[\"products\\/3.jpg\",\"products\\/6.jpg\"]'),(92,1,9,4.00,'The best store template! Excellent coding! Very good support! Thank you so much for all the help, I really appreciated.','published','2022-01-04 21:14:21','2022-01-04 21:14:21','[\"products\\/3.jpg\"]'),(93,5,9,1.00,'Customer Support are grade (A*), however the code is a way too over engineered for it\'s purpose.','published','2022-01-04 21:14:21','2022-01-04 21:14:21','[\"products\\/1.jpg\",\"products\\/7.jpg\"]'),(94,3,3,5.00,'The best store template! Excellent coding! Very good support! Thank you so much for all the help, I really appreciated.','published','2022-01-04 21:14:21','2022-01-04 21:14:21','[\"products\\/3.jpg\",\"products\\/5.jpg\"]'),(95,6,21,4.00,'The code is good, in general, if you like it, can you give it 5 stars?','published','2022-01-04 21:14:21','2022-01-04 21:14:21','[\"products\\/3.jpg\",\"products\\/7.jpg\"]'),(96,6,2,3.00,'For me the best eCommerce script on Envato at this moment: modern, clean code, a lot of great features. The customer support is great too: I always get an answer within hours!','published','2022-01-04 21:14:21','2022-01-04 21:14:21','[\"products\\/4.jpg\",\"products\\/7.jpg\",\"products\\/15.jpg\"]'),(97,5,11,2.00,'Those guys now what they are doing, the release such a good product that it\'s a pleasure to work with ! Even when I was stuck on the project, I created a ticket and the next day it was replied by the team. GOOD JOB guys. I love working with them :)','published','2022-01-04 21:14:21','2022-01-04 21:14:21','[\"products\\/1.jpg\",\"products\\/5.jpg\"]'),(98,6,6,2.00,'The best store template! Excellent coding! Very good support! Thank you so much for all the help, I really appreciated.','published','2022-01-04 21:14:21','2022-01-04 21:14:21','[\"products\\/1.jpg\",\"products\\/7.jpg\",\"products\\/20.jpg\"]'),(99,10,2,2.00,'Clean & perfect source code','published','2022-01-04 21:14:21','2022-01-04 21:14:21','[\"products\\/4.jpg\",\"products\\/7.jpg\"]'),(100,6,10,5.00,'Clean & perfect source code','published','2022-01-04 21:14:21','2022-01-04 21:14:21','[\"products\\/2.jpg\",\"products\\/7.jpg\"]');
/*!40000 ALTER TABLE `ec_reviews` ENABLE KEYS */;
UNLOCK TABLES;

--
-- Table structure for table `ec_shipment_histories`
--

DROP TABLE IF EXISTS `ec_shipment_histories`;
/*!40101 SET @saved_cs_client     = @@character_set_client */;
/*!40101 SET character_set_client = utf8 */;
CREATE TABLE `ec_shipment_histories` (
  `id` bigint(20) unsigned NOT NULL AUTO_INCREMENT,
  `action` varchar(120) COLLATE utf8mb4_unicode_ci NOT NULL,
  `description` varchar(255) COLLATE utf8mb4_unicode_ci NOT NULL,
  `user_id` int(10) unsigned DEFAULT NULL,
  `shipment_id` int(10) unsigned NOT NULL,
  `order_id` int(10) unsigned NOT NULL,
  `created_at` timestamp NULL DEFAULT NULL,
  `updated_at` timestamp NULL DEFAULT NULL,
  PRIMARY KEY (`id`)
) ENGINE=InnoDB AUTO_INCREMENT=131 DEFAULT CHARSET=utf8mb4 COLLATE=utf8mb4_unicode_ci;
/*!40101 SET character_set_client = @saved_cs_client */;

--
-- Dumping data for table `ec_shipment_histories`
--

LOCK TABLES `ec_shipment_histories` WRITE;
/*!40000 ALTER TABLE `ec_shipment_histories` DISABLE KEYS */;
INSERT INTO `ec_shipment_histories` VALUES (1,'create_from_order','Shipping was created from order %order_id%',0,1,1,'2021-12-30 21:14:57','2021-12-30 21:14:57'),(2,'update_status','Changed status of shipping to : Approved . Updated by: %user_name%',0,1,1,'2022-01-03 05:14:58','2022-01-04 21:14:58'),(3,'update_status','Changed status of shipping to : Delivered . Updated by: %user_name%',0,1,1,'2022-01-04 21:14:58','2022-01-04 21:14:58'),(4,'create_from_order','Shipping was created from order %order_id%',0,2,2,'2021-12-19 05:14:58','2021-12-19 05:14:58'),(5,'update_status','Changed status of shipping to : Approved . Updated by: %user_name%',0,2,2,'2022-01-03 05:14:58','2022-01-04 21:14:58'),(6,'update_status','Changed status of shipping to : Delivered . Updated by: %user_name%',0,2,2,'2022-01-04 21:14:58','2022-01-04 21:14:58'),(7,'create_from_order','Shipping was created from order %order_id%',0,3,3,'2021-12-26 09:14:58','2021-12-26 09:14:58'),(8,'update_status','Changed status of shipping to : Approved . Updated by: %user_name%',0,3,3,'2022-01-03 07:14:58','2022-01-04 21:14:58'),(9,'create_from_order','Shipping was created from order %order_id%',0,4,4,'2021-12-31 03:14:58','2021-12-31 03:14:58'),(10,'update_status','Changed status of shipping to : Approved . Updated by: %user_name%',0,4,4,'2022-01-03 07:14:58','2022-01-04 21:14:58'),(11,'update_cod_status','Updated COD status to Completed . Updated by: %user_name%',0,4,4,'2022-01-04 21:14:58','2022-01-04 21:14:58'),(12,'update_status','Changed status of shipping to : Delivered . Updated by: %user_name%',0,4,4,'2022-01-04 21:14:58','2022-01-04 21:14:58'),(13,'create_from_order','Shipping was created from order %order_id%',0,5,5,'2022-01-03 09:14:58','2022-01-03 09:14:58'),(14,'update_status','Changed status of shipping to : Approved . Updated by: %user_name%',0,5,5,'2022-01-03 09:14:58','2022-01-04 21:14:58'),(15,'update_status','Changed status of shipping to : Delivered . Updated by: %user_name%',0,5,5,'2022-01-04 21:14:58','2022-01-04 21:14:58'),(16,'create_from_order','Shipping was created from order %order_id%',0,6,6,'2021-12-28 09:14:58','2021-12-28 09:14:58'),(17,'update_status','Changed status of shipping to : Approved . Updated by: %user_name%',0,6,6,'2022-01-03 09:14:58','2022-01-04 21:14:58'),(18,'create_from_order','Shipping was created from order %order_id%',0,7,7,'2021-12-24 13:14:58','2021-12-24 13:14:58'),(19,'update_status','Changed status of shipping to : Approved . Updated by: %user_name%',0,7,7,'2022-01-03 11:14:58','2022-01-04 21:14:58'),(20,'create_from_order','Shipping was created from order %order_id%',0,8,8,'2021-12-21 17:14:58','2021-12-21 17:14:58'),(21,'update_status','Changed status of shipping to : Approved . Updated by: %user_name%',0,8,8,'2022-01-03 11:14:58','2022-01-04 21:14:58'),(22,'update_status','Changed status of shipping to : Delivered . Updated by: %user_name%',0,8,8,'2022-01-04 21:14:58','2022-01-04 21:14:58'),(23,'create_from_order','Shipping was created from order %order_id%',0,9,9,'2021-12-27 21:14:58','2021-12-27 21:14:58'),(24,'update_status','Changed status of shipping to : Approved . Updated by: %user_name%',0,9,9,'2022-01-03 13:14:58','2022-01-04 21:14:58'),(25,'create_from_order','Shipping was created from order %order_id%',0,10,10,'2021-12-30 13:14:58','2021-12-30 13:14:58'),(26,'update_status','Changed status of shipping to : Approved . Updated by: %user_name%',0,10,10,'2022-01-03 13:14:58','2022-01-04 21:14:58'),(27,'update_status','Changed status of shipping to : Delivered . Updated by: %user_name%',0,10,10,'2022-01-04 21:14:58','2022-01-04 21:14:58'),(28,'create_from_order','Shipping was created from order %order_id%',0,11,11,'2021-12-26 13:14:58','2021-12-26 13:14:58'),(29,'update_status','Changed status of shipping to : Approved . Updated by: %user_name%',0,11,11,'2022-01-03 13:14:58','2022-01-04 21:14:58'),(30,'create_from_order','Shipping was created from order %order_id%',0,12,12,'2022-01-02 09:14:58','2022-01-02 09:14:58'),(31,'update_status','Changed status of shipping to : Approved . Updated by: %user_name%',0,12,12,'2022-01-03 15:14:58','2022-01-04 21:14:58'),(32,'update_status','Changed status of shipping to : Delivered . Updated by: %user_name%',0,12,12,'2022-01-04 21:14:58','2022-01-04 21:14:58'),(33,'create_from_order','Shipping was created from order %order_id%',0,13,13,'2021-12-25 21:14:58','2021-12-25 21:14:58'),(34,'update_status','Changed status of shipping to : Approved . Updated by: %user_name%',0,13,13,'2022-01-03 15:14:58','2022-01-04 21:14:58'),(35,'create_from_order','Shipping was created from order %order_id%',0,14,14,'2021-12-31 05:14:58','2021-12-31 05:14:58'),(36,'update_status','Changed status of shipping to : Approved . Updated by: %user_name%',0,14,14,'2022-01-03 17:14:58','2022-01-04 21:14:58'),(37,'update_status','Changed status of shipping to : Delivered . Updated by: %user_name%',0,14,14,'2022-01-04 21:14:58','2022-01-04 21:14:58'),(38,'create_from_order','Shipping was created from order %order_id%',0,15,15,'2022-01-03 19:14:58','2022-01-03 19:14:58'),(39,'update_status','Changed status of shipping to : Approved . Updated by: %user_name%',0,15,15,'2022-01-03 19:14:58','2022-01-04 21:14:58'),(40,'update_cod_status','Updated COD status to Completed . Updated by: %user_name%',0,15,15,'2022-01-04 21:14:58','2022-01-04 21:14:58'),(41,'update_status','Changed status of shipping to : Delivered . Updated by: %user_name%',0,15,15,'2022-01-04 21:14:58','2022-01-04 21:14:58'),(42,'create_from_order','Shipping was created from order %order_id%',0,16,16,'2021-12-27 05:14:58','2021-12-27 05:14:58'),(43,'update_status','Changed status of shipping to : Approved . Updated by: %user_name%',0,16,16,'2022-01-03 19:14:58','2022-01-04 21:14:58'),(44,'update_status','Changed status of shipping to : Delivered . Updated by: %user_name%',0,16,16,'2022-01-04 21:14:58','2022-01-04 21:14:58'),(45,'create_from_order','Shipping was created from order %order_id%',0,17,17,'2021-12-30 11:14:58','2021-12-30 11:14:58'),(46,'update_status','Changed status of shipping to : Approved . Updated by: %user_name%',0,17,17,'2022-01-03 19:14:58','2022-01-04 21:14:58'),(47,'create_from_order','Shipping was created from order %order_id%',0,18,18,'2021-12-25 21:14:58','2021-12-25 21:14:58'),(48,'update_status','Changed status of shipping to : Approved . Updated by: %user_name%',0,18,18,'2022-01-03 21:14:58','2022-01-04 21:14:58'),(49,'create_from_order','Shipping was created from order %order_id%',0,19,19,'2021-12-26 21:14:58','2021-12-26 21:14:58'),(50,'update_status','Changed status of shipping to : Approved . Updated by: %user_name%',0,19,19,'2022-01-03 21:14:58','2022-01-04 21:14:58'),(51,'update_status','Changed status of shipping to : Delivered . Updated by: %user_name%',0,19,19,'2022-01-04 21:14:58','2022-01-04 21:14:58'),(52,'create_from_order','Shipping was created from order %order_id%',0,20,20,'2022-01-03 01:14:58','2022-01-03 01:14:58'),(53,'update_status','Changed status of shipping to : Approved . Updated by: %user_name%',0,20,20,'2022-01-03 23:14:58','2022-01-04 21:14:58'),(54,'create_from_order','Shipping was created from order %order_id%',0,21,21,'2022-01-02 03:14:58','2022-01-02 03:14:58'),(55,'update_status','Changed status of shipping to : Approved . Updated by: %user_name%',0,21,21,'2022-01-03 23:14:58','2022-01-04 21:14:58'),(56,'update_status','Changed status of shipping to : Delivered . Updated by: %user_name%',0,21,21,'2022-01-04 21:14:58','2022-01-04 21:14:58'),(57,'create_from_order','Shipping was created from order %order_id%',0,22,22,'2021-12-30 21:14:58','2021-12-30 21:14:58'),(58,'update_status','Changed status of shipping to : Approved . Updated by: %user_name%',0,22,22,'2022-01-04 01:14:58','2022-01-04 21:14:58'),(59,'update_status','Changed status of shipping to : Delivered . Updated by: %user_name%',0,22,22,'2022-01-04 21:14:58','2022-01-04 21:14:58'),(60,'create_from_order','Shipping was created from order %order_id%',0,23,23,'2022-01-01 13:14:58','2022-01-01 13:14:58'),(61,'update_status','Changed status of shipping to : Approved . Updated by: %user_name%',0,23,23,'2022-01-04 01:14:58','2022-01-04 21:14:58'),(62,'create_from_order','Shipping was created from order %order_id%',0,24,24,'2022-01-03 05:14:58','2022-01-03 05:14:58'),(63,'update_status','Changed status of shipping to : Approved . Updated by: %user_name%',0,24,24,'2022-01-04 01:14:58','2022-01-04 21:14:58'),(64,'create_from_order','Shipping was created from order %order_id%',0,25,25,'2022-01-04 03:14:58','2022-01-04 03:14:58'),(65,'update_status','Changed status of shipping to : Approved . Updated by: %user_name%',0,25,25,'2022-01-04 03:14:58','2022-01-04 21:14:58'),(66,'create_from_order','Shipping was created from order %order_id%',0,26,26,'2022-01-01 03:14:58','2022-01-01 03:14:58'),(67,'update_status','Changed status of shipping to : Approved . Updated by: %user_name%',0,26,26,'2022-01-04 03:14:58','2022-01-04 21:14:58'),(68,'update_cod_status','Updated COD status to Completed . Updated by: %user_name%',0,26,26,'2022-01-04 21:14:58','2022-01-04 21:14:58'),(69,'update_status','Changed status of shipping to : Delivered . Updated by: %user_name%',0,26,26,'2022-01-04 21:14:58','2022-01-04 21:14:58'),(70,'create_from_order','Shipping was created from order %order_id%',0,27,27,'2021-12-29 21:14:58','2021-12-29 21:14:58'),(71,'update_status','Changed status of shipping to : Approved . Updated by: %user_name%',0,27,27,'2022-01-04 03:14:58','2022-01-04 21:14:58'),(72,'update_status','Changed status of shipping to : Delivered . Updated by: %user_name%',0,27,27,'2022-01-04 21:14:58','2022-01-04 21:14:58'),(73,'create_from_order','Shipping was created from order %order_id%',0,28,28,'2022-01-02 21:14:58','2022-01-02 21:14:58'),(74,'update_status','Changed status of shipping to : Approved . Updated by: %user_name%',0,28,28,'2022-01-04 05:14:58','2022-01-04 21:14:58'),(75,'update_status','Changed status of shipping to : Delivered . Updated by: %user_name%',0,28,28,'2022-01-04 21:14:58','2022-01-04 21:14:58'),(76,'create_from_order','Shipping was created from order %order_id%',0,29,29,'2021-12-30 13:14:58','2021-12-30 13:14:58'),(77,'update_status','Changed status of shipping to : Approved . Updated by: %user_name%',0,29,29,'2022-01-04 05:14:58','2022-01-04 21:14:58'),(78,'update_status','Changed status of shipping to : Delivered . Updated by: %user_name%',0,29,29,'2022-01-04 21:14:58','2022-01-04 21:14:58'),(79,'create_from_order','Shipping was created from order %order_id%',0,30,30,'2022-01-02 05:14:58','2022-01-02 05:14:58'),(80,'update_status','Changed status of shipping to : Approved . Updated by: %user_name%',0,30,30,'2022-01-04 05:14:58','2022-01-04 21:14:58'),(81,'update_cod_status','Updated COD status to Completed . Updated by: %user_name%',0,30,30,'2022-01-04 21:14:58','2022-01-04 21:14:58'),(82,'update_status','Changed status of shipping to : Delivered . Updated by: %user_name%',0,30,30,'2022-01-04 21:14:58','2022-01-04 21:14:58'),(83,'create_from_order','Shipping was created from order %order_id%',0,31,31,'2022-01-04 07:14:58','2022-01-04 07:14:58'),(84,'update_status','Changed status of shipping to : Approved . Updated by: %user_name%',0,31,31,'2022-01-04 07:14:58','2022-01-04 21:14:58'),(85,'create_from_order','Shipping was created from order %order_id%',0,32,32,'2022-01-01 23:14:58','2022-01-01 23:14:58'),(86,'update_status','Changed status of shipping to : Approved . Updated by: %user_name%',0,32,32,'2022-01-04 07:14:58','2022-01-04 21:14:58'),(87,'create_from_order','Shipping was created from order %order_id%',0,33,33,'2022-01-01 09:14:58','2022-01-01 09:14:58'),(88,'update_status','Changed status of shipping to : Approved . Updated by: %user_name%',0,33,33,'2022-01-04 07:14:58','2022-01-04 21:14:58'),(89,'create_from_order','Shipping was created from order %order_id%',0,34,34,'2022-01-03 21:14:58','2022-01-03 21:14:58'),(90,'update_status','Changed status of shipping to : Approved . Updated by: %user_name%',0,34,34,'2022-01-04 09:14:58','2022-01-04 21:14:58'),(91,'update_status','Changed status of shipping to : Delivered . Updated by: %user_name%',0,34,34,'2022-01-04 21:14:58','2022-01-04 21:14:58'),(92,'create_from_order','Shipping was created from order %order_id%',0,35,35,'2022-01-01 09:14:58','2022-01-01 09:14:58'),(93,'update_status','Changed status of shipping to : Approved . Updated by: %user_name%',0,35,35,'2022-01-04 09:14:58','2022-01-04 21:14:58'),(94,'update_status','Changed status of shipping to : Delivered . Updated by: %user_name%',0,35,35,'2022-01-04 21:14:58','2022-01-04 21:14:58'),(95,'create_from_order','Shipping was created from order %order_id%',0,36,36,'2022-01-01 13:14:58','2022-01-01 13:14:58'),(96,'update_status','Changed status of shipping to : Approved . Updated by: %user_name%',0,36,36,'2022-01-04 11:14:58','2022-01-04 21:14:58'),(97,'create_from_order','Shipping was created from order %order_id%',0,37,37,'2022-01-03 05:14:58','2022-01-03 05:14:58'),(98,'update_status','Changed status of shipping to : Approved . Updated by: %user_name%',0,37,37,'2022-01-04 11:14:58','2022-01-04 21:14:58'),(99,'update_status','Changed status of shipping to : Delivered . Updated by: %user_name%',0,37,37,'2022-01-04 21:14:58','2022-01-04 21:14:58'),(100,'create_from_order','Shipping was created from order %order_id%',0,38,38,'2022-01-02 19:14:58','2022-01-02 19:14:58'),(101,'update_status','Changed status of shipping to : Approved . Updated by: %user_name%',0,38,38,'2022-01-04 11:14:58','2022-01-04 21:14:58'),(102,'update_status','Changed status of shipping to : Delivered . Updated by: %user_name%',0,38,38,'2022-01-04 21:14:58','2022-01-04 21:14:58'),(103,'create_from_order','Shipping was created from order %order_id%',0,39,39,'2022-01-01 13:14:58','2022-01-01 13:14:58'),(104,'update_status','Changed status of shipping to : Approved . Updated by: %user_name%',0,39,39,'2022-01-04 13:14:58','2022-01-04 21:14:58'),(105,'create_from_order','Shipping was created from order %order_id%',0,40,40,'2022-01-03 21:14:58','2022-01-03 21:14:58'),(106,'update_status','Changed status of shipping to : Approved . Updated by: %user_name%',0,40,40,'2022-01-04 13:14:58','2022-01-04 21:14:58'),(107,'create_from_order','Shipping was created from order %order_id%',0,41,41,'2022-01-04 05:14:58','2022-01-04 05:14:58'),(108,'update_status','Changed status of shipping to : Approved . Updated by: %user_name%',0,41,41,'2022-01-04 13:14:58','2022-01-04 21:14:58'),(109,'create_from_order','Shipping was created from order %order_id%',0,42,42,'2022-01-02 21:14:58','2022-01-02 21:14:58'),(110,'update_status','Changed status of shipping to : Approved . Updated by: %user_name%',0,42,42,'2022-01-04 15:14:58','2022-01-04 21:14:58'),(111,'update_status','Changed status of shipping to : Delivered . Updated by: %user_name%',0,42,42,'2022-01-04 21:14:58','2022-01-04 21:14:58'),(112,'create_from_order','Shipping was created from order %order_id%',0,43,43,'2022-01-03 03:14:58','2022-01-03 03:14:58'),(113,'update_status','Changed status of shipping to : Approved . Updated by: %user_name%',0,43,43,'2022-01-04 15:14:58','2022-01-04 21:14:58'),(114,'update_status','Changed status of shipping to : Delivered . Updated by: %user_name%',0,43,43,'2022-01-04 21:14:58','2022-01-04 21:14:58'),(115,'create_from_order','Shipping was created from order %order_id%',0,44,44,'2022-01-03 09:14:58','2022-01-03 09:14:58'),(116,'update_status','Changed status of shipping to : Approved . Updated by: %user_name%',0,44,44,'2022-01-04 15:14:58','2022-01-04 21:14:58'),(117,'update_status','Changed status of shipping to : Delivered . Updated by: %user_name%',0,44,44,'2022-01-04 21:14:58','2022-01-04 21:14:58'),(118,'create_from_order','Shipping was created from order %order_id%',0,45,45,'2022-01-04 05:14:58','2022-01-04 05:14:58'),(119,'update_status','Changed status of shipping to : Approved . Updated by: %user_name%',0,45,45,'2022-01-04 17:14:58','2022-01-04 21:14:58'),(120,'create_from_order','Shipping was created from order %order_id%',0,46,46,'2022-01-03 09:14:58','2022-01-03 09:14:58'),(121,'update_status','Changed status of shipping to : Approved . Updated by: %user_name%',0,46,46,'2022-01-04 17:14:58','2022-01-04 21:14:58'),(122,'update_status','Changed status of shipping to : Delivered . Updated by: %user_name%',0,46,46,'2022-01-04 21:14:58','2022-01-04 21:14:58'),(123,'create_from_order','Shipping was created from order %order_id%',0,47,47,'2022-01-04 01:14:58','2022-01-04 01:14:58'),(124,'update_status','Changed status of shipping to : Approved . Updated by: %user_name%',0,47,47,'2022-01-04 17:14:58','2022-01-04 21:14:58'),(125,'create_from_order','Shipping was created from order %order_id%',0,48,48,'2022-01-04 15:14:58','2022-01-04 15:14:58'),(126,'update_status','Changed status of shipping to : Approved . Updated by: %user_name%',0,48,48,'2022-01-04 19:14:58','2022-01-04 21:14:58'),(127,'update_status','Changed status of shipping to : Delivered . Updated by: %user_name%',0,48,48,'2022-01-04 21:14:58','2022-01-04 21:14:58'),(128,'create_from_order','Shipping was created from order %order_id%',0,49,49,'2022-01-04 11:14:58','2022-01-04 11:14:58'),(129,'update_status','Changed status of shipping to : Approved . Updated by: %user_name%',0,49,49,'2022-01-04 19:14:58','2022-01-04 21:14:58'),(130,'update_status','Changed status of shipping to : Delivered . Updated by: %user_name%',0,49,49,'2022-01-04 21:14:58','2022-01-04 21:14:58');
/*!40000 ALTER TABLE `ec_shipment_histories` ENABLE KEYS */;
UNLOCK TABLES;

--
-- Table structure for table `ec_shipments`
--

DROP TABLE IF EXISTS `ec_shipments`;
/*!40101 SET @saved_cs_client     = @@character_set_client */;
/*!40101 SET character_set_client = utf8 */;
CREATE TABLE `ec_shipments` (
  `id` bigint(20) unsigned NOT NULL AUTO_INCREMENT,
  `order_id` int(10) unsigned NOT NULL,
  `user_id` int(10) unsigned DEFAULT NULL,
  `weight` double(8,2) DEFAULT 0.00,
  `shipment_id` varchar(120) COLLATE utf8mb4_unicode_ci DEFAULT NULL,
  `note` varchar(120) COLLATE utf8mb4_unicode_ci DEFAULT NULL,
  `status` varchar(120) COLLATE utf8mb4_unicode_ci NOT NULL DEFAULT 'pending',
  `cod_amount` decimal(15,2) DEFAULT 0.00,
  `cod_status` varchar(60) COLLATE utf8mb4_unicode_ci NOT NULL DEFAULT 'pending',
  `cross_checking_status` varchar(60) COLLATE utf8mb4_unicode_ci NOT NULL DEFAULT 'pending',
  `price` decimal(15,2) DEFAULT 0.00,
  `store_id` int(10) unsigned DEFAULT NULL,
  `created_at` timestamp NULL DEFAULT NULL,
  `updated_at` timestamp NULL DEFAULT NULL,
  `tracking_id` varchar(191) COLLATE utf8mb4_unicode_ci DEFAULT NULL,
  `shipping_company_name` varchar(191) COLLATE utf8mb4_unicode_ci DEFAULT NULL,
  `tracking_link` varchar(191) COLLATE utf8mb4_unicode_ci DEFAULT NULL,
  `estimate_date_shipped` datetime DEFAULT NULL,
  `date_shipped` datetime DEFAULT NULL,
  PRIMARY KEY (`id`)
) ENGINE=InnoDB AUTO_INCREMENT=50 DEFAULT CHARSET=utf8mb4 COLLATE=utf8mb4_unicode_ci;
/*!40101 SET character_set_client = @saved_cs_client */;

--
-- Dumping data for table `ec_shipments`
--

LOCK TABLES `ec_shipments` WRITE;
/*!40000 ALTER TABLE `ec_shipments` DISABLE KEYS */;
INSERT INTO `ec_shipments` VALUES (1,1,NULL,2289.00,NULL,'','delivered',0.00,'completed','pending',0.00,0,'2022-01-04 21:14:58','2022-01-04 21:14:58','JJD0022189161','AliExpress','https://mydhl.express.dhl/us/en/tracking.html#/track-by-reference','2022-01-12 04:14:58','2022-01-05 04:14:58'),(2,2,NULL,553.00,NULL,'','delivered',0.00,'completed','pending',0.00,0,'2022-01-04 21:14:58','2022-01-04 21:14:58','JJD0086292436','FastShipping','https://mydhl.express.dhl/us/en/tracking.html#/track-by-reference','2022-01-07 04:14:58','2022-01-05 04:14:58'),(3,3,NULL,708.00,NULL,'','approved',0.00,'completed','pending',0.00,0,'2022-01-04 21:14:58','2022-01-04 21:14:58','JJD0021045515','DHL','https://mydhl.express.dhl/us/en/tracking.html#/track-by-reference','2022-01-10 04:14:58',NULL),(4,4,NULL,1176.00,NULL,'','delivered',256.20,'completed','pending',0.00,0,'2022-01-04 21:14:58','2022-01-04 21:14:58','JJD0023914355','AliExpress','https://mydhl.express.dhl/us/en/tracking.html#/track-by-reference','2022-01-10 04:14:58','2022-01-05 04:14:58'),(5,5,NULL,1572.00,NULL,'','delivered',0.00,'completed','pending',0.00,0,'2022-01-04 21:14:58','2022-01-04 21:14:58','JJD0063931797','DHL','https://mydhl.express.dhl/us/en/tracking.html#/track-by-reference','2022-01-12 04:14:58','2022-01-05 04:14:58'),(6,6,NULL,2082.00,NULL,'','approved',0.00,'completed','pending',0.00,0,'2022-01-04 21:14:58','2022-01-04 21:14:58','JJD0081429890','AliExpress','https://mydhl.express.dhl/us/en/tracking.html#/track-by-reference','2022-01-12 04:14:58',NULL),(7,7,NULL,612.00,NULL,'','approved',0.00,'completed','pending',0.00,0,'2022-01-04 21:14:58','2022-01-04 21:14:58','JJD0088665946','DHL','https://mydhl.express.dhl/us/en/tracking.html#/track-by-reference','2022-01-11 04:14:58',NULL),(8,8,NULL,1659.00,NULL,'','delivered',0.00,'completed','pending',0.00,0,'2022-01-04 21:14:58','2022-01-04 21:14:58','JJD0080362633','AliExpress','https://mydhl.express.dhl/us/en/tracking.html#/track-by-reference','2022-01-12 04:14:58','2022-01-05 04:14:58'),(9,9,NULL,3480.00,NULL,'','approved',0.00,'completed','pending',0.00,0,'2022-01-04 21:14:58','2022-01-04 21:14:58','JJD0066794297','GHN','https://mydhl.express.dhl/us/en/tracking.html#/track-by-reference','2022-01-14 04:14:58',NULL),(10,10,NULL,1356.00,NULL,'','delivered',0.00,'completed','pending',0.00,0,'2022-01-04 21:14:58','2022-01-04 21:14:58','JJD0086763045','AliExpress','https://mydhl.express.dhl/us/en/tracking.html#/track-by-reference','2022-01-09 04:14:58','2022-01-05 04:14:58'),(11,11,NULL,1176.00,NULL,'','approved',0.00,'completed','pending',0.00,0,'2022-01-04 21:14:58','2022-01-04 21:14:58','JJD0058041631','DHL','https://mydhl.express.dhl/us/en/tracking.html#/track-by-reference','2022-01-11 04:14:58',NULL),(12,12,NULL,3666.00,NULL,'','delivered',0.00,'completed','pending',0.00,0,'2022-01-04 21:14:58','2022-01-04 21:14:58','JJD0082736658','GHN','https://mydhl.express.dhl/us/en/tracking.html#/track-by-reference','2022-01-06 04:14:58','2022-01-05 04:14:58'),(13,13,NULL,1772.00,NULL,'','approved',0.00,'completed','pending',0.00,0,'2022-01-04 21:14:58','2022-01-04 21:14:58','JJD0097168747','FastShipping','https://mydhl.express.dhl/us/en/tracking.html#/track-by-reference','2022-01-11 04:14:58',NULL),(14,14,NULL,3381.00,NULL,'','delivered',0.00,'completed','pending',0.00,0,'2022-01-04 21:14:58','2022-01-04 21:14:58','JJD007110188','GHN','https://mydhl.express.dhl/us/en/tracking.html#/track-by-reference','2022-01-06 04:14:58','2022-01-05 04:14:58'),(15,15,NULL,1764.00,NULL,'','delivered',378.20,'completed','pending',0.00,0,'2022-01-04 21:14:58','2022-01-04 21:14:58','JJD0048858089','DHL','https://mydhl.express.dhl/us/en/tracking.html#/track-by-reference','2022-01-08 04:14:58','2022-01-05 04:14:58'),(16,16,NULL,573.00,NULL,'','delivered',0.00,'completed','pending',0.00,0,'2022-01-04 21:14:58','2022-01-04 21:14:58','JJD0058556995','FastShipping','https://mydhl.express.dhl/us/en/tracking.html#/track-by-reference','2022-01-09 04:14:58','2022-01-05 04:14:58'),(17,17,NULL,2548.00,NULL,'','approved',0.00,'completed','pending',0.00,0,'2022-01-04 21:14:58','2022-01-04 21:14:58','JJD0053007003','DHL','https://mydhl.express.dhl/us/en/tracking.html#/track-by-reference','2022-01-12 04:14:58',NULL),(18,18,NULL,2033.00,NULL,'','approved',0.00,'completed','pending',0.00,0,'2022-01-04 21:14:58','2022-01-04 21:14:58','JJD0028260326','DHL','https://mydhl.express.dhl/us/en/tracking.html#/track-by-reference','2022-01-11 04:14:58',NULL),(19,19,NULL,792.00,NULL,'','delivered',0.00,'completed','pending',0.00,0,'2022-01-04 21:14:58','2022-01-04 21:14:58','JJD0093034619','AliExpress','https://mydhl.express.dhl/us/en/tracking.html#/track-by-reference','2022-01-10 04:14:58','2022-01-05 04:14:58'),(20,20,NULL,2583.00,NULL,'','approved',734.70,'pending','pending',0.00,0,'2022-01-04 21:14:58','2022-01-04 21:14:58','JJD0048641761','FastShipping','https://mydhl.express.dhl/us/en/tracking.html#/track-by-reference','2022-01-11 04:14:58',NULL),(21,21,NULL,876.00,NULL,'','delivered',0.00,'completed','pending',0.00,0,'2022-01-04 21:14:58','2022-01-04 21:14:58','JJD0019398071','DHL','https://mydhl.express.dhl/us/en/tracking.html#/track-by-reference','2022-01-09 04:14:58','2022-01-05 04:14:58'),(22,22,NULL,2109.00,NULL,'','delivered',0.00,'completed','pending',0.00,0,'2022-01-04 21:14:58','2022-01-04 21:14:58','JJD0018314732','AliExpress','https://mydhl.express.dhl/us/en/tracking.html#/track-by-reference','2022-01-07 04:14:58','2022-01-05 04:14:58'),(23,23,NULL,1114.00,NULL,'','approved',0.00,'completed','pending',0.00,0,'2022-01-04 21:14:58','2022-01-04 21:14:58','JJD0049309576','AliExpress','https://mydhl.express.dhl/us/en/tracking.html#/track-by-reference','2022-01-10 04:14:58',NULL),(24,24,NULL,1719.00,NULL,'','approved',0.00,'completed','pending',0.00,0,'2022-01-04 21:14:58','2022-01-04 21:14:58','JJD0071167776','FastShipping','https://mydhl.express.dhl/us/en/tracking.html#/track-by-reference','2022-01-13 04:14:58',NULL),(25,25,NULL,524.00,NULL,'','approved',0.00,'completed','pending',0.00,0,'2022-01-04 21:14:58','2022-01-04 21:14:58','JJD0093236284','AliExpress','https://mydhl.express.dhl/us/en/tracking.html#/track-by-reference','2022-01-11 04:14:58',NULL),(26,26,NULL,783.00,NULL,'','delivered',143.00,'completed','pending',0.00,0,'2022-01-04 21:14:58','2022-01-04 21:14:58','JJD0045091975','DHL','https://mydhl.express.dhl/us/en/tracking.html#/track-by-reference','2022-01-10 04:14:58','2022-01-05 04:14:58'),(27,27,NULL,1659.00,NULL,'','delivered',0.00,'completed','pending',0.00,0,'2022-01-04 21:14:58','2022-01-04 21:14:58','JJD0087376838','DHL','https://mydhl.express.dhl/us/en/tracking.html#/track-by-reference','2022-01-09 04:14:58','2022-01-05 04:14:58'),(28,28,NULL,3023.00,NULL,'','delivered',0.00,'completed','pending',0.00,0,'2022-01-04 21:14:58','2022-01-04 21:14:58','JJD0063468304','AliExpress','https://mydhl.express.dhl/us/en/tracking.html#/track-by-reference','2022-01-07 04:14:58','2022-01-05 04:14:58'),(29,29,NULL,1146.00,NULL,'','delivered',0.00,'completed','pending',0.00,0,'2022-01-04 21:14:58','2022-01-04 21:14:58','JJD0063450640','DHL','https://mydhl.express.dhl/us/en/tracking.html#/track-by-reference','2022-01-08 04:14:58','2022-01-05 04:14:58'),(30,30,NULL,1274.00,NULL,'','delivered',233.10,'completed','pending',0.00,0,'2022-01-04 21:14:58','2022-01-04 21:14:58','JJD0099926080','AliExpress','https://mydhl.express.dhl/us/en/tracking.html#/track-by-reference','2022-01-08 04:14:58','2022-01-05 04:14:58'),(31,31,NULL,2583.00,NULL,'','approved',0.00,'completed','pending',0.00,0,'2022-01-04 21:14:58','2022-01-04 21:14:58','JJD0058709556','AliExpress','https://mydhl.express.dhl/us/en/tracking.html#/track-by-reference','2022-01-11 04:14:58',NULL),(32,32,NULL,3363.00,NULL,'','approved',325.90,'pending','pending',0.00,0,'2022-01-04 21:14:58','2022-01-04 21:14:58','JJD0027892682','DHL','https://mydhl.express.dhl/us/en/tracking.html#/track-by-reference','2022-01-14 04:14:58',NULL),(33,33,NULL,1334.00,NULL,'','approved',0.00,'completed','pending',0.00,0,'2022-01-04 21:14:58','2022-01-04 21:14:58','JJD0052947298','DHL','https://mydhl.express.dhl/us/en/tracking.html#/track-by-reference','2022-01-07 04:14:58',NULL),(34,34,NULL,1331.00,NULL,'','delivered',0.00,'completed','pending',0.00,0,'2022-01-04 21:14:58','2022-01-04 21:14:58','JJD0098934021','GHN','https://mydhl.express.dhl/us/en/tracking.html#/track-by-reference','2022-01-08 04:14:58','2022-01-05 04:14:58'),(35,35,NULL,1252.00,NULL,'','delivered',0.00,'completed','pending',0.00,0,'2022-01-04 21:14:58','2022-01-04 21:14:58','JJD0042212826','AliExpress','https://mydhl.express.dhl/us/en/tracking.html#/track-by-reference','2022-01-09 04:14:58','2022-01-05 04:14:58'),(36,36,NULL,2583.00,NULL,'','approved',734.70,'pending','pending',0.00,0,'2022-01-04 21:14:58','2022-01-04 21:14:58','JJD0088054783','FastShipping','https://mydhl.express.dhl/us/en/tracking.html#/track-by-reference','2022-01-07 04:14:58',NULL),(37,37,NULL,1048.00,NULL,'','delivered',0.00,'completed','pending',0.00,0,'2022-01-04 21:14:58','2022-01-04 21:14:58','JJD0047239602','FastShipping','https://mydhl.express.dhl/us/en/tracking.html#/track-by-reference','2022-01-15 04:14:58','2022-01-05 04:14:58'),(38,38,NULL,3225.00,NULL,'','delivered',0.00,'completed','pending',0.00,0,'2022-01-04 21:14:58','2022-01-04 21:14:58','JJD0038832314','DHL','https://mydhl.express.dhl/us/en/tracking.html#/track-by-reference','2022-01-14 04:14:58','2022-01-05 04:14:58'),(39,39,NULL,792.00,NULL,'','approved',137.50,'pending','pending',0.00,0,'2022-01-04 21:14:58','2022-01-04 21:14:58','JJD0059377487','DHL','https://mydhl.express.dhl/us/en/tracking.html#/track-by-reference','2022-01-12 04:14:58',NULL),(40,40,NULL,586.00,NULL,'','approved',0.00,'completed','pending',0.00,0,'2022-01-04 21:14:58','2022-01-04 21:14:58','JJD0055384933','AliExpress','https://mydhl.express.dhl/us/en/tracking.html#/track-by-reference','2022-01-10 04:14:58',NULL),(41,41,NULL,1176.00,NULL,'','approved',0.00,'completed','pending',0.00,0,'2022-01-04 21:14:58','2022-01-04 21:14:58','JJD0060826924','DHL','https://mydhl.express.dhl/us/en/tracking.html#/track-by-reference','2022-01-13 04:14:58',NULL),(42,42,NULL,3286.00,NULL,'','delivered',0.00,'completed','pending',0.00,0,'2022-01-04 21:14:58','2022-01-04 21:14:58','JJD0090090991','GHN','https://mydhl.express.dhl/us/en/tracking.html#/track-by-reference','2022-01-10 04:14:58','2022-01-05 04:14:58'),(43,43,NULL,1764.00,NULL,'','delivered',0.00,'completed','pending',0.00,0,'2022-01-04 21:14:58','2022-01-04 21:14:58','JJD0065492371','GHN','https://mydhl.express.dhl/us/en/tracking.html#/track-by-reference','2022-01-08 04:14:58','2022-01-05 04:14:58'),(44,44,NULL,1388.00,NULL,'','delivered',0.00,'completed','pending',0.00,0,'2022-01-04 21:14:58','2022-01-04 21:14:58','JJD0020957531','GHN','https://mydhl.express.dhl/us/en/tracking.html#/track-by-reference','2022-01-08 04:14:58','2022-01-05 04:14:58'),(45,45,NULL,1584.00,NULL,'','approved',0.00,'completed','pending',0.00,0,'2022-01-04 21:14:58','2022-01-04 21:14:58','JJD0093734915','GHN','https://mydhl.express.dhl/us/en/tracking.html#/track-by-reference','2022-01-07 04:14:58',NULL),(46,46,NULL,573.00,NULL,'','delivered',0.00,'completed','pending',0.00,0,'2022-01-04 21:14:58','2022-01-04 21:14:58','JJD0038622705','DHL','https://mydhl.express.dhl/us/en/tracking.html#/track-by-reference','2022-01-15 04:14:58','2022-01-05 04:14:58'),(47,47,NULL,1659.00,NULL,'','approved',0.00,'completed','pending',0.00,0,'2022-01-04 21:14:58','2022-01-04 21:14:58','JJD0010534217','GHN','https://mydhl.express.dhl/us/en/tracking.html#/track-by-reference','2022-01-07 04:14:58',NULL),(48,48,NULL,3639.00,NULL,'','delivered',0.00,'completed','pending',0.00,0,'2022-01-04 21:14:58','2022-01-04 21:14:58','JJD0023715558','FastShipping','https://mydhl.express.dhl/us/en/tracking.html#/track-by-reference','2022-01-08 04:14:58','2022-01-05 04:14:58'),(49,49,NULL,1224.00,NULL,'','delivered',0.00,'completed','pending',0.00,0,'2022-01-04 21:14:58','2022-01-04 21:14:58','JJD0088025925','GHN','https://mydhl.express.dhl/us/en/tracking.html#/track-by-reference','2022-01-13 04:14:58','2022-01-05 04:14:58');
/*!40000 ALTER TABLE `ec_shipments` ENABLE KEYS */;
UNLOCK TABLES;

--
-- Table structure for table `ec_shipping`
--

DROP TABLE IF EXISTS `ec_shipping`;
/*!40101 SET @saved_cs_client     = @@character_set_client */;
/*!40101 SET character_set_client = utf8 */;
CREATE TABLE `ec_shipping` (
  `id` bigint(20) unsigned NOT NULL AUTO_INCREMENT,
  `title` varchar(191) COLLATE utf8mb4_unicode_ci DEFAULT NULL,
  `country` varchar(120) COLLATE utf8mb4_unicode_ci DEFAULT NULL,
  `created_at` timestamp NULL DEFAULT NULL,
  `updated_at` timestamp NULL DEFAULT NULL,
  PRIMARY KEY (`id`)
) ENGINE=InnoDB AUTO_INCREMENT=2 DEFAULT CHARSET=utf8mb4 COLLATE=utf8mb4_unicode_ci;
/*!40101 SET character_set_client = @saved_cs_client */;

--
-- Dumping data for table `ec_shipping`
--

LOCK TABLES `ec_shipping` WRITE;
/*!40000 ALTER TABLE `ec_shipping` DISABLE KEYS */;
INSERT INTO `ec_shipping` VALUES (1,'All',NULL,'2022-01-04 21:14:21','2022-01-04 21:14:21');
/*!40000 ALTER TABLE `ec_shipping` ENABLE KEYS */;
UNLOCK TABLES;

--
-- Table structure for table `ec_shipping_rule_items`
--

DROP TABLE IF EXISTS `ec_shipping_rule_items`;
/*!40101 SET @saved_cs_client     = @@character_set_client */;
/*!40101 SET character_set_client = utf8 */;
CREATE TABLE `ec_shipping_rule_items` (
  `id` bigint(20) unsigned NOT NULL AUTO_INCREMENT,
  `shipping_rule_id` int(10) unsigned NOT NULL,
  `country` varchar(120) COLLATE utf8mb4_unicode_ci DEFAULT NULL,
  `state` varchar(120) COLLATE utf8mb4_unicode_ci DEFAULT NULL,
  `city` varchar(120) COLLATE utf8mb4_unicode_ci DEFAULT NULL,
  `adjustment_price` decimal(15,2) DEFAULT 0.00,
  `is_enabled` tinyint(1) NOT NULL DEFAULT 1,
  `created_at` timestamp NULL DEFAULT NULL,
  `updated_at` timestamp NULL DEFAULT NULL,
  PRIMARY KEY (`id`)
) ENGINE=InnoDB DEFAULT CHARSET=utf8mb4 COLLATE=utf8mb4_unicode_ci;
/*!40101 SET character_set_client = @saved_cs_client */;

--
-- Dumping data for table `ec_shipping_rule_items`
--

LOCK TABLES `ec_shipping_rule_items` WRITE;
/*!40000 ALTER TABLE `ec_shipping_rule_items` DISABLE KEYS */;
/*!40000 ALTER TABLE `ec_shipping_rule_items` ENABLE KEYS */;
UNLOCK TABLES;

--
-- Table structure for table `ec_shipping_rules`
--

DROP TABLE IF EXISTS `ec_shipping_rules`;
/*!40101 SET @saved_cs_client     = @@character_set_client */;
/*!40101 SET character_set_client = utf8 */;
CREATE TABLE `ec_shipping_rules` (
  `id` bigint(20) unsigned NOT NULL AUTO_INCREMENT,
  `name` varchar(120) COLLATE utf8mb4_unicode_ci NOT NULL,
  `shipping_id` int(10) unsigned NOT NULL,
  `type` enum('base_on_price','base_on_weight') COLLATE utf8mb4_unicode_ci DEFAULT 'base_on_price',
  `from` decimal(15,2) DEFAULT 0.00,
  `to` decimal(15,2) DEFAULT 0.00,
  `price` decimal(15,2) DEFAULT 0.00,
  `created_at` timestamp NULL DEFAULT NULL,
  `updated_at` timestamp NULL DEFAULT NULL,
  PRIMARY KEY (`id`)
) ENGINE=InnoDB AUTO_INCREMENT=4 DEFAULT CHARSET=utf8mb4 COLLATE=utf8mb4_unicode_ci;
/*!40101 SET character_set_client = @saved_cs_client */;

--
-- Dumping data for table `ec_shipping_rules`
--

LOCK TABLES `ec_shipping_rules` WRITE;
/*!40000 ALTER TABLE `ec_shipping_rules` DISABLE KEYS */;
INSERT INTO `ec_shipping_rules` VALUES (1,'Free shipping',1,'base_on_price',0.00,NULL,0.00,'2022-01-04 21:14:21','2022-01-04 21:14:21'),(2,'Local Pickup',1,'base_on_price',0.00,NULL,20.00,'2022-01-04 21:14:21','2022-01-04 21:14:21'),(3,'Flat Rate',1,'base_on_price',0.00,NULL,25.00,'2022-01-04 21:14:21','2022-01-04 21:14:21');
/*!40000 ALTER TABLE `ec_shipping_rules` ENABLE KEYS */;
UNLOCK TABLES;

--
-- Table structure for table `ec_store_locators`
--

DROP TABLE IF EXISTS `ec_store_locators`;
/*!40101 SET @saved_cs_client     = @@character_set_client */;
/*!40101 SET character_set_client = utf8 */;
CREATE TABLE `ec_store_locators` (
  `id` bigint(20) unsigned NOT NULL AUTO_INCREMENT,
  `name` varchar(60) COLLATE utf8mb4_unicode_ci NOT NULL,
  `email` varchar(60) COLLATE utf8mb4_unicode_ci DEFAULT NULL,
  `phone` varchar(20) COLLATE utf8mb4_unicode_ci NOT NULL,
  `address` varchar(255) COLLATE utf8mb4_unicode_ci NOT NULL,
  `country` varchar(120) COLLATE utf8mb4_unicode_ci DEFAULT NULL,
  `state` varchar(120) COLLATE utf8mb4_unicode_ci DEFAULT NULL,
  `city` varchar(120) COLLATE utf8mb4_unicode_ci DEFAULT NULL,
  `is_primary` tinyint(1) DEFAULT 0,
  `is_shipping_location` tinyint(1) DEFAULT 1,
  `created_at` timestamp NULL DEFAULT NULL,
  `updated_at` timestamp NULL DEFAULT NULL,
  PRIMARY KEY (`id`)
) ENGINE=InnoDB AUTO_INCREMENT=2 DEFAULT CHARSET=utf8mb4 COLLATE=utf8mb4_unicode_ci;
/*!40101 SET character_set_client = @saved_cs_client */;

--
-- Dumping data for table `ec_store_locators`
--

LOCK TABLES `ec_store_locators` WRITE;
/*!40000 ALTER TABLE `ec_store_locators` DISABLE KEYS */;
INSERT INTO `ec_store_locators` VALUES (1,'Nest','sales@botble.com','18006268','North Link Building, 10 Admiralty Street','SG','Singapore','Singapore',1,1,'2022-01-04 21:14:21','2022-01-04 21:14:21');
/*!40000 ALTER TABLE `ec_store_locators` ENABLE KEYS */;
UNLOCK TABLES;

--
-- Table structure for table `ec_taxes`
--

DROP TABLE IF EXISTS `ec_taxes`;
/*!40101 SET @saved_cs_client     = @@character_set_client */;
/*!40101 SET character_set_client = utf8 */;
CREATE TABLE `ec_taxes` (
  `id` bigint(20) unsigned NOT NULL AUTO_INCREMENT,
  `title` varchar(191) COLLATE utf8mb4_unicode_ci DEFAULT NULL,
  `percentage` double(8,6) DEFAULT NULL,
  `priority` int(11) DEFAULT NULL,
  `status` varchar(60) COLLATE utf8mb4_unicode_ci NOT NULL DEFAULT 'published',
  `created_at` timestamp NULL DEFAULT NULL,
  `updated_at` timestamp NULL DEFAULT NULL,
  PRIMARY KEY (`id`)
) ENGINE=InnoDB AUTO_INCREMENT=3 DEFAULT CHARSET=utf8mb4 COLLATE=utf8mb4_unicode_ci;
/*!40101 SET character_set_client = @saved_cs_client */;

--
-- Dumping data for table `ec_taxes`
--

LOCK TABLES `ec_taxes` WRITE;
/*!40000 ALTER TABLE `ec_taxes` DISABLE KEYS */;
INSERT INTO `ec_taxes` VALUES (1,'VAT',10.000000,1,'published','2022-01-04 21:14:18','2022-01-04 21:14:18'),(2,'None',0.000000,2,'published','2022-01-04 21:14:18','2022-01-04 21:14:18');
/*!40000 ALTER TABLE `ec_taxes` ENABLE KEYS */;
UNLOCK TABLES;

--
-- Table structure for table `ec_wish_lists`
--

DROP TABLE IF EXISTS `ec_wish_lists`;
/*!40101 SET @saved_cs_client     = @@character_set_client */;
/*!40101 SET character_set_client = utf8 */;
CREATE TABLE `ec_wish_lists` (
  `id` bigint(20) unsigned NOT NULL AUTO_INCREMENT,
  `customer_id` int(10) unsigned NOT NULL,
  `product_id` int(10) unsigned NOT NULL,
  `created_at` timestamp NULL DEFAULT NULL,
  `updated_at` timestamp NULL DEFAULT NULL,
  PRIMARY KEY (`id`)
) ENGINE=InnoDB DEFAULT CHARSET=utf8mb4 COLLATE=utf8mb4_unicode_ci;
/*!40101 SET character_set_client = @saved_cs_client */;

--
-- Dumping data for table `ec_wish_lists`
--

LOCK TABLES `ec_wish_lists` WRITE;
/*!40000 ALTER TABLE `ec_wish_lists` DISABLE KEYS */;
/*!40000 ALTER TABLE `ec_wish_lists` ENABLE KEYS */;
UNLOCK TABLES;

--
-- Table structure for table `failed_jobs`
--

DROP TABLE IF EXISTS `failed_jobs`;
/*!40101 SET @saved_cs_client     = @@character_set_client */;
/*!40101 SET character_set_client = utf8 */;
CREATE TABLE `failed_jobs` (
  `id` bigint(20) unsigned NOT NULL AUTO_INCREMENT,
  `uuid` varchar(191) COLLATE utf8mb4_unicode_ci NOT NULL,
  `connection` text COLLATE utf8mb4_unicode_ci NOT NULL,
  `queue` text COLLATE utf8mb4_unicode_ci NOT NULL,
  `payload` longtext COLLATE utf8mb4_unicode_ci NOT NULL,
  `exception` longtext COLLATE utf8mb4_unicode_ci NOT NULL,
  `failed_at` timestamp NOT NULL DEFAULT current_timestamp(),
  PRIMARY KEY (`id`),
  UNIQUE KEY `failed_jobs_uuid_unique` (`uuid`)
) ENGINE=InnoDB DEFAULT CHARSET=utf8mb4 COLLATE=utf8mb4_unicode_ci;
/*!40101 SET character_set_client = @saved_cs_client */;

--
-- Dumping data for table `failed_jobs`
--

LOCK TABLES `failed_jobs` WRITE;
/*!40000 ALTER TABLE `failed_jobs` DISABLE KEYS */;
/*!40000 ALTER TABLE `failed_jobs` ENABLE KEYS */;
UNLOCK TABLES;

--
-- Table structure for table `faq_categories`
--

DROP TABLE IF EXISTS `faq_categories`;
/*!40101 SET @saved_cs_client     = @@character_set_client */;
/*!40101 SET character_set_client = utf8 */;
CREATE TABLE `faq_categories` (
  `id` bigint(20) unsigned NOT NULL AUTO_INCREMENT,
  `name` varchar(120) COLLATE utf8mb4_unicode_ci NOT NULL,
  `order` tinyint(4) NOT NULL DEFAULT 0,
  `status` varchar(60) COLLATE utf8mb4_unicode_ci NOT NULL DEFAULT 'published',
  `created_at` timestamp NULL DEFAULT NULL,
  `updated_at` timestamp NULL DEFAULT NULL,
  PRIMARY KEY (`id`)
) ENGINE=InnoDB AUTO_INCREMENT=4 DEFAULT CHARSET=utf8mb4 COLLATE=utf8mb4_unicode_ci;
/*!40101 SET character_set_client = @saved_cs_client */;

--
-- Dumping data for table `faq_categories`
--

LOCK TABLES `faq_categories` WRITE;
/*!40000 ALTER TABLE `faq_categories` DISABLE KEYS */;
INSERT INTO `faq_categories` VALUES (1,'Shipping',0,'published','2022-01-04 21:14:48','2022-01-04 21:14:48'),(2,'Payment',1,'published','2022-01-04 21:14:48','2022-01-04 21:14:48'),(3,'Order & Returns',2,'published','2022-01-04 21:14:48','2022-01-04 21:14:48');
/*!40000 ALTER TABLE `faq_categories` ENABLE KEYS */;
UNLOCK TABLES;

--
-- Table structure for table `faq_categories_translations`
--

DROP TABLE IF EXISTS `faq_categories_translations`;
/*!40101 SET @saved_cs_client     = @@character_set_client */;
/*!40101 SET character_set_client = utf8 */;
CREATE TABLE `faq_categories_translations` (
  `lang_code` varchar(191) COLLATE utf8mb4_unicode_ci NOT NULL,
  `faq_categories_id` int(11) NOT NULL,
  `name` varchar(120) COLLATE utf8mb4_unicode_ci DEFAULT NULL,
  PRIMARY KEY (`lang_code`,`faq_categories_id`)
) ENGINE=InnoDB DEFAULT CHARSET=utf8mb4 COLLATE=utf8mb4_unicode_ci;
/*!40101 SET character_set_client = @saved_cs_client */;

--
-- Dumping data for table `faq_categories_translations`
--

LOCK TABLES `faq_categories_translations` WRITE;
/*!40000 ALTER TABLE `faq_categories_translations` DISABLE KEYS */;
INSERT INTO `faq_categories_translations` VALUES ('vi',1,'VẬN CHUYỂN'),('vi',2,'THANH TOÁN'),('vi',3,'ĐƠN HÀNG & HOÀN TRẢ');
/*!40000 ALTER TABLE `faq_categories_translations` ENABLE KEYS */;
UNLOCK TABLES;

--
-- Table structure for table `faqs`
--

DROP TABLE IF EXISTS `faqs`;
/*!40101 SET @saved_cs_client     = @@character_set_client */;
/*!40101 SET character_set_client = utf8 */;
CREATE TABLE `faqs` (
  `id` bigint(20) unsigned NOT NULL AUTO_INCREMENT,
  `question` text COLLATE utf8mb4_unicode_ci NOT NULL,
  `answer` text COLLATE utf8mb4_unicode_ci NOT NULL,
  `category_id` int(10) unsigned NOT NULL,
  `status` varchar(60) COLLATE utf8mb4_unicode_ci NOT NULL DEFAULT 'published',
  `created_at` timestamp NULL DEFAULT NULL,
  `updated_at` timestamp NULL DEFAULT NULL,
  PRIMARY KEY (`id`)
) ENGINE=InnoDB AUTO_INCREMENT=11 DEFAULT CHARSET=utf8mb4 COLLATE=utf8mb4_unicode_ci;
/*!40101 SET character_set_client = @saved_cs_client */;

--
-- Dumping data for table `faqs`
--

LOCK TABLES `faqs` WRITE;
/*!40000 ALTER TABLE `faqs` DISABLE KEYS */;
INSERT INTO `faqs` VALUES (1,'What Shipping Methods Are Available?','Ex Portland Pitchfork irure mustache. Eutra fap before they sold out literally. Aliquip ugh bicycle rights actually mlkshk, seitan squid craft beer tempor.',1,'published','2022-01-04 21:14:48','2022-01-04 21:14:48'),(2,'Do You Ship Internationally?','Hoodie tote bag mixtape tofu. Typewriter jean shorts wolf quinoa, messenger bag organic freegan cray.',1,'published','2022-01-04 21:14:48','2022-01-04 21:14:48'),(3,'How Long Will It Take To Get My Package?','Swag slow-carb quinoa VHS typewriter pork belly brunch, paleo single-origin coffee Wes Anderson. Flexitarian Pitchfork forage, literally paleo fap pour-over. Wes Anderson Pinterest YOLO fanny pack meggings, deep v XOXO chambray sustainable slow-carb raw denim church-key fap chillwave Etsy. +1 typewriter kitsch, American Apparel tofu Banksy Vice.',1,'published','2022-01-04 21:14:48','2022-01-04 21:14:48'),(4,'What Payment Methods Are Accepted?','Fashion axe DIY jean shorts, swag kale chips meh polaroid kogi butcher Wes Anderson chambray next level semiotics gentrify yr. Voluptate photo booth fugiat Vice. Austin sed Williamsburg, ea labore raw denim voluptate cred proident mixtape excepteur mustache. Twee chia photo booth readymade food truck, hoodie roof party swag keytar PBR DIY.',2,'published','2022-01-04 21:14:48','2022-01-04 21:14:48'),(5,'Is Buying On-Line Safe?','Art party authentic freegan semiotics jean shorts chia cred. Neutra Austin roof party Brooklyn, synth Thundercats swag 8-bit photo booth. Plaid letterpress leggings craft beer meh ethical Pinterest.',2,'published','2022-01-04 21:14:48','2022-01-04 21:14:48'),(6,'How do I place an Order?','Keytar cray slow-carb, Godard banh mi salvia pour-over. Slow-carb Odd Future seitan normcore. Master cleanse American Apparel gentrify flexitarian beard slow-carb next level. Raw denim polaroid paleo farm-to-table, put a bird on it lo-fi tattooed Wes Anderson Pinterest letterpress. Fingerstache McSweeney’s pour-over, letterpress Schlitz photo booth master cleanse bespoke hashtag chillwave gentrify.',3,'published','2022-01-04 21:14:48','2022-01-04 21:14:48'),(7,'How Can I Cancel Or Change My Order?','Plaid letterpress leggings craft beer meh ethical Pinterest. Art party authentic freegan semiotics jean shorts chia cred. Neutra Austin roof party Brooklyn, synth Thundercats swag 8-bit photo booth.',3,'published','2022-01-04 21:14:48','2022-01-04 21:14:48'),(8,'Do I need an account to place an order?','Thundercats swag 8-bit photo booth. Plaid letterpress leggings craft beer meh ethical Pinterest. Twee chia photo booth readymade food truck, hoodie roof party swag keytar PBR DIY. Cray ugh 3 wolf moon fap, fashion axe irony butcher cornhole typewriter chambray VHS banjo street art.',3,'published','2022-01-04 21:14:48','2022-01-04 21:14:48'),(9,'How Do I Track My Order?','Keytar cray slow-carb, Godard banh mi salvia pour-over. Slow-carb @Odd Future seitan normcore. Master cleanse American Apparel gentrify flexitarian beard slow-carb next level.',3,'published','2022-01-04 21:14:48','2022-01-04 21:14:48'),(10,'How Can I Return a Product?','Kale chips Truffaut Williamsburg, hashtag fixie Pinterest raw denim c hambray drinking vinegar Carles street art Bushwick gastropub. Wolf Tumblr paleo church-key. Plaid food truck Echo Park YOLO bitters hella, direct trade Thundercats leggings quinoa before they sold out. You probably haven’t heard of them wayfarers authentic umami drinking vinegar Pinterest Cosby sweater, fingerstache fap High Life.',3,'published','2022-01-04 21:14:48','2022-01-04 21:14:48');
/*!40000 ALTER TABLE `faqs` ENABLE KEYS */;
UNLOCK TABLES;

--
-- Table structure for table `faqs_translations`
--

DROP TABLE IF EXISTS `faqs_translations`;
/*!40101 SET @saved_cs_client     = @@character_set_client */;
/*!40101 SET character_set_client = utf8 */;
CREATE TABLE `faqs_translations` (
  `lang_code` varchar(191) COLLATE utf8mb4_unicode_ci NOT NULL,
  `faqs_id` int(11) NOT NULL,
  `question` text COLLATE utf8mb4_unicode_ci DEFAULT NULL,
  `answer` text COLLATE utf8mb4_unicode_ci DEFAULT NULL,
  PRIMARY KEY (`lang_code`,`faqs_id`)
) ENGINE=InnoDB DEFAULT CHARSET=utf8mb4 COLLATE=utf8mb4_unicode_ci;
/*!40101 SET character_set_client = @saved_cs_client */;

--
-- Dumping data for table `faqs_translations`
--

LOCK TABLES `faqs_translations` WRITE;
/*!40000 ALTER TABLE `faqs_translations` DISABLE KEYS */;
INSERT INTO `faqs_translations` VALUES ('vi',1,'Có những phương thức vận chuyển nào?','Ex Portland Pitchfork irure ria mép. Eutra fap trước khi họ bán hết theo đúng nghĩa đen. Aliquip ugh quyền xe đạp thực sự mlkshk, rượu bia thủ công mực seitan. '),('vi',2,'Bạn có giao hàng quốc tế không?','Áo hoodie túi tote Tofu mixtape. Quần đùi jean đánh chữ Wolf quinoa, túi messenger hữu cơ freegan cray. '),('vi',3,'Mất bao lâu để nhận được gói hàng của tôi?','Bữa nửa buổi ăn sáng bằng bụng heo quay từ máy đánh chữ VHS, cà phê có nguồn gốc đơn Paleo, Wes Anderson. Khoan Pitchfork linh hoạt, theo nghĩa đen là đổ qua fap theo nghĩa đen. Wes Anderson Pinterest YOLO fanny pack meggings, deep v XOXO chambray bền vững slow-carb raw denim Church-key fap chillwave Etsy. +1 bộ dụng cụ đánh máy, đậu phụ Banksy Vice của American Apparel. '),('vi',4,'Phương thức thanh toán nào được chấp nhận?','Fashion Axe DIY jean shorts, swag kale chips meh polaroid kogi butcher Wes Anderson chambray next level semiotics gentrify yr. Quầy ảnh Voluptate fugiat Vice. Austin sed Williamsburg, ea labore raw denim voluptate cred proident mixtape excepteur ria mép. Twee chia gian hàng chụp ảnh xe bán đồ ăn sẵn, bữa tiệc trên mái áo hoodie swag keytar PBR DIY. '),('vi',5,'Mua trực tuyến có an toàn không?','Bữa tiệc nghệ thuật đích thực freegan semiotics jean shorts chia credit. Tiệc trên mái nhà Neutra Austin Brooklyn, Thundercats swag synth gian hàng ảnh 8-bit. Xà cạp letterpress kẻ sọc thủ công bia meh đạo đức Pinterest. '),('vi',6,'Làm cách nào để đặt hàng?','Keytar cray slow-carb, Godard banh mi salvia pour-over. Slow-carb Odd Định mức seitan trong tương lai. Master làm sạch American Apparel nhẹ nhàng làm sạch râu linh hoạt chậm carb cấp độ tiếp theo. Vải thô denim polaroid nhạt từ trang trại đến bàn, đặt một con chim trên đó hình xăm lo-fi Wes Anderson Pinterest letterpress. Bậc thầy gian hàng ảnh Schlitz của Fingerstache McSweeney đang làm sạch thẻ bắt đầu bằng hashtag theo yêu cầu riêng, chillwave gentrify. '),('vi',7,'Làm cách nào để tôi có thể hủy hoặc thay đổi đơn hàng của mình?','Xà cạp letterpress kẻ sọc thủ công bia meh đạo đức Pinterest. Bữa tiệc nghệ thuật đích thực freegan semiotics jean shorts chia tín. Tiệc trên mái nhà Neutra Austin ở Brooklyn, synth Thundercats có gian hàng ảnh 8-bit. '),('vi',8,'Tôi có cần tài khoản để đặt hàng không?','Thundercats làm lung lay gian hàng ảnh 8-bit. Xà cạp letterpress kẻ sọc thủ công bia meh đạo đức Pinterest. Twee chia ảnh gian hàng xe bán thức ăn làm sẵn, bữa tiệc trên mái áo hoodie swag keytar PBR DIY. Cray ugh 3 wolf moon fap, rìu thời trang mỉa mai người bán thịt máy đánh chữ chambray VHS banjo nghệ thuật đường phố. '),('vi',9,'Làm cách nào để theo dõi đơn hàng của tôi?','Keytar cray slow-carb, Godard banh mi salvia pour-over. Slow-carb @Odd Định mức seitan trong tương lai. Bậc thầy làm sạch American Apparel nhẹ nhàng làm sạch râu linh hoạt theo kiểu chậm carb cấp độ tiếp theo. '),('vi',10,'Làm cách nào để trả lại sản phẩm?','Kale chips Truffaut Williamsburg, fixie hashtag Pinterest raw denim c hambray uống giấm Carles street art Bushwick gastropub. Chìa khóa nhà thờ Wolf Tumblr. Xe tải thực phẩm kẻ sọc Echo Park YOLO cắn hella, giao dịch trực tiếp Thundercats legging quinoa trước khi bán hết. Có thể bạn chưa từng nghe nói về họ những người truyền bá vị umami đích thực uống giấm Pinterest Áo len Cosby, fingerstache fap High Life. ');
/*!40000 ALTER TABLE `faqs_translations` ENABLE KEYS */;
UNLOCK TABLES;

--
-- Table structure for table `jobs`
--

DROP TABLE IF EXISTS `jobs`;
/*!40101 SET @saved_cs_client     = @@character_set_client */;
/*!40101 SET character_set_client = utf8 */;
CREATE TABLE `jobs` (
  `id` bigint(20) unsigned NOT NULL AUTO_INCREMENT,
  `queue` varchar(191) COLLATE utf8mb4_unicode_ci NOT NULL,
  `payload` longtext COLLATE utf8mb4_unicode_ci NOT NULL,
  `attempts` tinyint(3) unsigned NOT NULL,
  `reserved_at` int(10) unsigned DEFAULT NULL,
  `available_at` int(10) unsigned NOT NULL,
  `created_at` int(10) unsigned NOT NULL,
  PRIMARY KEY (`id`),
  KEY `jobs_queue_index` (`queue`)
) ENGINE=InnoDB DEFAULT CHARSET=utf8mb4 COLLATE=utf8mb4_unicode_ci;
/*!40101 SET character_set_client = @saved_cs_client */;

--
-- Dumping data for table `jobs`
--

LOCK TABLES `jobs` WRITE;
/*!40000 ALTER TABLE `jobs` DISABLE KEYS */;
/*!40000 ALTER TABLE `jobs` ENABLE KEYS */;
UNLOCK TABLES;

--
-- Table structure for table `language_meta`
--

DROP TABLE IF EXISTS `language_meta`;
/*!40101 SET @saved_cs_client     = @@character_set_client */;
/*!40101 SET character_set_client = utf8 */;
CREATE TABLE `language_meta` (
  `lang_meta_id` int(10) unsigned NOT NULL AUTO_INCREMENT,
  `lang_meta_code` text COLLATE utf8mb4_unicode_ci DEFAULT NULL,
  `lang_meta_origin` varchar(255) COLLATE utf8mb4_unicode_ci NOT NULL,
  `reference_id` int(10) unsigned NOT NULL,
  `reference_type` varchar(120) COLLATE utf8mb4_unicode_ci NOT NULL,
  PRIMARY KEY (`lang_meta_id`),
  KEY `language_meta_reference_id_index` (`reference_id`)
) ENGINE=InnoDB AUTO_INCREMENT=29 DEFAULT CHARSET=utf8mb4 COLLATE=utf8mb4_unicode_ci;
/*!40101 SET character_set_client = @saved_cs_client */;

--
-- Dumping data for table `language_meta`
--

LOCK TABLES `language_meta` WRITE;
/*!40000 ALTER TABLE `language_meta` DISABLE KEYS */;
INSERT INTO `language_meta` VALUES (1,'en_US','f7137218b9e4978755452ac6ca1ff4a9',1,'Botble\\SimpleSlider\\Models\\SimpleSlider'),(2,'en_US','2e10c2f0999a8b0dec24e5757a49aa07',2,'Botble\\SimpleSlider\\Models\\SimpleSlider'),(3,'en_US','25eda978ad28dbeb04994fdf1cf6a062',3,'Botble\\SimpleSlider\\Models\\SimpleSlider'),(4,'en_US','e7f04df105e56cd36c63b6ad90f3386d',4,'Botble\\SimpleSlider\\Models\\SimpleSlider'),(5,'en_US','987b9f2e65d581f784ac624a074bc7f3',5,'Botble\\SimpleSlider\\Models\\SimpleSlider'),(6,'en_US','b01ea0206ae27b7e33dd084a745f6577',6,'Botble\\SimpleSlider\\Models\\SimpleSlider'),(7,'en_US','5089599f83e111f277bf5e32a726eedc',7,'Botble\\SimpleSlider\\Models\\SimpleSlider'),(8,'vi','f7137218b9e4978755452ac6ca1ff4a9',8,'Botble\\SimpleSlider\\Models\\SimpleSlider'),(9,'vi','2e10c2f0999a8b0dec24e5757a49aa07',9,'Botble\\SimpleSlider\\Models\\SimpleSlider'),(10,'vi','25eda978ad28dbeb04994fdf1cf6a062',10,'Botble\\SimpleSlider\\Models\\SimpleSlider'),(11,'vi','e7f04df105e56cd36c63b6ad90f3386d',11,'Botble\\SimpleSlider\\Models\\SimpleSlider'),(12,'vi','987b9f2e65d581f784ac624a074bc7f3',12,'Botble\\SimpleSlider\\Models\\SimpleSlider'),(13,'vi','b01ea0206ae27b7e33dd084a745f6577',13,'Botble\\SimpleSlider\\Models\\SimpleSlider'),(14,'vi','5089599f83e111f277bf5e32a726eedc',14,'Botble\\SimpleSlider\\Models\\SimpleSlider'),(15,'en_US','39112b8831f4d0f56bc5d42bde6d0128',1,'Botble\\Menu\\Models\\MenuLocation'),(16,'en_US','9c41947142df34e46c91ad03d5c3ea02',1,'Botble\\Menu\\Models\\Menu'),(17,'en_US','5beeccadd18042bfb264ace66bcbe681',2,'Botble\\Menu\\Models\\MenuLocation'),(18,'en_US','ed755aa79c514c1fed7d5074acc496ca',2,'Botble\\Menu\\Models\\Menu'),(19,'en_US','cde984e582491841f15b3b3eb08c234e',3,'Botble\\Menu\\Models\\Menu'),(20,'en_US','30eeadc85bdf2f6871236b789038ab51',4,'Botble\\Menu\\Models\\Menu'),(21,'en_US','c35c5a89ecf3503e80f239d94ece9e22',5,'Botble\\Menu\\Models\\Menu'),(22,'vi','0edff703ee1b56827cc75496f2da11a0',3,'Botble\\Menu\\Models\\MenuLocation'),(23,'vi','9c41947142df34e46c91ad03d5c3ea02',6,'Botble\\Menu\\Models\\Menu'),(24,'vi','294887664637d668c4d7fc145458d690',4,'Botble\\Menu\\Models\\MenuLocation'),(25,'vi','ed755aa79c514c1fed7d5074acc496ca',7,'Botble\\Menu\\Models\\Menu'),(26,'vi','cde984e582491841f15b3b3eb08c234e',8,'Botble\\Menu\\Models\\Menu'),(27,'vi','30eeadc85bdf2f6871236b789038ab51',9,'Botble\\Menu\\Models\\Menu'),(28,'vi','c35c5a89ecf3503e80f239d94ece9e22',10,'Botble\\Menu\\Models\\Menu');
/*!40000 ALTER TABLE `language_meta` ENABLE KEYS */;
UNLOCK TABLES;

--
-- Table structure for table `languages`
--

DROP TABLE IF EXISTS `languages`;
/*!40101 SET @saved_cs_client     = @@character_set_client */;
/*!40101 SET character_set_client = utf8 */;
CREATE TABLE `languages` (
  `lang_id` int(10) unsigned NOT NULL AUTO_INCREMENT,
  `lang_name` varchar(120) COLLATE utf8mb4_unicode_ci NOT NULL,
  `lang_locale` varchar(20) COLLATE utf8mb4_unicode_ci NOT NULL,
  `lang_code` varchar(20) COLLATE utf8mb4_unicode_ci NOT NULL,
  `lang_flag` varchar(20) COLLATE utf8mb4_unicode_ci DEFAULT NULL,
  `lang_is_default` tinyint(3) unsigned NOT NULL DEFAULT 0,
  `lang_order` int(11) NOT NULL DEFAULT 0,
  `lang_is_rtl` tinyint(3) unsigned NOT NULL DEFAULT 0,
  PRIMARY KEY (`lang_id`)
) ENGINE=InnoDB AUTO_INCREMENT=3 DEFAULT CHARSET=utf8mb4 COLLATE=utf8mb4_unicode_ci;
/*!40101 SET character_set_client = @saved_cs_client */;

--
-- Dumping data for table `languages`
--

LOCK TABLES `languages` WRITE;
/*!40000 ALTER TABLE `languages` DISABLE KEYS */;
INSERT INTO `languages` VALUES (1,'English','en','en_US','us',1,0,0),(2,'Tiếng Việt','vi','vi','vn',0,0,0);
/*!40000 ALTER TABLE `languages` ENABLE KEYS */;
UNLOCK TABLES;

--
-- Table structure for table `media_files`
--

DROP TABLE IF EXISTS `media_files`;
/*!40101 SET @saved_cs_client     = @@character_set_client */;
/*!40101 SET character_set_client = utf8 */;
CREATE TABLE `media_files` (
  `id` bigint(20) unsigned NOT NULL AUTO_INCREMENT,
  `user_id` int(10) unsigned NOT NULL,
  `name` varchar(255) COLLATE utf8mb4_unicode_ci NOT NULL,
  `folder_id` int(10) unsigned NOT NULL DEFAULT 0,
  `mime_type` varchar(120) COLLATE utf8mb4_unicode_ci NOT NULL,
  `size` int(11) NOT NULL,
  `url` varchar(255) COLLATE utf8mb4_unicode_ci NOT NULL,
  `options` text COLLATE utf8mb4_unicode_ci DEFAULT NULL,
  `created_at` timestamp NULL DEFAULT NULL,
  `updated_at` timestamp NULL DEFAULT NULL,
  `deleted_at` timestamp NULL DEFAULT NULL,
  PRIMARY KEY (`id`),
  KEY `media_files_user_id_index` (`user_id`)
) ENGINE=InnoDB AUTO_INCREMENT=180 DEFAULT CHARSET=utf8mb4 COLLATE=utf8mb4_unicode_ci;
/*!40101 SET character_set_client = @saved_cs_client */;

--
-- Dumping data for table `media_files`
--

LOCK TABLES `media_files` WRITE;
/*!40000 ALTER TABLE `media_files` DISABLE KEYS */;
INSERT INTO `media_files` VALUES (1,0,'icon-1',1,'image/png',4323,'product-categories/icon-1.png','[]','2022-01-04 21:13:55','2022-01-04 21:13:55',NULL),(2,0,'icon-10',1,'image/png',4357,'product-categories/icon-10.png','[]','2022-01-04 21:13:56','2022-01-04 21:13:56',NULL),(3,0,'icon-11',1,'image/png',2024,'product-categories/icon-11.png','[]','2022-01-04 21:13:56','2022-01-04 21:13:56',NULL),(4,0,'icon-12',1,'image/png',3531,'product-categories/icon-12.png','[]','2022-01-04 21:13:56','2022-01-04 21:13:56',NULL),(5,0,'icon-13',1,'image/png',2344,'product-categories/icon-13.png','[]','2022-01-04 21:13:56','2022-01-04 21:13:56',NULL),(6,0,'icon-14',1,'image/png',2314,'product-categories/icon-14.png','[]','2022-01-04 21:13:56','2022-01-04 21:13:56',NULL),(7,0,'icon-2',1,'image/png',3204,'product-categories/icon-2.png','[]','2022-01-04 21:13:56','2022-01-04 21:13:56',NULL),(8,0,'icon-3',1,'image/png',4184,'product-categories/icon-3.png','[]','2022-01-04 21:13:57','2022-01-04 21:13:57',NULL),(9,0,'icon-4',1,'image/png',4648,'product-categories/icon-4.png','[]','2022-01-04 21:13:57','2022-01-04 21:13:57',NULL),(10,0,'icon-5',1,'image/png',4594,'product-categories/icon-5.png','[]','2022-01-04 21:13:57','2022-01-04 21:13:57',NULL),(11,0,'icon-6',1,'image/png',3518,'product-categories/icon-6.png','[]','2022-01-04 21:13:57','2022-01-04 21:13:57',NULL),(12,0,'icon-7',1,'image/png',3829,'product-categories/icon-7.png','[]','2022-01-04 21:13:57','2022-01-04 21:13:57',NULL),(13,0,'icon-8',1,'image/png',4815,'product-categories/icon-8.png','[]','2022-01-04 21:13:57','2022-01-04 21:13:57',NULL),(14,0,'icon-9',1,'image/png',3126,'product-categories/icon-9.png','[]','2022-01-04 21:13:58','2022-01-04 21:13:58',NULL),(15,0,'image-1',1,'image/png',25796,'product-categories/image-1.png','[]','2022-01-04 21:13:58','2022-01-04 21:13:58',NULL),(16,0,'image-10',1,'image/png',13714,'product-categories/image-10.png','[]','2022-01-04 21:13:58','2022-01-04 21:13:58',NULL),(17,0,'image-11',1,'image/png',18723,'product-categories/image-11.png','[]','2022-01-04 21:13:58','2022-01-04 21:13:58',NULL),(18,0,'image-12',1,'image/png',19482,'product-categories/image-12.png','[]','2022-01-04 21:13:58','2022-01-04 21:13:58',NULL),(19,0,'image-13',1,'image/png',19312,'product-categories/image-13.png','[]','2022-01-04 21:13:59','2022-01-04 21:13:59',NULL),(20,0,'image-14',1,'image/png',19593,'product-categories/image-14.png','[]','2022-01-04 21:13:59','2022-01-04 21:13:59',NULL),(21,0,'image-15',1,'image/png',17706,'product-categories/image-15.png','[]','2022-01-04 21:13:59','2022-01-04 21:13:59',NULL),(22,0,'image-2',1,'image/png',19956,'product-categories/image-2.png','[]','2022-01-04 21:13:59','2022-01-04 21:13:59',NULL),(23,0,'image-3',1,'image/png',20032,'product-categories/image-3.png','[]','2022-01-04 21:13:59','2022-01-04 21:13:59',NULL),(24,0,'image-4',1,'image/png',18475,'product-categories/image-4.png','[]','2022-01-04 21:13:59','2022-01-04 21:13:59',NULL),(25,0,'image-5',1,'image/png',16666,'product-categories/image-5.png','[]','2022-01-04 21:14:00','2022-01-04 21:14:00',NULL),(26,0,'image-6',1,'image/png',15381,'product-categories/image-6.png','[]','2022-01-04 21:14:00','2022-01-04 21:14:00',NULL),(27,0,'image-7',1,'image/png',13804,'product-categories/image-7.png','[]','2022-01-04 21:14:00','2022-01-04 21:14:00',NULL),(28,0,'image-8',1,'image/png',17392,'product-categories/image-8.png','[]','2022-01-04 21:14:00','2022-01-04 21:14:00',NULL),(29,0,'image-9',1,'image/png',17729,'product-categories/image-9.png','[]','2022-01-04 21:14:00','2022-01-04 21:14:00',NULL),(30,0,'1-1',2,'image/jpeg',77048,'products/1-1.jpg','[]','2022-01-04 21:14:01','2022-01-04 21:14:01',NULL),(31,0,'1',2,'image/jpeg',80718,'products/1.jpg','[]','2022-01-04 21:14:01','2022-01-04 21:14:01',NULL),(32,0,'10-1',2,'image/jpeg',105100,'products/10-1.jpg','[]','2022-01-04 21:14:02','2022-01-04 21:14:02',NULL),(33,0,'10',2,'image/jpeg',117642,'products/10.jpg','[]','2022-01-04 21:14:02','2022-01-04 21:14:02',NULL),(34,0,'11-1',2,'image/jpeg',45724,'products/11-1.jpg','[]','2022-01-04 21:14:02','2022-01-04 21:14:02',NULL),(35,0,'11',2,'image/jpeg',46272,'products/11.jpg','[]','2022-01-04 21:14:03','2022-01-04 21:14:03',NULL),(36,0,'12-1',2,'image/jpeg',72251,'products/12-1.jpg','[]','2022-01-04 21:14:03','2022-01-04 21:14:03',NULL),(37,0,'12',2,'image/jpeg',71309,'products/12.jpg','[]','2022-01-04 21:14:03','2022-01-04 21:14:03',NULL),(38,0,'13-1',2,'image/jpeg',32608,'products/13-1.jpg','[]','2022-01-04 21:14:04','2022-01-04 21:14:04',NULL),(39,0,'13',2,'image/jpeg',33526,'products/13.jpg','[]','2022-01-04 21:14:04','2022-01-04 21:14:04',NULL),(40,0,'14-1',2,'image/jpeg',64893,'products/14-1.jpg','[]','2022-01-04 21:14:04','2022-01-04 21:14:04',NULL),(41,0,'14',2,'image/jpeg',53642,'products/14.jpg','[]','2022-01-04 21:14:05','2022-01-04 21:14:05',NULL),(42,0,'15-1',2,'image/jpeg',93293,'products/15-1.jpg','[]','2022-01-04 21:14:05','2022-01-04 21:14:05',NULL),(43,0,'15',2,'image/jpeg',70399,'products/15.jpg','[]','2022-01-04 21:14:05','2022-01-04 21:14:05',NULL),(44,0,'16-1',2,'image/jpeg',59168,'products/16-1.jpg','[]','2022-01-04 21:14:06','2022-01-04 21:14:06',NULL),(45,0,'16-2',2,'image/jpeg',74882,'products/16-2.jpg','[]','2022-01-04 21:14:06','2022-01-04 21:14:06',NULL),(46,0,'16-3',2,'image/jpeg',71574,'products/16-3.jpg','[]','2022-01-04 21:14:06','2022-01-04 21:14:06',NULL),(47,0,'16-4',2,'image/jpeg',87131,'products/16-4.jpg','[]','2022-01-04 21:14:07','2022-01-04 21:14:07',NULL),(48,0,'16-5',2,'image/jpeg',59849,'products/16-5.jpg','[]','2022-01-04 21:14:07','2022-01-04 21:14:07',NULL),(49,0,'16-6',2,'image/jpeg',91691,'products/16-6.jpg','[]','2022-01-04 21:14:07','2022-01-04 21:14:07',NULL),(50,0,'16',2,'image/jpeg',100953,'products/16.jpg','[]','2022-01-04 21:14:08','2022-01-04 21:14:08',NULL),(51,0,'17-1',2,'image/jpeg',17816,'products/17-1.jpg','[]','2022-01-04 21:14:08','2022-01-04 21:14:08',NULL),(52,0,'17',2,'image/jpeg',17551,'products/17.jpg','[]','2022-01-04 21:14:08','2022-01-04 21:14:08',NULL),(53,0,'18-1',2,'image/jpeg',13352,'products/18-1.jpg','[]','2022-01-04 21:14:08','2022-01-04 21:14:08',NULL),(54,0,'18',2,'image/jpeg',20319,'products/18.jpg','[]','2022-01-04 21:14:09','2022-01-04 21:14:09',NULL),(55,0,'19-1',2,'image/jpeg',22960,'products/19-1.jpg','[]','2022-01-04 21:14:09','2022-01-04 21:14:09',NULL),(56,0,'19',2,'image/jpeg',15156,'products/19.jpg','[]','2022-01-04 21:14:09','2022-01-04 21:14:09',NULL),(57,0,'2-1',2,'image/jpeg',56143,'products/2-1.jpg','[]','2022-01-04 21:14:09','2022-01-04 21:14:09',NULL),(58,0,'2',2,'image/jpeg',64331,'products/2.jpg','[]','2022-01-04 21:14:09','2022-01-04 21:14:09',NULL),(59,0,'20-1',2,'image/jpeg',27985,'products/20-1.jpg','[]','2022-01-04 21:14:10','2022-01-04 21:14:10',NULL),(60,0,'20',2,'image/jpeg',18065,'products/20.jpg','[]','2022-01-04 21:14:10','2022-01-04 21:14:10',NULL),(61,0,'21-1',2,'image/jpeg',28003,'products/21-1.jpg','[]','2022-01-04 21:14:10','2022-01-04 21:14:10',NULL),(62,0,'21',2,'image/jpeg',18198,'products/21.jpg','[]','2022-01-04 21:14:10','2022-01-04 21:14:10',NULL),(63,0,'22-1',2,'image/jpeg',28621,'products/22-1.jpg','[]','2022-01-04 21:14:10','2022-01-04 21:14:10',NULL),(64,0,'22',2,'image/jpeg',19002,'products/22.jpg','[]','2022-01-04 21:14:11','2022-01-04 21:14:11',NULL),(65,0,'23-1',2,'image/jpeg',35525,'products/23-1.jpg','[]','2022-01-04 21:14:11','2022-01-04 21:14:11',NULL),(66,0,'23',2,'image/jpeg',19227,'products/23.jpg','[]','2022-01-04 21:14:11','2022-01-04 21:14:11',NULL),(67,0,'24-1',2,'image/jpeg',20531,'products/24-1.jpg','[]','2022-01-04 21:14:11','2022-01-04 21:14:11',NULL),(68,0,'24',2,'image/jpeg',10609,'products/24.jpg','[]','2022-01-04 21:14:11','2022-01-04 21:14:11',NULL),(69,0,'3-1',2,'image/jpeg',79350,'products/3-1.jpg','[]','2022-01-04 21:14:11','2022-01-04 21:14:11',NULL),(70,0,'3',2,'image/jpeg',89626,'products/3.jpg','[]','2022-01-04 21:14:12','2022-01-04 21:14:12',NULL),(71,0,'4-1',2,'image/jpeg',58354,'products/4-1.jpg','[]','2022-01-04 21:14:12','2022-01-04 21:14:12',NULL),(72,0,'4',2,'image/jpeg',76935,'products/4.jpg','[]','2022-01-04 21:14:13','2022-01-04 21:14:13',NULL),(73,0,'5-1',2,'image/jpeg',91691,'products/5-1.jpg','[]','2022-01-04 21:14:13','2022-01-04 21:14:13',NULL),(74,0,'5',2,'image/jpeg',100953,'products/5.jpg','[]','2022-01-04 21:14:13','2022-01-04 21:14:13',NULL),(75,0,'6-1',2,'image/jpeg',74851,'products/6-1.jpg','[]','2022-01-04 21:14:14','2022-01-04 21:14:14',NULL),(76,0,'6',2,'image/jpeg',89464,'products/6.jpg','[]','2022-01-04 21:14:14','2022-01-04 21:14:14',NULL),(77,0,'7-1',2,'image/jpeg',66135,'products/7-1.jpg','[]','2022-01-04 21:14:14','2022-01-04 21:14:14',NULL),(78,0,'7',2,'image/jpeg',71573,'products/7.jpg','[]','2022-01-04 21:14:15','2022-01-04 21:14:15',NULL),(79,0,'8-1',2,'image/jpeg',41283,'products/8-1.jpg','[]','2022-01-04 21:14:15','2022-01-04 21:14:15',NULL),(80,0,'8',2,'image/jpeg',33964,'products/8.jpg','[]','2022-01-04 21:14:15','2022-01-04 21:14:15',NULL),(81,0,'9-1',2,'image/jpeg',78790,'products/9-1.jpg','[]','2022-01-04 21:14:16','2022-01-04 21:14:16',NULL),(82,0,'9',2,'image/jpeg',84813,'products/9.jpg','[]','2022-01-04 21:14:16','2022-01-04 21:14:16',NULL),(83,0,'1',3,'image/jpeg',274660,'customers/1.jpg','[]','2022-01-04 21:14:18','2022-01-04 21:14:18',NULL),(84,0,'2',3,'image/jpeg',295031,'customers/2.jpg','[]','2022-01-04 21:14:18','2022-01-04 21:14:18',NULL),(85,0,'3',3,'image/jpeg',183576,'customers/3.jpg','[]','2022-01-04 21:14:18','2022-01-04 21:14:18',NULL),(86,0,'4',3,'image/jpeg',245360,'customers/4.jpg','[]','2022-01-04 21:14:18','2022-01-04 21:14:18',NULL),(87,0,'5',3,'image/jpeg',262908,'customers/5.jpg','[]','2022-01-04 21:14:19','2022-01-04 21:14:19',NULL),(88,0,'6',3,'image/jpeg',109600,'customers/6.jpg','[]','2022-01-04 21:14:19','2022-01-04 21:14:19',NULL),(89,0,'7',3,'image/jpeg',159280,'customers/7.jpg','[]','2022-01-04 21:14:19','2022-01-04 21:14:19',NULL),(90,0,'8',3,'image/jpeg',99998,'customers/8.jpg','[]','2022-01-04 21:14:20','2022-01-04 21:14:20',NULL),(91,0,'1',4,'image/png',431894,'flash-sales/1.png','[]','2022-01-04 21:14:21','2022-01-04 21:14:21',NULL),(92,0,'2',4,'image/png',118543,'flash-sales/2.png','[]','2022-01-04 21:14:21','2022-01-04 21:14:21',NULL),(93,0,'3',4,'image/png',163085,'flash-sales/3.png','[]','2022-01-04 21:14:22','2022-01-04 21:14:22',NULL),(94,0,'4',4,'image/png',195017,'flash-sales/4.png','[]','2022-01-04 21:14:23','2022-01-04 21:14:23',NULL),(95,0,'5',4,'image/png',153833,'flash-sales/5.png','[]','2022-01-04 21:14:23','2022-01-04 21:14:23',NULL),(96,0,'1-1',5,'image/png',519229,'sliders/1-1.png','[]','2022-01-04 21:14:24','2022-01-04 21:14:24',NULL),(97,0,'1-2',5,'image/png',468469,'sliders/1-2.png','[]','2022-01-04 21:14:25','2022-01-04 21:14:25',NULL),(98,0,'1-3',5,'image/png',2697,'sliders/1-3.png','[]','2022-01-04 21:14:26','2022-01-04 21:14:26',NULL),(99,0,'2-1',5,'image/png',159240,'sliders/2-1.png','[]','2022-01-04 21:14:26','2022-01-04 21:14:26',NULL),(100,0,'2-2',5,'image/png',113574,'sliders/2-2.png','[]','2022-01-04 21:14:27','2022-01-04 21:14:27',NULL),(101,0,'2-3',5,'image/png',2697,'sliders/2-3.png','[]','2022-01-04 21:14:27','2022-01-04 21:14:27',NULL),(102,0,'3-1',5,'image/png',519229,'sliders/3-1.png','[]','2022-01-04 21:14:28','2022-01-04 21:14:28',NULL),(103,0,'3-2',5,'image/png',468469,'sliders/3-2.png','[]','2022-01-04 21:14:28','2022-01-04 21:14:28',NULL),(104,0,'4-1',5,'image/png',618556,'sliders/4-1.png','[]','2022-01-04 21:14:29','2022-01-04 21:14:29',NULL),(105,0,'4-2',5,'image/png',949745,'sliders/4-2.png','[]','2022-01-04 21:14:30','2022-01-04 21:14:30',NULL),(106,0,'4-3',5,'image/png',2697,'sliders/4-3.png','[]','2022-01-04 21:14:30','2022-01-04 21:14:30',NULL),(107,0,'5-1',5,'image/png',1273599,'sliders/5-1.png','[]','2022-01-04 21:14:31','2022-01-04 21:14:31',NULL),(108,0,'5-2',5,'image/png',695846,'sliders/5-2.png','[]','2022-01-04 21:14:31','2022-01-04 21:14:31',NULL),(109,0,'banner-1',5,'image/png',104000,'sliders/banner-1.png','[]','2022-01-04 21:14:32','2022-01-04 21:14:32',NULL),(110,0,'thumbnail-1',5,'image/jpeg',28966,'sliders/thumbnail-1.jpg','[]','2022-01-04 21:14:33','2022-01-04 21:14:33',NULL),(111,0,'thumbnail-2',5,'image/jpeg',13975,'sliders/thumbnail-2.jpg','[]','2022-01-04 21:14:33','2022-01-04 21:14:33',NULL),(112,0,'thumbnail-3',5,'image/jpeg',15751,'sliders/thumbnail-3.jpg','[]','2022-01-04 21:14:33','2022-01-04 21:14:33',NULL),(113,0,'thumbnail-4',5,'image/jpeg',16846,'sliders/thumbnail-4.jpg','[]','2022-01-04 21:14:33','2022-01-04 21:14:33',NULL),(114,0,'thumbnail-5',5,'image/jpeg',24938,'sliders/thumbnail-5.jpg','[]','2022-01-04 21:14:34','2022-01-04 21:14:34',NULL),(115,0,'thumbnail-6',5,'image/jpeg',63412,'sliders/thumbnail-6.jpg','[]','2022-01-04 21:14:34','2022-01-04 21:14:34',NULL),(116,0,'1',6,'image/png',533812,'news/1.png','[]','2022-01-04 21:14:34','2022-01-04 21:14:34',NULL),(117,0,'10',6,'image/png',439491,'news/10.png','[]','2022-01-04 21:14:35','2022-01-04 21:14:35',NULL),(118,0,'11',6,'image/png',593219,'news/11.png','[]','2022-01-04 21:14:36','2022-01-04 21:14:36',NULL),(119,0,'2',6,'image/png',633277,'news/2.png','[]','2022-01-04 21:14:36','2022-01-04 21:14:36',NULL),(120,0,'3',6,'image/png',372986,'news/3.png','[]','2022-01-04 21:14:37','2022-01-04 21:14:37',NULL),(121,0,'4',6,'image/png',438363,'news/4.png','[]','2022-01-04 21:14:38','2022-01-04 21:14:38',NULL),(122,0,'5',6,'image/png',483356,'news/5.png','[]','2022-01-04 21:14:39','2022-01-04 21:14:39',NULL),(123,0,'6',6,'image/png',502720,'news/6.png','[]','2022-01-04 21:14:39','2022-01-04 21:14:39',NULL),(124,0,'7',6,'image/png',465225,'news/7.png','[]','2022-01-04 21:14:40','2022-01-04 21:14:40',NULL),(125,0,'8',6,'image/png',489034,'news/8.png','[]','2022-01-04 21:14:41','2022-01-04 21:14:41',NULL),(126,0,'9',6,'image/png',328817,'news/9.png','[]','2022-01-04 21:14:41','2022-01-04 21:14:41',NULL),(127,0,'1',7,'image/png',50119,'promotion/1.png','[]','2022-01-04 21:14:43','2022-01-04 21:14:43',NULL),(128,0,'10',7,'image/png',108470,'promotion/10.png','[]','2022-01-04 21:14:43','2022-01-04 21:14:43',NULL),(129,0,'11',7,'image/png',106453,'promotion/11.png','[]','2022-01-04 21:14:44','2022-01-04 21:14:44',NULL),(130,0,'12',7,'image/png',104430,'promotion/12.png','[]','2022-01-04 21:14:44','2022-01-04 21:14:44',NULL),(131,0,'2',7,'image/png',38339,'promotion/2.png','[]','2022-01-04 21:14:44','2022-01-04 21:14:44',NULL),(132,0,'3',7,'image/png',65066,'promotion/3.png','[]','2022-01-04 21:14:45','2022-01-04 21:14:45',NULL),(133,0,'4',7,'image/png',62462,'promotion/4.png','[]','2022-01-04 21:14:45','2022-01-04 21:14:45',NULL),(134,0,'5',7,'image/png',190175,'promotion/5.png','[]','2022-01-04 21:14:45','2022-01-04 21:14:45',NULL),(135,0,'6',7,'image/png',190175,'promotion/6.png','[]','2022-01-04 21:14:46','2022-01-04 21:14:46',NULL),(136,0,'7',7,'image/png',272480,'promotion/7.png','[]','2022-01-04 21:14:46','2022-01-04 21:14:46',NULL),(137,0,'8',7,'image/png',73547,'promotion/8.png','[]','2022-01-04 21:14:47','2022-01-04 21:14:47',NULL),(138,0,'9',7,'image/png',126894,'promotion/9.png','[]','2022-01-04 21:14:47','2022-01-04 21:14:47',NULL),(139,0,'app-store',8,'image/jpeg',29714,'general/app-store.jpg','[]','2022-01-04 21:14:48','2022-01-04 21:14:48',NULL),(140,0,'category-1',8,'image/png',4323,'general/category-1.png','[]','2022-01-04 21:14:48','2022-01-04 21:14:48',NULL),(141,0,'facebook',8,'image/png',646,'general/facebook.png','[]','2022-01-04 21:14:48','2022-01-04 21:14:48',NULL),(142,0,'favicon',8,'image/png',3890,'general/favicon.png','[]','2022-01-04 21:14:49','2022-01-04 21:14:49',NULL),(143,0,'google-play',8,'image/jpeg',29477,'general/google-play.jpg','[]','2022-01-04 21:14:49','2022-01-04 21:14:49',NULL),(144,0,'header-bg',8,'image/png',16995,'general/header-bg.png','[]','2022-01-04 21:14:49','2022-01-04 21:14:49',NULL),(145,0,'home-6',8,'image/jpeg',799491,'general/home-6.jpeg','[]','2022-01-04 21:14:49','2022-01-04 21:14:49',NULL),(146,0,'icon-1',8,'image/png',2024,'general/icon-1.png','[]','2022-01-04 21:14:50','2022-01-04 21:14:50',NULL),(147,0,'icon-2',8,'image/png',3531,'general/icon-2.png','[]','2022-01-04 21:14:50','2022-01-04 21:14:50',NULL),(148,0,'icon-3',8,'image/png',2344,'general/icon-3.png','[]','2022-01-04 21:14:50','2022-01-04 21:14:50',NULL),(149,0,'icon-4',8,'image/png',2314,'general/icon-4.png','[]','2022-01-04 21:14:50','2022-01-04 21:14:50',NULL),(150,0,'icon-5',8,'image/png',2853,'general/icon-5.png','[]','2022-01-04 21:14:50','2022-01-04 21:14:50',NULL),(151,0,'instagram',8,'image/png',2586,'general/instagram.png','[]','2022-01-04 21:14:50','2022-01-04 21:14:50',NULL),(152,0,'loading',8,'image/gif',25062,'general/loading.gif','[]','2022-01-04 21:14:51','2022-01-04 21:14:51',NULL),(153,0,'login-1',8,'image/png',270812,'general/login-1.png','[]','2022-01-04 21:14:51','2022-01-04 21:14:51',NULL),(154,0,'logo',8,'image/png',7698,'general/logo.png','[]','2022-01-04 21:14:51','2022-01-04 21:14:51',NULL),(155,0,'newsletter-background-image',8,'image/png',28409,'general/newsletter-background-image.png','[]','2022-01-04 21:14:51','2022-01-04 21:14:51',NULL),(156,0,'newsletter-image',8,'image/png',116235,'general/newsletter-image.png','[]','2022-01-04 21:14:52','2022-01-04 21:14:52',NULL),(157,0,'open-graph-image',8,'image/png',436809,'general/open-graph-image.png','[]','2022-01-04 21:14:52','2022-01-04 21:14:52',NULL),(158,0,'payment-method',8,'image/png',12193,'general/payment-method.png','[]','2022-01-04 21:14:53','2022-01-04 21:14:53',NULL),(159,0,'payment-methods',8,'image/png',10634,'general/payment-methods.png','[]','2022-01-04 21:14:53','2022-01-04 21:14:53',NULL),(160,0,'pinterest',8,'image/png',2128,'general/pinterest.png','[]','2022-01-04 21:14:53','2022-01-04 21:14:53',NULL),(161,0,'twitter',8,'image/png',1759,'general/twitter.png','[]','2022-01-04 21:14:53','2022-01-04 21:14:53',NULL),(162,0,'youtube',8,'image/png',1083,'general/youtube.png','[]','2022-01-04 21:14:53','2022-01-04 21:14:53',NULL),(163,0,'1',9,'image/png',11920,'stores/1.png','[]','2022-01-04 21:14:54','2022-01-04 21:14:54',NULL),(164,0,'10',9,'image/png',6583,'stores/10.png','[]','2022-01-04 21:14:54','2022-01-04 21:14:54',NULL),(165,0,'11',9,'image/png',6934,'stores/11.png','[]','2022-01-04 21:14:54','2022-01-04 21:14:54',NULL),(166,0,'12',9,'image/png',7396,'stores/12.png','[]','2022-01-04 21:14:54','2022-01-04 21:14:54',NULL),(167,0,'13',9,'image/png',5881,'stores/13.png','[]','2022-01-04 21:14:54','2022-01-04 21:14:54',NULL),(168,0,'14',9,'image/png',7188,'stores/14.png','[]','2022-01-04 21:14:54','2022-01-04 21:14:54',NULL),(169,0,'15',9,'image/png',7142,'stores/15.png','[]','2022-01-04 21:14:55','2022-01-04 21:14:55',NULL),(170,0,'16',9,'image/png',4659,'stores/16.png','[]','2022-01-04 21:14:55','2022-01-04 21:14:55',NULL),(171,0,'17',9,'image/png',6781,'stores/17.png','[]','2022-01-04 21:14:55','2022-01-04 21:14:55',NULL),(172,0,'2',9,'image/png',12300,'stores/2.png','[]','2022-01-04 21:14:55','2022-01-04 21:14:55',NULL),(173,0,'3',9,'image/png',10778,'stores/3.png','[]','2022-01-04 21:14:55','2022-01-04 21:14:55',NULL),(174,0,'4',9,'image/png',10771,'stores/4.png','[]','2022-01-04 21:14:55','2022-01-04 21:14:55',NULL),(175,0,'5',9,'image/png',13041,'stores/5.png','[]','2022-01-04 21:14:56','2022-01-04 21:14:56',NULL),(176,0,'6',9,'image/png',14006,'stores/6.png','[]','2022-01-04 21:14:56','2022-01-04 21:14:56',NULL),(177,0,'7',9,'image/png',5978,'stores/7.png','[]','2022-01-04 21:14:56','2022-01-04 21:14:56',NULL),(178,0,'8',9,'image/png',6586,'stores/8.png','[]','2022-01-04 21:14:56','2022-01-04 21:14:56',NULL),(179,0,'9',9,'image/png',6173,'stores/9.png','[]','2022-01-04 21:14:56','2022-01-04 21:14:56',NULL);
/*!40000 ALTER TABLE `media_files` ENABLE KEYS */;
UNLOCK TABLES;

--
-- Table structure for table `media_folders`
--

DROP TABLE IF EXISTS `media_folders`;
/*!40101 SET @saved_cs_client     = @@character_set_client */;
/*!40101 SET character_set_client = utf8 */;
CREATE TABLE `media_folders` (
  `id` bigint(20) unsigned NOT NULL AUTO_INCREMENT,
  `user_id` int(10) unsigned NOT NULL,
  `name` varchar(191) COLLATE utf8mb4_unicode_ci DEFAULT NULL,
  `slug` varchar(191) COLLATE utf8mb4_unicode_ci DEFAULT NULL,
  `parent_id` int(11) NOT NULL DEFAULT 0,
  `created_at` timestamp NULL DEFAULT NULL,
  `updated_at` timestamp NULL DEFAULT NULL,
  `deleted_at` timestamp NULL DEFAULT NULL,
  PRIMARY KEY (`id`),
  KEY `media_folders_user_id_index` (`user_id`)
) ENGINE=InnoDB AUTO_INCREMENT=10 DEFAULT CHARSET=utf8mb4 COLLATE=utf8mb4_unicode_ci;
/*!40101 SET character_set_client = @saved_cs_client */;

--
-- Dumping data for table `media_folders`
--

LOCK TABLES `media_folders` WRITE;
/*!40000 ALTER TABLE `media_folders` DISABLE KEYS */;
INSERT INTO `media_folders` VALUES (1,0,'product-categories','product-categories',0,'2022-01-04 21:13:55','2022-01-04 21:13:55',NULL),(2,0,'products','products',0,'2022-01-04 21:14:01','2022-01-04 21:14:01',NULL),(3,0,'customers','customers',0,'2022-01-04 21:14:18','2022-01-04 21:14:18',NULL),(4,0,'flash-sales','flash-sales',0,'2022-01-04 21:14:21','2022-01-04 21:14:21',NULL),(5,0,'sliders','sliders',0,'2022-01-04 21:14:24','2022-01-04 21:14:24',NULL),(6,0,'news','news',0,'2022-01-04 21:14:34','2022-01-04 21:14:34',NULL),(7,0,'promotion','promotion',0,'2022-01-04 21:14:43','2022-01-04 21:14:43',NULL),(8,0,'general','general',0,'2022-01-04 21:14:48','2022-01-04 21:14:48',NULL),(9,0,'stores','stores',0,'2022-01-04 21:14:54','2022-01-04 21:14:54',NULL);
/*!40000 ALTER TABLE `media_folders` ENABLE KEYS */;
UNLOCK TABLES;

--
-- Table structure for table `media_settings`
--

DROP TABLE IF EXISTS `media_settings`;
/*!40101 SET @saved_cs_client     = @@character_set_client */;
/*!40101 SET character_set_client = utf8 */;
CREATE TABLE `media_settings` (
  `id` bigint(20) unsigned NOT NULL AUTO_INCREMENT,
  `key` varchar(120) COLLATE utf8mb4_unicode_ci NOT NULL,
  `value` text COLLATE utf8mb4_unicode_ci DEFAULT NULL,
  `media_id` int(11) DEFAULT NULL,
  `user_id` int(11) DEFAULT NULL,
  `created_at` timestamp NULL DEFAULT NULL,
  `updated_at` timestamp NULL DEFAULT NULL,
  PRIMARY KEY (`id`)
) ENGINE=InnoDB DEFAULT CHARSET=utf8mb4 COLLATE=utf8mb4_unicode_ci;
/*!40101 SET character_set_client = @saved_cs_client */;

--
-- Dumping data for table `media_settings`
--

LOCK TABLES `media_settings` WRITE;
/*!40000 ALTER TABLE `media_settings` DISABLE KEYS */;
/*!40000 ALTER TABLE `media_settings` ENABLE KEYS */;
UNLOCK TABLES;

--
-- Table structure for table `menu_locations`
--

DROP TABLE IF EXISTS `menu_locations`;
/*!40101 SET @saved_cs_client     = @@character_set_client */;
/*!40101 SET character_set_client = utf8 */;
CREATE TABLE `menu_locations` (
  `id` bigint(20) unsigned NOT NULL AUTO_INCREMENT,
  `menu_id` int(10) unsigned NOT NULL,
  `location` varchar(120) COLLATE utf8mb4_unicode_ci NOT NULL,
  `created_at` timestamp NULL DEFAULT NULL,
  `updated_at` timestamp NULL DEFAULT NULL,
  PRIMARY KEY (`id`)
) ENGINE=InnoDB AUTO_INCREMENT=5 DEFAULT CHARSET=utf8mb4 COLLATE=utf8mb4_unicode_ci;
/*!40101 SET character_set_client = @saved_cs_client */;

--
-- Dumping data for table `menu_locations`
--

LOCK TABLES `menu_locations` WRITE;
/*!40000 ALTER TABLE `menu_locations` DISABLE KEYS */;
INSERT INTO `menu_locations` VALUES (1,1,'main-menu','2022-01-04 21:14:57','2022-01-04 21:14:57'),(2,2,'header-navigation','2022-01-04 21:14:57','2022-01-04 21:14:57'),(3,6,'main-menu','2022-01-04 21:14:57','2022-01-04 21:14:57'),(4,7,'header-navigation','2022-01-04 21:14:57','2022-01-04 21:14:57');
/*!40000 ALTER TABLE `menu_locations` ENABLE KEYS */;
UNLOCK TABLES;

--
-- Table structure for table `menu_nodes`
--

DROP TABLE IF EXISTS `menu_nodes`;
/*!40101 SET @saved_cs_client     = @@character_set_client */;
/*!40101 SET character_set_client = utf8 */;
CREATE TABLE `menu_nodes` (
  `id` bigint(20) unsigned NOT NULL AUTO_INCREMENT,
  `menu_id` int(10) unsigned NOT NULL,
  `parent_id` int(10) unsigned NOT NULL DEFAULT 0,
  `reference_id` int(10) unsigned DEFAULT NULL,
  `reference_type` varchar(255) COLLATE utf8mb4_unicode_ci DEFAULT NULL,
  `url` varchar(120) COLLATE utf8mb4_unicode_ci DEFAULT NULL,
  `icon_font` varchar(50) COLLATE utf8mb4_unicode_ci DEFAULT NULL,
  `position` tinyint(3) unsigned NOT NULL DEFAULT 0,
  `title` varchar(120) COLLATE utf8mb4_unicode_ci DEFAULT NULL,
  `css_class` varchar(120) COLLATE utf8mb4_unicode_ci DEFAULT NULL,
  `target` varchar(20) COLLATE utf8mb4_unicode_ci NOT NULL DEFAULT '_self',
  `has_child` tinyint(3) unsigned NOT NULL DEFAULT 0,
  `created_at` timestamp NULL DEFAULT NULL,
  `updated_at` timestamp NULL DEFAULT NULL,
  PRIMARY KEY (`id`),
  KEY `menu_nodes_menu_id_index` (`menu_id`),
  KEY `menu_nodes_parent_id_index` (`parent_id`)
) ENGINE=InnoDB AUTO_INCREMENT=101 DEFAULT CHARSET=utf8mb4 COLLATE=utf8mb4_unicode_ci;
/*!40101 SET character_set_client = @saved_cs_client */;

--
-- Dumping data for table `menu_nodes`
--

LOCK TABLES `menu_nodes` WRITE;
/*!40000 ALTER TABLE `menu_nodes` DISABLE KEYS */;
INSERT INTO `menu_nodes` VALUES (1,1,0,NULL,NULL,'/',NULL,0,'Home',NULL,'_self',1,'2022-01-04 21:14:57','2022-01-04 21:14:57'),(2,1,1,1,'Botble\\Page\\Models\\Page','',NULL,0,'Home 1',NULL,'_self',0,'2022-01-04 21:14:57','2022-01-04 21:14:57'),(3,1,1,2,'Botble\\Page\\Models\\Page','/homepage-2',NULL,0,'Home 2',NULL,'_self',0,'2022-01-04 21:14:57','2022-01-04 21:14:57'),(4,1,1,3,'Botble\\Page\\Models\\Page','/homepage-3',NULL,0,'Home 3',NULL,'_self',0,'2022-01-04 21:14:57','2022-01-04 21:14:57'),(5,1,1,4,'Botble\\Page\\Models\\Page','/homepage-4',NULL,0,'Home 4',NULL,'_self',0,'2022-01-04 21:14:57','2022-01-04 21:14:57'),(6,1,1,16,'Botble\\Page\\Models\\Page','/homepage-5',NULL,0,'Home 5',NULL,'_self',0,'2022-01-04 21:14:57','2022-01-04 21:14:57'),(7,1,1,17,'Botble\\Page\\Models\\Page','/homepage-6',NULL,0,'Home 6',NULL,'_self',0,'2022-01-04 21:14:57','2022-01-04 21:14:57'),(8,1,0,NULL,NULL,'/products',NULL,0,'Shop',NULL,'_self',1,'2022-01-04 21:14:57','2022-01-04 21:14:57'),(9,1,8,NULL,NULL,'/products',NULL,0,'Shop Grid - Full Width',NULL,'_self',0,'2022-01-04 21:14:57','2022-01-04 21:14:57'),(10,1,8,NULL,NULL,'/products?layout=product-right-sidebar',NULL,0,'Shop Grid - Right Sidebar',NULL,'_self',0,'2022-01-04 21:14:57','2022-01-04 21:14:57'),(11,1,8,NULL,NULL,'/products?layout=product-left-sidebar',NULL,0,'Shop Grid - Left Sidebar',NULL,'_self',0,'2022-01-04 21:14:57','2022-01-04 21:14:57'),(12,1,8,1,'Botble\\Ecommerce\\Models\\ProductCategory','/product-categories/milks-and-dairies',NULL,0,'Products Of Category',NULL,'_self',0,'2022-01-04 21:14:57','2022-01-04 21:14:57'),(13,1,0,NULL,NULL,'/stores',NULL,0,'Stores',NULL,'_self',1,'2022-01-04 21:14:57','2022-01-04 21:14:57'),(14,1,13,NULL,NULL,'/stores',NULL,0,'Stores - Grid',NULL,'_self',0,'2022-01-04 21:14:57','2022-01-04 21:14:57'),(15,1,13,NULL,NULL,'/stores?layout=stores-list',NULL,0,'Stores - List',NULL,'_self',0,'2022-01-04 21:14:57','2022-01-04 21:14:57'),(16,1,13,NULL,NULL,'/stores/gopro',NULL,0,'Store - Detail',NULL,'_self',0,'2022-01-04 21:14:57','2022-01-04 21:14:57'),(17,1,0,NULL,NULL,'/products/seeds-of-change-organic-quinoe',NULL,0,'Product',NULL,'_self',1,'2022-01-04 21:14:57','2022-01-04 21:14:57'),(18,1,17,NULL,NULL,'/products/seeds-of-change-organic-quinoe',NULL,0,'Product Right Sidebar',NULL,'_self',0,'2022-01-04 21:14:57','2022-01-04 21:14:57'),(19,1,17,NULL,NULL,'/products/all-natural-italian-style-chicken-meatballs',NULL,0,'Product Left Sidebar',NULL,'_self',0,'2022-01-04 21:14:57','2022-01-04 21:14:57'),(20,1,17,NULL,NULL,'/products/angies-boomchickapop-sweet-salty-kettle-corn',NULL,0,'Product Full Width',NULL,'_self',0,'2022-01-04 21:14:57','2022-01-04 21:14:57'),(21,1,0,5,'Botble\\Page\\Models\\Page','/blog',NULL,0,'Blog',NULL,'_self',1,'2022-01-04 21:14:57','2022-01-04 21:14:57'),(22,1,21,5,'Botble\\Page\\Models\\Page','/blog',NULL,0,'Blog Grid',NULL,'_self',0,'2022-01-04 21:14:57','2022-01-04 21:14:57'),(23,1,21,13,'Botble\\Page\\Models\\Page','/blog-list',NULL,0,'Blog List',NULL,'_self',0,'2022-01-04 21:14:57','2022-01-04 21:14:57'),(24,1,21,14,'Botble\\Page\\Models\\Page','/blog-big',NULL,0,'Blog Big',NULL,'_self',0,'2022-01-04 21:14:57','2022-01-04 21:14:57'),(25,1,21,15,'Botble\\Page\\Models\\Page','/blog-wide',NULL,0,'Blog Wide',NULL,'_self',0,'2022-01-04 21:14:57','2022-01-04 21:14:57'),(26,1,21,NULL,NULL,'/blog/4-expert-tips-on-how-to-choose-the-right-mens-wallet',NULL,0,'Single Post',NULL,'_self',1,'2022-01-04 21:14:57','2022-01-04 21:14:57'),(27,1,26,NULL,NULL,'/blog/4-expert-tips-on-how-to-choose-the-right-mens-wallet',NULL,0,'Single Post Right Sidebar',NULL,'_self',0,'2022-01-04 21:14:57','2022-01-04 21:14:57'),(28,1,26,NULL,NULL,'/blog/sexy-clutches-how-to-buy-wear-a-designer-clutch-bag',NULL,0,'Single Post Left Sidebar',NULL,'_self',0,'2022-01-04 21:14:57','2022-01-04 21:14:57'),(29,1,26,NULL,NULL,'/blog/the-top-2020-handbag-trends-to-know',NULL,0,'Single Post Full Width',NULL,'_self',0,'2022-01-04 21:14:57','2022-01-04 21:14:57'),(30,1,26,NULL,NULL,'/blog/how-to-match-the-color-of-your-handbag-with-an-outfit',NULL,0,'Single Post with Product Listing',NULL,'_self',0,'2022-01-04 21:14:57','2022-01-04 21:14:57'),(31,1,0,18,'Botble\\Page\\Models\\Page','/faq',NULL,0,'FAQ',NULL,'_self',0,'2022-01-04 21:14:57','2022-01-04 21:14:57'),(32,1,0,6,'Botble\\Page\\Models\\Page','/contact',NULL,0,'Contact',NULL,'_self',0,'2022-01-04 21:14:57','2022-01-04 21:14:57'),(33,2,0,7,'Botble\\Page\\Models\\Page','/about-us',NULL,0,'About Us',NULL,'_self',0,'2022-01-04 21:14:57','2022-01-04 21:14:57'),(34,2,0,NULL,NULL,'/customer/overview',NULL,0,'My Account',NULL,'_self',0,'2022-01-04 21:14:57','2022-01-04 21:14:57'),(35,2,0,NULL,NULL,'/wishlist',NULL,0,'Wishlist',NULL,'_self',0,'2022-01-04 21:14:57','2022-01-04 21:14:57'),(36,2,0,NULL,NULL,'/orders/tracking',NULL,0,'Order Tracking',NULL,'_self',0,'2022-01-04 21:14:57','2022-01-04 21:14:57'),(37,3,0,1,'Botble\\Ecommerce\\Models\\ProductCategory','/product-categories/milks-and-dairies',NULL,0,'Men',NULL,'_self',0,'2022-01-04 21:14:57','2022-01-04 21:14:57'),(38,3,0,2,'Botble\\Ecommerce\\Models\\ProductCategory','/product-categories/clothing-beauty',NULL,0,'Women',NULL,'_self',0,'2022-01-04 21:14:57','2022-01-04 21:14:57'),(39,3,0,3,'Botble\\Ecommerce\\Models\\ProductCategory','/product-categories/pet-toy',NULL,0,'Accessories',NULL,'_self',0,'2022-01-04 21:14:57','2022-01-04 21:14:57'),(40,3,0,4,'Botble\\Ecommerce\\Models\\ProductCategory','/product-categories/baking-material',NULL,0,'Shoes',NULL,'_self',0,'2022-01-04 21:14:57','2022-01-04 21:14:57'),(41,3,0,5,'Botble\\Ecommerce\\Models\\ProductCategory','/product-categories/fresh-fruit',NULL,0,'Denim',NULL,'_self',0,'2022-01-04 21:14:57','2022-01-04 21:14:57'),(42,3,0,6,'Botble\\Ecommerce\\Models\\ProductCategory','/product-categories/wines-drinks',NULL,0,'Dress',NULL,'_self',0,'2022-01-04 21:14:57','2022-01-04 21:14:57'),(43,4,0,6,'Botble\\Page\\Models\\Page','/contact',NULL,0,'Contact Us',NULL,'_self',0,'2022-01-04 21:14:57','2022-01-04 21:14:57'),(44,4,0,7,'Botble\\Page\\Models\\Page','/about-us',NULL,0,'About Us',NULL,'_self',0,'2022-01-04 21:14:57','2022-01-04 21:14:57'),(45,4,0,8,'Botble\\Page\\Models\\Page','/cookie-policy',NULL,0,'Cookie Policy',NULL,'_self',0,'2022-01-04 21:14:57','2022-01-04 21:14:57'),(46,4,0,9,'Botble\\Page\\Models\\Page','/terms-conditions',NULL,0,'Terms & Conditions',NULL,'_self',0,'2022-01-04 21:14:57','2022-01-04 21:14:57'),(47,4,0,10,'Botble\\Page\\Models\\Page','/returns-exchanges',NULL,0,'Returns & Exchanges',NULL,'_self',0,'2022-01-04 21:14:57','2022-01-04 21:14:57'),(48,4,0,11,'Botble\\Page\\Models\\Page','/shipping-delivery',NULL,0,'Shipping & Delivery',NULL,'_self',0,'2022-01-04 21:14:57','2022-01-04 21:14:57'),(49,4,0,12,'Botble\\Page\\Models\\Page','/privacy-policy',NULL,0,'Privacy Policy',NULL,'_self',0,'2022-01-04 21:14:57','2022-01-04 21:14:57'),(50,5,0,7,'Botble\\Page\\Models\\Page','/about-us',NULL,0,'About us',NULL,'_self',0,'2022-01-04 21:14:57','2022-01-04 21:14:57'),(51,5,0,NULL,NULL,'#',NULL,0,'Affiliate',NULL,'_self',0,'2022-01-04 21:14:57','2022-01-04 21:14:57'),(52,5,0,NULL,NULL,'#',NULL,0,'Career',NULL,'_self',0,'2022-01-04 21:14:57','2022-01-04 21:14:57'),(53,5,0,6,'Botble\\Page\\Models\\Page','/contact',NULL,0,'Contact us',NULL,'_self',0,'2022-01-04 21:14:57','2022-01-04 21:14:57'),(54,6,0,NULL,NULL,'/',NULL,0,'Trang chủ',NULL,'_self',1,'2022-01-04 21:14:57','2022-01-04 21:14:57'),(55,6,54,1,'Botble\\Page\\Models\\Page','',NULL,0,'Trang chủ 1',NULL,'_self',0,'2022-01-04 21:14:57','2022-01-04 21:14:57'),(56,6,54,2,'Botble\\Page\\Models\\Page','/homepage-2',NULL,0,'Trang chủ 2',NULL,'_self',0,'2022-01-04 21:14:57','2022-01-04 21:14:57'),(57,6,54,3,'Botble\\Page\\Models\\Page','/homepage-3',NULL,0,'Trang chủ 3',NULL,'_self',0,'2022-01-04 21:14:57','2022-01-04 21:14:57'),(58,6,54,4,'Botble\\Page\\Models\\Page','/homepage-4',NULL,0,'Trang chủ 4',NULL,'_self',0,'2022-01-04 21:14:57','2022-01-04 21:14:57'),(59,6,54,16,'Botble\\Page\\Models\\Page','/homepage-5',NULL,0,'Trang chủ 5',NULL,'_self',0,'2022-01-04 21:14:57','2022-01-04 21:14:57'),(60,6,54,17,'Botble\\Page\\Models\\Page','/homepage-6',NULL,0,'Trang chủ 6',NULL,'_self',0,'2022-01-04 21:14:57','2022-01-04 21:14:57'),(61,6,0,NULL,NULL,'/products',NULL,0,'Bán hàng',NULL,'_self',1,'2022-01-04 21:14:57','2022-01-04 21:14:57'),(62,6,61,NULL,NULL,'/products',NULL,0,'Tất cả sản phẩm',NULL,'_self',0,'2022-01-04 21:14:57','2022-01-04 21:14:57'),(63,6,61,1,'Botble\\Ecommerce\\Models\\ProductCategory','/product-categories/milks-and-dairies',NULL,0,'Danh mục sản phẩm',NULL,'_self',0,'2022-01-04 21:14:57','2022-01-04 21:14:57'),(64,6,0,NULL,NULL,'/stores',NULL,0,'Cửa hàng',NULL,'_self',1,'2022-01-04 21:14:57','2022-01-04 21:14:57'),(65,6,64,NULL,NULL,'/stores',NULL,0,'Cửa hàng - Grid',NULL,'_self',0,'2022-01-04 21:14:57','2022-01-04 21:14:57'),(66,6,64,NULL,NULL,'/stores?layout=stores-list',NULL,0,'Cửa hàng - List',NULL,'_self',0,'2022-01-04 21:14:57','2022-01-04 21:14:57'),(67,6,64,NULL,NULL,'/stores/gopro',NULL,0,'Cửa hàng - Detail',NULL,'_self',0,'2022-01-04 21:14:57','2022-01-04 21:14:57'),(68,6,0,NULL,NULL,'#',NULL,0,'Sản phẩm',NULL,'_self',1,'2022-01-04 21:14:57','2022-01-04 21:14:57'),(69,6,68,NULL,NULL,'/products/seeds-of-change-organic-quinoe',NULL,0,'Sản phẩm Sidebar phải',NULL,'_self',0,'2022-01-04 21:14:57','2022-01-04 21:14:57'),(70,6,68,NULL,NULL,'/products/all-natural-italian-style-chicken-meatballs',NULL,0,'Sản phẩm Sidebar trái',NULL,'_self',0,'2022-01-04 21:14:57','2022-01-04 21:14:57'),(71,6,68,NULL,NULL,'/products/angies-boomchickapop-sweet-salty-kettle-corn',NULL,0,'Sản phẩm full width',NULL,'_self',0,'2022-01-04 21:14:57','2022-01-04 21:14:57'),(72,6,0,5,'Botble\\Page\\Models\\Page','/blog',NULL,0,'Tin tức',NULL,'_self',1,'2022-01-04 21:14:57','2022-01-04 21:14:57'),(73,6,72,5,'Botble\\Page\\Models\\Page','/blog',NULL,0,'Tin tức Sidebar phải',NULL,'_self',0,'2022-01-04 21:14:57','2022-01-04 21:14:57'),(74,6,72,13,'Botble\\Page\\Models\\Page','/blog-list',NULL,0,'Tin tức Sidebar trái',NULL,'_self',0,'2022-01-04 21:14:57','2022-01-04 21:14:57'),(75,6,72,NULL,NULL,'/blog/4-expert-tips-on-how-to-choose-the-right-mens-wallet',NULL,0,'Bài viết Sidebar phải',NULL,'_self',0,'2022-01-04 21:14:57','2022-01-04 21:14:57'),(76,6,72,NULL,NULL,'/blog/sexy-clutches-how-to-buy-wear-a-designer-clutch-bag',NULL,0,'Bài viết Sidebar trái',NULL,'_self',0,'2022-01-04 21:14:57','2022-01-04 21:14:57'),(77,6,72,NULL,NULL,'/blog/the-top-2020-handbag-trends-to-know',NULL,0,'Bài viết Full Width',NULL,'_self',0,'2022-01-04 21:14:57','2022-01-04 21:14:57'),(78,6,72,NULL,NULL,'/blog/how-to-match-the-color-of-your-handbag-with-an-outfit',NULL,0,'Bài viết kèm sản phẩm',NULL,'_self',0,'2022-01-04 21:14:57','2022-01-04 21:14:57'),(79,6,0,18,'Botble\\Page\\Models\\Page','/faq',NULL,0,'FAQ',NULL,'_self',0,'2022-01-04 21:14:57','2022-01-04 21:14:57'),(80,6,0,6,'Botble\\Page\\Models\\Page','/contact',NULL,0,'Liên hệ',NULL,'_self',0,'2022-01-04 21:14:57','2022-01-04 21:14:57'),(81,7,0,8,'Botble\\Page\\Models\\Page','/cookie-policy',NULL,0,'Về Chúng Tôi',NULL,'_self',0,'2022-01-04 21:14:57','2022-01-04 21:14:57'),(82,7,0,NULL,NULL,'/customer/overview',NULL,0,'Tài Khoản',NULL,'_self',0,'2022-01-04 21:14:57','2022-01-04 21:14:57'),(83,7,0,NULL,NULL,'/wishlist',NULL,0,'Yêu Thích',NULL,'_self',0,'2022-01-04 21:14:57','2022-01-04 21:14:57'),(84,7,0,NULL,NULL,'/orders/tracking',NULL,0,'Theo Dõi Đơn Hàng',NULL,'_self',0,'2022-01-04 21:14:57','2022-01-04 21:14:57'),(85,8,0,1,'Botble\\Ecommerce\\Models\\ProductCategory','/product-categories/milks-and-dairies',NULL,0,'Sữa',NULL,'_self',0,'2022-01-04 21:14:57','2022-01-04 21:14:57'),(86,8,0,2,'Botble\\Ecommerce\\Models\\ProductCategory','/product-categories/clothing-beauty',NULL,0,'Quần áo và làm đẹp',NULL,'_self',0,'2022-01-04 21:14:57','2022-01-04 21:14:57'),(87,8,0,3,'Botble\\Ecommerce\\Models\\ProductCategory','/product-categories/pet-toy',NULL,0,'Đồ chơi thú cưng',NULL,'_self',0,'2022-01-04 21:14:57','2022-01-04 21:14:57'),(88,8,0,4,'Botble\\Ecommerce\\Models\\ProductCategory','/product-categories/baking-material',NULL,0,'Nguyên liệu làm bánh',NULL,'_self',0,'2022-01-04 21:14:57','2022-01-04 21:14:57'),(89,8,0,5,'Botble\\Ecommerce\\Models\\ProductCategory','/product-categories/fresh-fruit',NULL,0,'Trái cây tươi',NULL,'_self',0,'2022-01-04 21:14:57','2022-01-04 21:14:57'),(90,8,0,6,'Botble\\Ecommerce\\Models\\ProductCategory','/product-categories/wines-drinks',NULL,0,'Rượu & Đồ uống',NULL,'_self',0,'2022-01-04 21:14:57','2022-01-04 21:14:57'),(91,9,0,6,'Botble\\Page\\Models\\Page','/contact',NULL,0,'Liên hệ',NULL,'_self',0,'2022-01-04 21:14:57','2022-01-04 21:14:57'),(92,9,0,8,'Botble\\Page\\Models\\Page','/cookie-policy',NULL,0,'Về chúng tôi',NULL,'_self',0,'2022-01-04 21:14:57','2022-01-04 21:14:57'),(93,9,0,9,'Botble\\Page\\Models\\Page','/terms-conditions',NULL,0,'Điều khoản & quy định',NULL,'_self',0,'2022-01-04 21:14:57','2022-01-04 21:14:57'),(94,9,0,10,'Botble\\Page\\Models\\Page','/returns-exchanges',NULL,0,'Chính sách đổi trả',NULL,'_self',0,'2022-01-04 21:14:57','2022-01-04 21:14:57'),(95,9,0,11,'Botble\\Page\\Models\\Page','/shipping-delivery',NULL,0,'Chính sách vận chuyển',NULL,'_self',0,'2022-01-04 21:14:57','2022-01-04 21:14:57'),(96,9,0,12,'Botble\\Page\\Models\\Page','/privacy-policy',NULL,0,'Chính sách bảo mật',NULL,'_self',0,'2022-01-04 21:14:57','2022-01-04 21:14:57'),(97,10,0,7,'Botble\\Page\\Models\\Page','/about-us',NULL,0,'Về chúng tôi',NULL,'_self',0,'2022-01-04 21:14:57','2022-01-04 21:14:57'),(98,10,0,NULL,NULL,'#',NULL,0,'Tiếp thị liên kết',NULL,'_self',0,'2022-01-04 21:14:57','2022-01-04 21:14:57'),(99,10,0,NULL,NULL,'#',NULL,0,'Tuyển dụng',NULL,'_self',0,'2022-01-04 21:14:57','2022-01-04 21:14:57'),(100,10,0,6,'Botble\\Page\\Models\\Page','/contact',NULL,0,'Liên hệ',NULL,'_self',0,'2022-01-04 21:14:57','2022-01-04 21:14:57');
/*!40000 ALTER TABLE `menu_nodes` ENABLE KEYS */;
UNLOCK TABLES;

--
-- Table structure for table `menus`
--

DROP TABLE IF EXISTS `menus`;
/*!40101 SET @saved_cs_client     = @@character_set_client */;
/*!40101 SET character_set_client = utf8 */;
CREATE TABLE `menus` (
  `id` bigint(20) unsigned NOT NULL AUTO_INCREMENT,
  `name` varchar(120) COLLATE utf8mb4_unicode_ci NOT NULL,
  `slug` varchar(120) COLLATE utf8mb4_unicode_ci DEFAULT NULL,
  `status` varchar(60) COLLATE utf8mb4_unicode_ci NOT NULL DEFAULT 'published',
  `created_at` timestamp NULL DEFAULT NULL,
  `updated_at` timestamp NULL DEFAULT NULL,
  PRIMARY KEY (`id`),
  UNIQUE KEY `menus_slug_unique` (`slug`)
) ENGINE=InnoDB AUTO_INCREMENT=11 DEFAULT CHARSET=utf8mb4 COLLATE=utf8mb4_unicode_ci;
/*!40101 SET character_set_client = @saved_cs_client */;

--
-- Dumping data for table `menus`
--

LOCK TABLES `menus` WRITE;
/*!40000 ALTER TABLE `menus` DISABLE KEYS */;
INSERT INTO `menus` VALUES (1,'Main menu','main-menu','published','2022-01-04 21:14:57','2022-01-04 21:14:57'),(2,'Header menu','header-menu','published','2022-01-04 21:14:57','2022-01-04 21:14:57'),(3,'Product categories','product-categories','published','2022-01-04 21:14:57','2022-01-04 21:14:57'),(4,'Information','information','published','2022-01-04 21:14:57','2022-01-04 21:14:57'),(5,'Company','company','published','2022-01-04 21:14:57','2022-01-04 21:14:57'),(6,'Menu chính','menu-chinh','published','2022-01-04 21:14:57','2022-01-04 21:14:57'),(7,'Menu trên cùng','menu-tren-cung','published','2022-01-04 21:14:57','2022-01-04 21:14:57'),(8,'Product categories','danh-muc-san-pham','published','2022-01-04 21:14:57','2022-01-04 21:14:57'),(9,'Information','thong-tin','published','2022-01-04 21:14:57','2022-01-04 21:14:57'),(10,'Công ty','cong-ty','published','2022-01-04 21:14:57','2022-01-04 21:14:57');
/*!40000 ALTER TABLE `menus` ENABLE KEYS */;
UNLOCK TABLES;

--
-- Table structure for table `meta_boxes`
--

DROP TABLE IF EXISTS `meta_boxes`;
/*!40101 SET @saved_cs_client     = @@character_set_client */;
/*!40101 SET character_set_client = utf8 */;
CREATE TABLE `meta_boxes` (
  `id` bigint(20) unsigned NOT NULL AUTO_INCREMENT,
  `meta_key` varchar(255) COLLATE utf8mb4_unicode_ci NOT NULL,
  `meta_value` text COLLATE utf8mb4_unicode_ci DEFAULT NULL,
  `reference_id` int(10) unsigned NOT NULL,
  `reference_type` varchar(120) COLLATE utf8mb4_unicode_ci NOT NULL,
  `created_at` timestamp NULL DEFAULT NULL,
  `updated_at` timestamp NULL DEFAULT NULL,
  PRIMARY KEY (`id`),
  KEY `meta_boxes_reference_id_index` (`reference_id`)
) ENGINE=InnoDB AUTO_INCREMENT=147 DEFAULT CHARSET=utf8mb4 COLLATE=utf8mb4_unicode_ci;
/*!40101 SET character_set_client = @saved_cs_client */;

--
-- Dumping data for table `meta_boxes`
--

LOCK TABLES `meta_boxes` WRITE;
/*!40000 ALTER TABLE `meta_boxes` DISABLE KEYS */;
INSERT INTO `meta_boxes` VALUES (1,'icon_image','[\"product-categories\\/icon-1.png\"]',1,'Botble\\Ecommerce\\Models\\ProductCategory','2022-01-04 21:14:01','2022-01-04 21:14:01'),(2,'background_color','[\"#F2FCE4\"]',1,'Botble\\Ecommerce\\Models\\ProductCategory','2022-01-04 21:14:01','2022-01-04 21:14:01'),(3,'icon_image','[\"product-categories\\/icon-2.png\"]',2,'Botble\\Ecommerce\\Models\\ProductCategory','2022-01-04 21:14:01','2022-01-04 21:14:01'),(4,'background_color','[\"#FFFCEB\"]',2,'Botble\\Ecommerce\\Models\\ProductCategory','2022-01-04 21:14:01','2022-01-04 21:14:01'),(5,'icon_image','[\"product-categories\\/icon-3.png\"]',3,'Botble\\Ecommerce\\Models\\ProductCategory','2022-01-04 21:14:01','2022-01-04 21:14:01'),(6,'background_color','[\"#ECFFEC\"]',3,'Botble\\Ecommerce\\Models\\ProductCategory','2022-01-04 21:14:01','2022-01-04 21:14:01'),(7,'icon_image','[\"product-categories\\/icon-4.png\"]',4,'Botble\\Ecommerce\\Models\\ProductCategory','2022-01-04 21:14:01','2022-01-04 21:14:01'),(8,'background_color','[\"#FEEFEA\"]',4,'Botble\\Ecommerce\\Models\\ProductCategory','2022-01-04 21:14:01','2022-01-04 21:14:01'),(9,'icon_image','[\"product-categories\\/icon-5.png\"]',5,'Botble\\Ecommerce\\Models\\ProductCategory','2022-01-04 21:14:01','2022-01-04 21:14:01'),(10,'background_color','[\"#FFF3EB\"]',5,'Botble\\Ecommerce\\Models\\ProductCategory','2022-01-04 21:14:01','2022-01-04 21:14:01'),(11,'icon_image','[\"product-categories\\/icon-6.png\"]',6,'Botble\\Ecommerce\\Models\\ProductCategory','2022-01-04 21:14:01','2022-01-04 21:14:01'),(12,'background_color','[\"#FFF3FF\"]',6,'Botble\\Ecommerce\\Models\\ProductCategory','2022-01-04 21:14:01','2022-01-04 21:14:01'),(13,'icon_image','[\"product-categories\\/icon-7.png\"]',7,'Botble\\Ecommerce\\Models\\ProductCategory','2022-01-04 21:14:01','2022-01-04 21:14:01'),(14,'background_color','[\"#F2FCE4\"]',7,'Botble\\Ecommerce\\Models\\ProductCategory','2022-01-04 21:14:01','2022-01-04 21:14:01'),(15,'icon_image','[\"product-categories\\/icon-8.png\"]',8,'Botble\\Ecommerce\\Models\\ProductCategory','2022-01-04 21:14:01','2022-01-04 21:14:01'),(16,'background_color','[\"#FFFCEB\"]',8,'Botble\\Ecommerce\\Models\\ProductCategory','2022-01-04 21:14:01','2022-01-04 21:14:01'),(17,'icon_image','[\"product-categories\\/icon-9.png\"]',9,'Botble\\Ecommerce\\Models\\ProductCategory','2022-01-04 21:14:01','2022-01-04 21:14:01'),(18,'background_color','[\"#ECFFEC\"]',9,'Botble\\Ecommerce\\Models\\ProductCategory','2022-01-04 21:14:01','2022-01-04 21:14:01'),(19,'icon_image','[\"product-categories\\/icon-10.png\"]',10,'Botble\\Ecommerce\\Models\\ProductCategory','2022-01-04 21:14:01','2022-01-04 21:14:01'),(20,'background_color','[\"#FEEFEA\"]',10,'Botble\\Ecommerce\\Models\\ProductCategory','2022-01-04 21:14:01','2022-01-04 21:14:01'),(21,'icon_image','[\"product-categories\\/icon-11.png\"]',11,'Botble\\Ecommerce\\Models\\ProductCategory','2022-01-04 21:14:01','2022-01-04 21:14:01'),(22,'background_color','[\"#FFF3EB\"]',11,'Botble\\Ecommerce\\Models\\ProductCategory','2022-01-04 21:14:01','2022-01-04 21:14:01'),(23,'icon_image','[\"product-categories\\/icon-12.png\"]',12,'Botble\\Ecommerce\\Models\\ProductCategory','2022-01-04 21:14:01','2022-01-04 21:14:01'),(24,'background_color','[\"#FFF3FF\"]',12,'Botble\\Ecommerce\\Models\\ProductCategory','2022-01-04 21:14:01','2022-01-04 21:14:01'),(25,'icon_image','[\"product-categories\\/icon-13.png\"]',13,'Botble\\Ecommerce\\Models\\ProductCategory','2022-01-04 21:14:01','2022-01-04 21:14:01'),(26,'background_color','[\"#F2FCE4\"]',13,'Botble\\Ecommerce\\Models\\ProductCategory','2022-01-04 21:14:01','2022-01-04 21:14:01'),(27,'icon_image','[\"product-categories\\/icon-14.png\"]',14,'Botble\\Ecommerce\\Models\\ProductCategory','2022-01-04 21:14:01','2022-01-04 21:14:01'),(28,'background_color','[\"#FFFCEB\"]',14,'Botble\\Ecommerce\\Models\\ProductCategory','2022-01-04 21:14:01','2022-01-04 21:14:01'),(29,'layout','[\"product-right-sidebar\"]',1,'Botble\\Ecommerce\\Models\\Product','2022-01-04 21:14:17','2022-01-04 21:14:17'),(30,'faq_schema_config','[[[{\"key\":\"question\",\"value\":\"What Shipping Methods Are Available?\"},{\"key\":\"answer\",\"value\":\"Ex Portland Pitchfork irure mustache. Eutra fap before they sold out literally. Aliquip ugh bicycle rights actually mlkshk, seitan squid craft beer tempor.\"}],[{\"key\":\"question\",\"value\":\"Do You Ship Internationally?\"},{\"key\":\"answer\",\"value\":\"Hoodie tote bag mixtape tofu. Typewriter jean shorts wolf quinoa, messenger bag organic freegan cray.\"}],[{\"key\":\"question\",\"value\":\"How Long Will It Take To Get My Package?\"},{\"key\":\"answer\",\"value\":\"Swag slow-carb quinoa VHS typewriter pork belly brunch, paleo single-origin coffee Wes Anderson. Flexitarian Pitchfork forage, literally paleo fap pour-over. Wes Anderson Pinterest YOLO fanny pack meggings, deep v XOXO chambray sustainable slow-carb raw denim church-key fap chillwave Etsy. +1 typewriter kitsch, American Apparel tofu Banksy Vice.\"}],[{\"key\":\"question\",\"value\":\"What Payment Methods Are Accepted?\"},{\"key\":\"answer\",\"value\":\"Fashion axe DIY jean shorts, swag kale chips meh polaroid kogi butcher Wes Anderson chambray next level semiotics gentrify yr. Voluptate photo booth fugiat Vice. Austin sed Williamsburg, ea labore raw denim voluptate cred proident mixtape excepteur mustache. Twee chia photo booth readymade food truck, hoodie roof party swag keytar PBR DIY.\"}],[{\"key\":\"question\",\"value\":\"Is Buying On-Line Safe?\"},{\"key\":\"answer\",\"value\":\"Art party authentic freegan semiotics jean shorts chia cred. Neutra Austin roof party Brooklyn, synth Thundercats swag 8-bit photo booth. Plaid letterpress leggings craft beer meh ethical Pinterest.\"}]]]',1,'Botble\\Ecommerce\\Models\\Product','2022-01-04 21:14:17','2022-01-04 21:14:17'),(31,'layout','[\"product-left-sidebar\"]',2,'Botble\\Ecommerce\\Models\\Product','2022-01-04 21:14:17','2022-01-04 21:14:17'),(32,'faq_schema_config','[[[{\"key\":\"question\",\"value\":\"What Shipping Methods Are Available?\"},{\"key\":\"answer\",\"value\":\"Ex Portland Pitchfork irure mustache. Eutra fap before they sold out literally. Aliquip ugh bicycle rights actually mlkshk, seitan squid craft beer tempor.\"}],[{\"key\":\"question\",\"value\":\"Do You Ship Internationally?\"},{\"key\":\"answer\",\"value\":\"Hoodie tote bag mixtape tofu. Typewriter jean shorts wolf quinoa, messenger bag organic freegan cray.\"}],[{\"key\":\"question\",\"value\":\"How Long Will It Take To Get My Package?\"},{\"key\":\"answer\",\"value\":\"Swag slow-carb quinoa VHS typewriter pork belly brunch, paleo single-origin coffee Wes Anderson. Flexitarian Pitchfork forage, literally paleo fap pour-over. Wes Anderson Pinterest YOLO fanny pack meggings, deep v XOXO chambray sustainable slow-carb raw denim church-key fap chillwave Etsy. +1 typewriter kitsch, American Apparel tofu Banksy Vice.\"}],[{\"key\":\"question\",\"value\":\"What Payment Methods Are Accepted?\"},{\"key\":\"answer\",\"value\":\"Fashion axe DIY jean shorts, swag kale chips meh polaroid kogi butcher Wes Anderson chambray next level semiotics gentrify yr. Voluptate photo booth fugiat Vice. Austin sed Williamsburg, ea labore raw denim voluptate cred proident mixtape excepteur mustache. Twee chia photo booth readymade food truck, hoodie roof party swag keytar PBR DIY.\"}],[{\"key\":\"question\",\"value\":\"Is Buying On-Line Safe?\"},{\"key\":\"answer\",\"value\":\"Art party authentic freegan semiotics jean shorts chia cred. Neutra Austin roof party Brooklyn, synth Thundercats swag 8-bit photo booth. Plaid letterpress leggings craft beer meh ethical Pinterest.\"}]]]',2,'Botble\\Ecommerce\\Models\\Product','2022-01-04 21:14:17','2022-01-04 21:14:17'),(33,'layout','[\"product-full-width\"]',3,'Botble\\Ecommerce\\Models\\Product','2022-01-04 21:14:17','2022-01-04 21:14:17'),(34,'is_popular','[\"1\"]',3,'Botble\\Ecommerce\\Models\\Product','2022-01-04 21:14:17','2022-01-04 21:14:17'),(35,'faq_schema_config','[[[{\"key\":\"question\",\"value\":\"What Shipping Methods Are Available?\"},{\"key\":\"answer\",\"value\":\"Ex Portland Pitchfork irure mustache. Eutra fap before they sold out literally. Aliquip ugh bicycle rights actually mlkshk, seitan squid craft beer tempor.\"}],[{\"key\":\"question\",\"value\":\"Do You Ship Internationally?\"},{\"key\":\"answer\",\"value\":\"Hoodie tote bag mixtape tofu. Typewriter jean shorts wolf quinoa, messenger bag organic freegan cray.\"}],[{\"key\":\"question\",\"value\":\"How Long Will It Take To Get My Package?\"},{\"key\":\"answer\",\"value\":\"Swag slow-carb quinoa VHS typewriter pork belly brunch, paleo single-origin coffee Wes Anderson. Flexitarian Pitchfork forage, literally paleo fap pour-over. Wes Anderson Pinterest YOLO fanny pack meggings, deep v XOXO chambray sustainable slow-carb raw denim church-key fap chillwave Etsy. +1 typewriter kitsch, American Apparel tofu Banksy Vice.\"}],[{\"key\":\"question\",\"value\":\"What Payment Methods Are Accepted?\"},{\"key\":\"answer\",\"value\":\"Fashion axe DIY jean shorts, swag kale chips meh polaroid kogi butcher Wes Anderson chambray next level semiotics gentrify yr. Voluptate photo booth fugiat Vice. Austin sed Williamsburg, ea labore raw denim voluptate cred proident mixtape excepteur mustache. Twee chia photo booth readymade food truck, hoodie roof party swag keytar PBR DIY.\"}],[{\"key\":\"question\",\"value\":\"Is Buying On-Line Safe?\"},{\"key\":\"answer\",\"value\":\"Art party authentic freegan semiotics jean shorts chia cred. Neutra Austin roof party Brooklyn, synth Thundercats swag 8-bit photo booth. Plaid letterpress leggings craft beer meh ethical Pinterest.\"}]]]',3,'Botble\\Ecommerce\\Models\\Product','2022-01-04 21:14:17','2022-01-04 21:14:17'),(36,'faq_schema_config','[[[{\"key\":\"question\",\"value\":\"What Shipping Methods Are Available?\"},{\"key\":\"answer\",\"value\":\"Ex Portland Pitchfork irure mustache. Eutra fap before they sold out literally. Aliquip ugh bicycle rights actually mlkshk, seitan squid craft beer tempor.\"}],[{\"key\":\"question\",\"value\":\"Do You Ship Internationally?\"},{\"key\":\"answer\",\"value\":\"Hoodie tote bag mixtape tofu. Typewriter jean shorts wolf quinoa, messenger bag organic freegan cray.\"}],[{\"key\":\"question\",\"value\":\"How Long Will It Take To Get My Package?\"},{\"key\":\"answer\",\"value\":\"Swag slow-carb quinoa VHS typewriter pork belly brunch, paleo single-origin coffee Wes Anderson. Flexitarian Pitchfork forage, literally paleo fap pour-over. Wes Anderson Pinterest YOLO fanny pack meggings, deep v XOXO chambray sustainable slow-carb raw denim church-key fap chillwave Etsy. +1 typewriter kitsch, American Apparel tofu Banksy Vice.\"}],[{\"key\":\"question\",\"value\":\"What Payment Methods Are Accepted?\"},{\"key\":\"answer\",\"value\":\"Fashion axe DIY jean shorts, swag kale chips meh polaroid kogi butcher Wes Anderson chambray next level semiotics gentrify yr. Voluptate photo booth fugiat Vice. Austin sed Williamsburg, ea labore raw denim voluptate cred proident mixtape excepteur mustache. Twee chia photo booth readymade food truck, hoodie roof party swag keytar PBR DIY.\"}],[{\"key\":\"question\",\"value\":\"Is Buying On-Line Safe?\"},{\"key\":\"answer\",\"value\":\"Art party authentic freegan semiotics jean shorts chia cred. Neutra Austin roof party Brooklyn, synth Thundercats swag 8-bit photo booth. Plaid letterpress leggings craft beer meh ethical Pinterest.\"}]]]',4,'Botble\\Ecommerce\\Models\\Product','2022-01-04 21:14:17','2022-01-04 21:14:17'),(37,'faq_schema_config','[[[{\"key\":\"question\",\"value\":\"What Shipping Methods Are Available?\"},{\"key\":\"answer\",\"value\":\"Ex Portland Pitchfork irure mustache. Eutra fap before they sold out literally. Aliquip ugh bicycle rights actually mlkshk, seitan squid craft beer tempor.\"}],[{\"key\":\"question\",\"value\":\"Do You Ship Internationally?\"},{\"key\":\"answer\",\"value\":\"Hoodie tote bag mixtape tofu. Typewriter jean shorts wolf quinoa, messenger bag organic freegan cray.\"}],[{\"key\":\"question\",\"value\":\"How Long Will It Take To Get My Package?\"},{\"key\":\"answer\",\"value\":\"Swag slow-carb quinoa VHS typewriter pork belly brunch, paleo single-origin coffee Wes Anderson. Flexitarian Pitchfork forage, literally paleo fap pour-over. Wes Anderson Pinterest YOLO fanny pack meggings, deep v XOXO chambray sustainable slow-carb raw denim church-key fap chillwave Etsy. +1 typewriter kitsch, American Apparel tofu Banksy Vice.\"}],[{\"key\":\"question\",\"value\":\"What Payment Methods Are Accepted?\"},{\"key\":\"answer\",\"value\":\"Fashion axe DIY jean shorts, swag kale chips meh polaroid kogi butcher Wes Anderson chambray next level semiotics gentrify yr. Voluptate photo booth fugiat Vice. Austin sed Williamsburg, ea labore raw denim voluptate cred proident mixtape excepteur mustache. Twee chia photo booth readymade food truck, hoodie roof party swag keytar PBR DIY.\"}],[{\"key\":\"question\",\"value\":\"Is Buying On-Line Safe?\"},{\"key\":\"answer\",\"value\":\"Art party authentic freegan semiotics jean shorts chia cred. Neutra Austin roof party Brooklyn, synth Thundercats swag 8-bit photo booth. Plaid letterpress leggings craft beer meh ethical Pinterest.\"}]]]',5,'Botble\\Ecommerce\\Models\\Product','2022-01-04 21:14:17','2022-01-04 21:14:17'),(38,'is_popular','[\"1\"]',6,'Botble\\Ecommerce\\Models\\Product','2022-01-04 21:14:17','2022-01-04 21:14:17'),(39,'faq_schema_config','[[[{\"key\":\"question\",\"value\":\"What Shipping Methods Are Available?\"},{\"key\":\"answer\",\"value\":\"Ex Portland Pitchfork irure mustache. Eutra fap before they sold out literally. Aliquip ugh bicycle rights actually mlkshk, seitan squid craft beer tempor.\"}],[{\"key\":\"question\",\"value\":\"Do You Ship Internationally?\"},{\"key\":\"answer\",\"value\":\"Hoodie tote bag mixtape tofu. Typewriter jean shorts wolf quinoa, messenger bag organic freegan cray.\"}],[{\"key\":\"question\",\"value\":\"How Long Will It Take To Get My Package?\"},{\"key\":\"answer\",\"value\":\"Swag slow-carb quinoa VHS typewriter pork belly brunch, paleo single-origin coffee Wes Anderson. Flexitarian Pitchfork forage, literally paleo fap pour-over. Wes Anderson Pinterest YOLO fanny pack meggings, deep v XOXO chambray sustainable slow-carb raw denim church-key fap chillwave Etsy. +1 typewriter kitsch, American Apparel tofu Banksy Vice.\"}],[{\"key\":\"question\",\"value\":\"What Payment Methods Are Accepted?\"},{\"key\":\"answer\",\"value\":\"Fashion axe DIY jean shorts, swag kale chips meh polaroid kogi butcher Wes Anderson chambray next level semiotics gentrify yr. Voluptate photo booth fugiat Vice. Austin sed Williamsburg, ea labore raw denim voluptate cred proident mixtape excepteur mustache. Twee chia photo booth readymade food truck, hoodie roof party swag keytar PBR DIY.\"}],[{\"key\":\"question\",\"value\":\"Is Buying On-Line Safe?\"},{\"key\":\"answer\",\"value\":\"Art party authentic freegan semiotics jean shorts chia cred. Neutra Austin roof party Brooklyn, synth Thundercats swag 8-bit photo booth. Plaid letterpress leggings craft beer meh ethical Pinterest.\"}]]]',6,'Botble\\Ecommerce\\Models\\Product','2022-01-04 21:14:17','2022-01-04 21:14:17'),(40,'faq_schema_config','[[[{\"key\":\"question\",\"value\":\"What Shipping Methods Are Available?\"},{\"key\":\"answer\",\"value\":\"Ex Portland Pitchfork irure mustache. Eutra fap before they sold out literally. Aliquip ugh bicycle rights actually mlkshk, seitan squid craft beer tempor.\"}],[{\"key\":\"question\",\"value\":\"Do You Ship Internationally?\"},{\"key\":\"answer\",\"value\":\"Hoodie tote bag mixtape tofu. Typewriter jean shorts wolf quinoa, messenger bag organic freegan cray.\"}],[{\"key\":\"question\",\"value\":\"How Long Will It Take To Get My Package?\"},{\"key\":\"answer\",\"value\":\"Swag slow-carb quinoa VHS typewriter pork belly brunch, paleo single-origin coffee Wes Anderson. Flexitarian Pitchfork forage, literally paleo fap pour-over. Wes Anderson Pinterest YOLO fanny pack meggings, deep v XOXO chambray sustainable slow-carb raw denim church-key fap chillwave Etsy. +1 typewriter kitsch, American Apparel tofu Banksy Vice.\"}],[{\"key\":\"question\",\"value\":\"What Payment Methods Are Accepted?\"},{\"key\":\"answer\",\"value\":\"Fashion axe DIY jean shorts, swag kale chips meh polaroid kogi butcher Wes Anderson chambray next level semiotics gentrify yr. Voluptate photo booth fugiat Vice. Austin sed Williamsburg, ea labore raw denim voluptate cred proident mixtape excepteur mustache. Twee chia photo booth readymade food truck, hoodie roof party swag keytar PBR DIY.\"}],[{\"key\":\"question\",\"value\":\"Is Buying On-Line Safe?\"},{\"key\":\"answer\",\"value\":\"Art party authentic freegan semiotics jean shorts chia cred. Neutra Austin roof party Brooklyn, synth Thundercats swag 8-bit photo booth. Plaid letterpress leggings craft beer meh ethical Pinterest.\"}]]]',7,'Botble\\Ecommerce\\Models\\Product','2022-01-04 21:14:17','2022-01-04 21:14:17'),(41,'faq_schema_config','[[[{\"key\":\"question\",\"value\":\"What Shipping Methods Are Available?\"},{\"key\":\"answer\",\"value\":\"Ex Portland Pitchfork irure mustache. Eutra fap before they sold out literally. Aliquip ugh bicycle rights actually mlkshk, seitan squid craft beer tempor.\"}],[{\"key\":\"question\",\"value\":\"Do You Ship Internationally?\"},{\"key\":\"answer\",\"value\":\"Hoodie tote bag mixtape tofu. Typewriter jean shorts wolf quinoa, messenger bag organic freegan cray.\"}],[{\"key\":\"question\",\"value\":\"How Long Will It Take To Get My Package?\"},{\"key\":\"answer\",\"value\":\"Swag slow-carb quinoa VHS typewriter pork belly brunch, paleo single-origin coffee Wes Anderson. Flexitarian Pitchfork forage, literally paleo fap pour-over. Wes Anderson Pinterest YOLO fanny pack meggings, deep v XOXO chambray sustainable slow-carb raw denim church-key fap chillwave Etsy. +1 typewriter kitsch, American Apparel tofu Banksy Vice.\"}],[{\"key\":\"question\",\"value\":\"What Payment Methods Are Accepted?\"},{\"key\":\"answer\",\"value\":\"Fashion axe DIY jean shorts, swag kale chips meh polaroid kogi butcher Wes Anderson chambray next level semiotics gentrify yr. Voluptate photo booth fugiat Vice. Austin sed Williamsburg, ea labore raw denim voluptate cred proident mixtape excepteur mustache. Twee chia photo booth readymade food truck, hoodie roof party swag keytar PBR DIY.\"}],[{\"key\":\"question\",\"value\":\"Is Buying On-Line Safe?\"},{\"key\":\"answer\",\"value\":\"Art party authentic freegan semiotics jean shorts chia cred. Neutra Austin roof party Brooklyn, synth Thundercats swag 8-bit photo booth. Plaid letterpress leggings craft beer meh ethical Pinterest.\"}]]]',8,'Botble\\Ecommerce\\Models\\Product','2022-01-04 21:14:17','2022-01-04 21:14:17'),(42,'is_popular','[\"1\"]',9,'Botble\\Ecommerce\\Models\\Product','2022-01-04 21:14:17','2022-01-04 21:14:17'),(43,'faq_schema_config','[[[{\"key\":\"question\",\"value\":\"What Shipping Methods Are Available?\"},{\"key\":\"answer\",\"value\":\"Ex Portland Pitchfork irure mustache. Eutra fap before they sold out literally. Aliquip ugh bicycle rights actually mlkshk, seitan squid craft beer tempor.\"}],[{\"key\":\"question\",\"value\":\"Do You Ship Internationally?\"},{\"key\":\"answer\",\"value\":\"Hoodie tote bag mixtape tofu. Typewriter jean shorts wolf quinoa, messenger bag organic freegan cray.\"}],[{\"key\":\"question\",\"value\":\"How Long Will It Take To Get My Package?\"},{\"key\":\"answer\",\"value\":\"Swag slow-carb quinoa VHS typewriter pork belly brunch, paleo single-origin coffee Wes Anderson. Flexitarian Pitchfork forage, literally paleo fap pour-over. Wes Anderson Pinterest YOLO fanny pack meggings, deep v XOXO chambray sustainable slow-carb raw denim church-key fap chillwave Etsy. +1 typewriter kitsch, American Apparel tofu Banksy Vice.\"}],[{\"key\":\"question\",\"value\":\"What Payment Methods Are Accepted?\"},{\"key\":\"answer\",\"value\":\"Fashion axe DIY jean shorts, swag kale chips meh polaroid kogi butcher Wes Anderson chambray next level semiotics gentrify yr. Voluptate photo booth fugiat Vice. Austin sed Williamsburg, ea labore raw denim voluptate cred proident mixtape excepteur mustache. Twee chia photo booth readymade food truck, hoodie roof party swag keytar PBR DIY.\"}],[{\"key\":\"question\",\"value\":\"Is Buying On-Line Safe?\"},{\"key\":\"answer\",\"value\":\"Art party authentic freegan semiotics jean shorts chia cred. Neutra Austin roof party Brooklyn, synth Thundercats swag 8-bit photo booth. Plaid letterpress leggings craft beer meh ethical Pinterest.\"}]]]',9,'Botble\\Ecommerce\\Models\\Product','2022-01-04 21:14:17','2022-01-04 21:14:17'),(44,'faq_schema_config','[[[{\"key\":\"question\",\"value\":\"What Shipping Methods Are Available?\"},{\"key\":\"answer\",\"value\":\"Ex Portland Pitchfork irure mustache. Eutra fap before they sold out literally. Aliquip ugh bicycle rights actually mlkshk, seitan squid craft beer tempor.\"}],[{\"key\":\"question\",\"value\":\"Do You Ship Internationally?\"},{\"key\":\"answer\",\"value\":\"Hoodie tote bag mixtape tofu. Typewriter jean shorts wolf quinoa, messenger bag organic freegan cray.\"}],[{\"key\":\"question\",\"value\":\"How Long Will It Take To Get My Package?\"},{\"key\":\"answer\",\"value\":\"Swag slow-carb quinoa VHS typewriter pork belly brunch, paleo single-origin coffee Wes Anderson. Flexitarian Pitchfork forage, literally paleo fap pour-over. Wes Anderson Pinterest YOLO fanny pack meggings, deep v XOXO chambray sustainable slow-carb raw denim church-key fap chillwave Etsy. +1 typewriter kitsch, American Apparel tofu Banksy Vice.\"}],[{\"key\":\"question\",\"value\":\"What Payment Methods Are Accepted?\"},{\"key\":\"answer\",\"value\":\"Fashion axe DIY jean shorts, swag kale chips meh polaroid kogi butcher Wes Anderson chambray next level semiotics gentrify yr. Voluptate photo booth fugiat Vice. Austin sed Williamsburg, ea labore raw denim voluptate cred proident mixtape excepteur mustache. Twee chia photo booth readymade food truck, hoodie roof party swag keytar PBR DIY.\"}],[{\"key\":\"question\",\"value\":\"Is Buying On-Line Safe?\"},{\"key\":\"answer\",\"value\":\"Art party authentic freegan semiotics jean shorts chia cred. Neutra Austin roof party Brooklyn, synth Thundercats swag 8-bit photo booth. Plaid letterpress leggings craft beer meh ethical Pinterest.\"}]]]',10,'Botble\\Ecommerce\\Models\\Product','2022-01-04 21:14:17','2022-01-04 21:14:17'),(45,'faq_schema_config','[[[{\"key\":\"question\",\"value\":\"What Shipping Methods Are Available?\"},{\"key\":\"answer\",\"value\":\"Ex Portland Pitchfork irure mustache. Eutra fap before they sold out literally. Aliquip ugh bicycle rights actually mlkshk, seitan squid craft beer tempor.\"}],[{\"key\":\"question\",\"value\":\"Do You Ship Internationally?\"},{\"key\":\"answer\",\"value\":\"Hoodie tote bag mixtape tofu. Typewriter jean shorts wolf quinoa, messenger bag organic freegan cray.\"}],[{\"key\":\"question\",\"value\":\"How Long Will It Take To Get My Package?\"},{\"key\":\"answer\",\"value\":\"Swag slow-carb quinoa VHS typewriter pork belly brunch, paleo single-origin coffee Wes Anderson. Flexitarian Pitchfork forage, literally paleo fap pour-over. Wes Anderson Pinterest YOLO fanny pack meggings, deep v XOXO chambray sustainable slow-carb raw denim church-key fap chillwave Etsy. +1 typewriter kitsch, American Apparel tofu Banksy Vice.\"}],[{\"key\":\"question\",\"value\":\"What Payment Methods Are Accepted?\"},{\"key\":\"answer\",\"value\":\"Fashion axe DIY jean shorts, swag kale chips meh polaroid kogi butcher Wes Anderson chambray next level semiotics gentrify yr. Voluptate photo booth fugiat Vice. Austin sed Williamsburg, ea labore raw denim voluptate cred proident mixtape excepteur mustache. Twee chia photo booth readymade food truck, hoodie roof party swag keytar PBR DIY.\"}],[{\"key\":\"question\",\"value\":\"Is Buying On-Line Safe?\"},{\"key\":\"answer\",\"value\":\"Art party authentic freegan semiotics jean shorts chia cred. Neutra Austin roof party Brooklyn, synth Thundercats swag 8-bit photo booth. Plaid letterpress leggings craft beer meh ethical Pinterest.\"}]]]',11,'Botble\\Ecommerce\\Models\\Product','2022-01-04 21:14:17','2022-01-04 21:14:17'),(46,'is_popular','[\"1\"]',12,'Botble\\Ecommerce\\Models\\Product','2022-01-04 21:14:17','2022-01-04 21:14:17'),(47,'faq_schema_config','[[[{\"key\":\"question\",\"value\":\"What Shipping Methods Are Available?\"},{\"key\":\"answer\",\"value\":\"Ex Portland Pitchfork irure mustache. Eutra fap before they sold out literally. Aliquip ugh bicycle rights actually mlkshk, seitan squid craft beer tempor.\"}],[{\"key\":\"question\",\"value\":\"Do You Ship Internationally?\"},{\"key\":\"answer\",\"value\":\"Hoodie tote bag mixtape tofu. Typewriter jean shorts wolf quinoa, messenger bag organic freegan cray.\"}],[{\"key\":\"question\",\"value\":\"How Long Will It Take To Get My Package?\"},{\"key\":\"answer\",\"value\":\"Swag slow-carb quinoa VHS typewriter pork belly brunch, paleo single-origin coffee Wes Anderson. Flexitarian Pitchfork forage, literally paleo fap pour-over. Wes Anderson Pinterest YOLO fanny pack meggings, deep v XOXO chambray sustainable slow-carb raw denim church-key fap chillwave Etsy. +1 typewriter kitsch, American Apparel tofu Banksy Vice.\"}],[{\"key\":\"question\",\"value\":\"What Payment Methods Are Accepted?\"},{\"key\":\"answer\",\"value\":\"Fashion axe DIY jean shorts, swag kale chips meh polaroid kogi butcher Wes Anderson chambray next level semiotics gentrify yr. Voluptate photo booth fugiat Vice. Austin sed Williamsburg, ea labore raw denim voluptate cred proident mixtape excepteur mustache. Twee chia photo booth readymade food truck, hoodie roof party swag keytar PBR DIY.\"}],[{\"key\":\"question\",\"value\":\"Is Buying On-Line Safe?\"},{\"key\":\"answer\",\"value\":\"Art party authentic freegan semiotics jean shorts chia cred. Neutra Austin roof party Brooklyn, synth Thundercats swag 8-bit photo booth. Plaid letterpress leggings craft beer meh ethical Pinterest.\"}]]]',12,'Botble\\Ecommerce\\Models\\Product','2022-01-04 21:14:17','2022-01-04 21:14:17'),(48,'faq_schema_config','[[[{\"key\":\"question\",\"value\":\"What Shipping Methods Are Available?\"},{\"key\":\"answer\",\"value\":\"Ex Portland Pitchfork irure mustache. Eutra fap before they sold out literally. Aliquip ugh bicycle rights actually mlkshk, seitan squid craft beer tempor.\"}],[{\"key\":\"question\",\"value\":\"Do You Ship Internationally?\"},{\"key\":\"answer\",\"value\":\"Hoodie tote bag mixtape tofu. Typewriter jean shorts wolf quinoa, messenger bag organic freegan cray.\"}],[{\"key\":\"question\",\"value\":\"How Long Will It Take To Get My Package?\"},{\"key\":\"answer\",\"value\":\"Swag slow-carb quinoa VHS typewriter pork belly brunch, paleo single-origin coffee Wes Anderson. Flexitarian Pitchfork forage, literally paleo fap pour-over. Wes Anderson Pinterest YOLO fanny pack meggings, deep v XOXO chambray sustainable slow-carb raw denim church-key fap chillwave Etsy. +1 typewriter kitsch, American Apparel tofu Banksy Vice.\"}],[{\"key\":\"question\",\"value\":\"What Payment Methods Are Accepted?\"},{\"key\":\"answer\",\"value\":\"Fashion axe DIY jean shorts, swag kale chips meh polaroid kogi butcher Wes Anderson chambray next level semiotics gentrify yr. Voluptate photo booth fugiat Vice. Austin sed Williamsburg, ea labore raw denim voluptate cred proident mixtape excepteur mustache. Twee chia photo booth readymade food truck, hoodie roof party swag keytar PBR DIY.\"}],[{\"key\":\"question\",\"value\":\"Is Buying On-Line Safe?\"},{\"key\":\"answer\",\"value\":\"Art party authentic freegan semiotics jean shorts chia cred. Neutra Austin roof party Brooklyn, synth Thundercats swag 8-bit photo booth. Plaid letterpress leggings craft beer meh ethical Pinterest.\"}]]]',13,'Botble\\Ecommerce\\Models\\Product','2022-01-04 21:14:17','2022-01-04 21:14:17'),(49,'faq_schema_config','[[[{\"key\":\"question\",\"value\":\"What Shipping Methods Are Available?\"},{\"key\":\"answer\",\"value\":\"Ex Portland Pitchfork irure mustache. Eutra fap before they sold out literally. Aliquip ugh bicycle rights actually mlkshk, seitan squid craft beer tempor.\"}],[{\"key\":\"question\",\"value\":\"Do You Ship Internationally?\"},{\"key\":\"answer\",\"value\":\"Hoodie tote bag mixtape tofu. Typewriter jean shorts wolf quinoa, messenger bag organic freegan cray.\"}],[{\"key\":\"question\",\"value\":\"How Long Will It Take To Get My Package?\"},{\"key\":\"answer\",\"value\":\"Swag slow-carb quinoa VHS typewriter pork belly brunch, paleo single-origin coffee Wes Anderson. Flexitarian Pitchfork forage, literally paleo fap pour-over. Wes Anderson Pinterest YOLO fanny pack meggings, deep v XOXO chambray sustainable slow-carb raw denim church-key fap chillwave Etsy. +1 typewriter kitsch, American Apparel tofu Banksy Vice.\"}],[{\"key\":\"question\",\"value\":\"What Payment Methods Are Accepted?\"},{\"key\":\"answer\",\"value\":\"Fashion axe DIY jean shorts, swag kale chips meh polaroid kogi butcher Wes Anderson chambray next level semiotics gentrify yr. Voluptate photo booth fugiat Vice. Austin sed Williamsburg, ea labore raw denim voluptate cred proident mixtape excepteur mustache. Twee chia photo booth readymade food truck, hoodie roof party swag keytar PBR DIY.\"}],[{\"key\":\"question\",\"value\":\"Is Buying On-Line Safe?\"},{\"key\":\"answer\",\"value\":\"Art party authentic freegan semiotics jean shorts chia cred. Neutra Austin roof party Brooklyn, synth Thundercats swag 8-bit photo booth. Plaid letterpress leggings craft beer meh ethical Pinterest.\"}]]]',14,'Botble\\Ecommerce\\Models\\Product','2022-01-04 21:14:17','2022-01-04 21:14:17'),(50,'is_popular','[\"1\"]',15,'Botble\\Ecommerce\\Models\\Product','2022-01-04 21:14:17','2022-01-04 21:14:17'),(51,'faq_schema_config','[[[{\"key\":\"question\",\"value\":\"What Shipping Methods Are Available?\"},{\"key\":\"answer\",\"value\":\"Ex Portland Pitchfork irure mustache. Eutra fap before they sold out literally. Aliquip ugh bicycle rights actually mlkshk, seitan squid craft beer tempor.\"}],[{\"key\":\"question\",\"value\":\"Do You Ship Internationally?\"},{\"key\":\"answer\",\"value\":\"Hoodie tote bag mixtape tofu. Typewriter jean shorts wolf quinoa, messenger bag organic freegan cray.\"}],[{\"key\":\"question\",\"value\":\"How Long Will It Take To Get My Package?\"},{\"key\":\"answer\",\"value\":\"Swag slow-carb quinoa VHS typewriter pork belly brunch, paleo single-origin coffee Wes Anderson. Flexitarian Pitchfork forage, literally paleo fap pour-over. Wes Anderson Pinterest YOLO fanny pack meggings, deep v XOXO chambray sustainable slow-carb raw denim church-key fap chillwave Etsy. +1 typewriter kitsch, American Apparel tofu Banksy Vice.\"}],[{\"key\":\"question\",\"value\":\"What Payment Methods Are Accepted?\"},{\"key\":\"answer\",\"value\":\"Fashion axe DIY jean shorts, swag kale chips meh polaroid kogi butcher Wes Anderson chambray next level semiotics gentrify yr. Voluptate photo booth fugiat Vice. Austin sed Williamsburg, ea labore raw denim voluptate cred proident mixtape excepteur mustache. Twee chia photo booth readymade food truck, hoodie roof party swag keytar PBR DIY.\"}],[{\"key\":\"question\",\"value\":\"Is Buying On-Line Safe?\"},{\"key\":\"answer\",\"value\":\"Art party authentic freegan semiotics jean shorts chia cred. Neutra Austin roof party Brooklyn, synth Thundercats swag 8-bit photo booth. Plaid letterpress leggings craft beer meh ethical Pinterest.\"}]]]',15,'Botble\\Ecommerce\\Models\\Product','2022-01-04 21:14:17','2022-01-04 21:14:17'),(52,'faq_schema_config','[[[{\"key\":\"question\",\"value\":\"What Shipping Methods Are Available?\"},{\"key\":\"answer\",\"value\":\"Ex Portland Pitchfork irure mustache. Eutra fap before they sold out literally. Aliquip ugh bicycle rights actually mlkshk, seitan squid craft beer tempor.\"}],[{\"key\":\"question\",\"value\":\"Do You Ship Internationally?\"},{\"key\":\"answer\",\"value\":\"Hoodie tote bag mixtape tofu. Typewriter jean shorts wolf quinoa, messenger bag organic freegan cray.\"}],[{\"key\":\"question\",\"value\":\"How Long Will It Take To Get My Package?\"},{\"key\":\"answer\",\"value\":\"Swag slow-carb quinoa VHS typewriter pork belly brunch, paleo single-origin coffee Wes Anderson. Flexitarian Pitchfork forage, literally paleo fap pour-over. Wes Anderson Pinterest YOLO fanny pack meggings, deep v XOXO chambray sustainable slow-carb raw denim church-key fap chillwave Etsy. +1 typewriter kitsch, American Apparel tofu Banksy Vice.\"}],[{\"key\":\"question\",\"value\":\"What Payment Methods Are Accepted?\"},{\"key\":\"answer\",\"value\":\"Fashion axe DIY jean shorts, swag kale chips meh polaroid kogi butcher Wes Anderson chambray next level semiotics gentrify yr. Voluptate photo booth fugiat Vice. Austin sed Williamsburg, ea labore raw denim voluptate cred proident mixtape excepteur mustache. Twee chia photo booth readymade food truck, hoodie roof party swag keytar PBR DIY.\"}],[{\"key\":\"question\",\"value\":\"Is Buying On-Line Safe?\"},{\"key\":\"answer\",\"value\":\"Art party authentic freegan semiotics jean shorts chia cred. Neutra Austin roof party Brooklyn, synth Thundercats swag 8-bit photo booth. Plaid letterpress leggings craft beer meh ethical Pinterest.\"}]]]',16,'Botble\\Ecommerce\\Models\\Product','2022-01-04 21:14:17','2022-01-04 21:14:17'),(53,'faq_schema_config','[[[{\"key\":\"question\",\"value\":\"What Shipping Methods Are Available?\"},{\"key\":\"answer\",\"value\":\"Ex Portland Pitchfork irure mustache. Eutra fap before they sold out literally. Aliquip ugh bicycle rights actually mlkshk, seitan squid craft beer tempor.\"}],[{\"key\":\"question\",\"value\":\"Do You Ship Internationally?\"},{\"key\":\"answer\",\"value\":\"Hoodie tote bag mixtape tofu. Typewriter jean shorts wolf quinoa, messenger bag organic freegan cray.\"}],[{\"key\":\"question\",\"value\":\"How Long Will It Take To Get My Package?\"},{\"key\":\"answer\",\"value\":\"Swag slow-carb quinoa VHS typewriter pork belly brunch, paleo single-origin coffee Wes Anderson. Flexitarian Pitchfork forage, literally paleo fap pour-over. Wes Anderson Pinterest YOLO fanny pack meggings, deep v XOXO chambray sustainable slow-carb raw denim church-key fap chillwave Etsy. +1 typewriter kitsch, American Apparel tofu Banksy Vice.\"}],[{\"key\":\"question\",\"value\":\"What Payment Methods Are Accepted?\"},{\"key\":\"answer\",\"value\":\"Fashion axe DIY jean shorts, swag kale chips meh polaroid kogi butcher Wes Anderson chambray next level semiotics gentrify yr. Voluptate photo booth fugiat Vice. Austin sed Williamsburg, ea labore raw denim voluptate cred proident mixtape excepteur mustache. Twee chia photo booth readymade food truck, hoodie roof party swag keytar PBR DIY.\"}],[{\"key\":\"question\",\"value\":\"Is Buying On-Line Safe?\"},{\"key\":\"answer\",\"value\":\"Art party authentic freegan semiotics jean shorts chia cred. Neutra Austin roof party Brooklyn, synth Thundercats swag 8-bit photo booth. Plaid letterpress leggings craft beer meh ethical Pinterest.\"}]]]',17,'Botble\\Ecommerce\\Models\\Product','2022-01-04 21:14:17','2022-01-04 21:14:17'),(54,'is_popular','[\"1\"]',18,'Botble\\Ecommerce\\Models\\Product','2022-01-04 21:14:17','2022-01-04 21:14:17'),(55,'faq_schema_config','[[[{\"key\":\"question\",\"value\":\"What Shipping Methods Are Available?\"},{\"key\":\"answer\",\"value\":\"Ex Portland Pitchfork irure mustache. Eutra fap before they sold out literally. Aliquip ugh bicycle rights actually mlkshk, seitan squid craft beer tempor.\"}],[{\"key\":\"question\",\"value\":\"Do You Ship Internationally?\"},{\"key\":\"answer\",\"value\":\"Hoodie tote bag mixtape tofu. Typewriter jean shorts wolf quinoa, messenger bag organic freegan cray.\"}],[{\"key\":\"question\",\"value\":\"How Long Will It Take To Get My Package?\"},{\"key\":\"answer\",\"value\":\"Swag slow-carb quinoa VHS typewriter pork belly brunch, paleo single-origin coffee Wes Anderson. Flexitarian Pitchfork forage, literally paleo fap pour-over. Wes Anderson Pinterest YOLO fanny pack meggings, deep v XOXO chambray sustainable slow-carb raw denim church-key fap chillwave Etsy. +1 typewriter kitsch, American Apparel tofu Banksy Vice.\"}],[{\"key\":\"question\",\"value\":\"What Payment Methods Are Accepted?\"},{\"key\":\"answer\",\"value\":\"Fashion axe DIY jean shorts, swag kale chips meh polaroid kogi butcher Wes Anderson chambray next level semiotics gentrify yr. Voluptate photo booth fugiat Vice. Austin sed Williamsburg, ea labore raw denim voluptate cred proident mixtape excepteur mustache. Twee chia photo booth readymade food truck, hoodie roof party swag keytar PBR DIY.\"}],[{\"key\":\"question\",\"value\":\"Is Buying On-Line Safe?\"},{\"key\":\"answer\",\"value\":\"Art party authentic freegan semiotics jean shorts chia cred. Neutra Austin roof party Brooklyn, synth Thundercats swag 8-bit photo booth. Plaid letterpress leggings craft beer meh ethical Pinterest.\"}]]]',18,'Botble\\Ecommerce\\Models\\Product','2022-01-04 21:14:17','2022-01-04 21:14:17'),(56,'faq_schema_config','[[[{\"key\":\"question\",\"value\":\"What Shipping Methods Are Available?\"},{\"key\":\"answer\",\"value\":\"Ex Portland Pitchfork irure mustache. Eutra fap before they sold out literally. Aliquip ugh bicycle rights actually mlkshk, seitan squid craft beer tempor.\"}],[{\"key\":\"question\",\"value\":\"Do You Ship Internationally?\"},{\"key\":\"answer\",\"value\":\"Hoodie tote bag mixtape tofu. Typewriter jean shorts wolf quinoa, messenger bag organic freegan cray.\"}],[{\"key\":\"question\",\"value\":\"How Long Will It Take To Get My Package?\"},{\"key\":\"answer\",\"value\":\"Swag slow-carb quinoa VHS typewriter pork belly brunch, paleo single-origin coffee Wes Anderson. Flexitarian Pitchfork forage, literally paleo fap pour-over. Wes Anderson Pinterest YOLO fanny pack meggings, deep v XOXO chambray sustainable slow-carb raw denim church-key fap chillwave Etsy. +1 typewriter kitsch, American Apparel tofu Banksy Vice.\"}],[{\"key\":\"question\",\"value\":\"What Payment Methods Are Accepted?\"},{\"key\":\"answer\",\"value\":\"Fashion axe DIY jean shorts, swag kale chips meh polaroid kogi butcher Wes Anderson chambray next level semiotics gentrify yr. Voluptate photo booth fugiat Vice. Austin sed Williamsburg, ea labore raw denim voluptate cred proident mixtape excepteur mustache. Twee chia photo booth readymade food truck, hoodie roof party swag keytar PBR DIY.\"}],[{\"key\":\"question\",\"value\":\"Is Buying On-Line Safe?\"},{\"key\":\"answer\",\"value\":\"Art party authentic freegan semiotics jean shorts chia cred. Neutra Austin roof party Brooklyn, synth Thundercats swag 8-bit photo booth. Plaid letterpress leggings craft beer meh ethical Pinterest.\"}]]]',19,'Botble\\Ecommerce\\Models\\Product','2022-01-04 21:14:17','2022-01-04 21:14:17'),(57,'faq_schema_config','[[[{\"key\":\"question\",\"value\":\"What Shipping Methods Are Available?\"},{\"key\":\"answer\",\"value\":\"Ex Portland Pitchfork irure mustache. Eutra fap before they sold out literally. Aliquip ugh bicycle rights actually mlkshk, seitan squid craft beer tempor.\"}],[{\"key\":\"question\",\"value\":\"Do You Ship Internationally?\"},{\"key\":\"answer\",\"value\":\"Hoodie tote bag mixtape tofu. Typewriter jean shorts wolf quinoa, messenger bag organic freegan cray.\"}],[{\"key\":\"question\",\"value\":\"How Long Will It Take To Get My Package?\"},{\"key\":\"answer\",\"value\":\"Swag slow-carb quinoa VHS typewriter pork belly brunch, paleo single-origin coffee Wes Anderson. Flexitarian Pitchfork forage, literally paleo fap pour-over. Wes Anderson Pinterest YOLO fanny pack meggings, deep v XOXO chambray sustainable slow-carb raw denim church-key fap chillwave Etsy. +1 typewriter kitsch, American Apparel tofu Banksy Vice.\"}],[{\"key\":\"question\",\"value\":\"What Payment Methods Are Accepted?\"},{\"key\":\"answer\",\"value\":\"Fashion axe DIY jean shorts, swag kale chips meh polaroid kogi butcher Wes Anderson chambray next level semiotics gentrify yr. Voluptate photo booth fugiat Vice. Austin sed Williamsburg, ea labore raw denim voluptate cred proident mixtape excepteur mustache. Twee chia photo booth readymade food truck, hoodie roof party swag keytar PBR DIY.\"}],[{\"key\":\"question\",\"value\":\"Is Buying On-Line Safe?\"},{\"key\":\"answer\",\"value\":\"Art party authentic freegan semiotics jean shorts chia cred. Neutra Austin roof party Brooklyn, synth Thundercats swag 8-bit photo booth. Plaid letterpress leggings craft beer meh ethical Pinterest.\"}]]]',20,'Botble\\Ecommerce\\Models\\Product','2022-01-04 21:14:17','2022-01-04 21:14:17'),(58,'is_popular','[\"1\"]',21,'Botble\\Ecommerce\\Models\\Product','2022-01-04 21:14:17','2022-01-04 21:14:17'),(59,'faq_schema_config','[[[{\"key\":\"question\",\"value\":\"What Shipping Methods Are Available?\"},{\"key\":\"answer\",\"value\":\"Ex Portland Pitchfork irure mustache. Eutra fap before they sold out literally. Aliquip ugh bicycle rights actually mlkshk, seitan squid craft beer tempor.\"}],[{\"key\":\"question\",\"value\":\"Do You Ship Internationally?\"},{\"key\":\"answer\",\"value\":\"Hoodie tote bag mixtape tofu. Typewriter jean shorts wolf quinoa, messenger bag organic freegan cray.\"}],[{\"key\":\"question\",\"value\":\"How Long Will It Take To Get My Package?\"},{\"key\":\"answer\",\"value\":\"Swag slow-carb quinoa VHS typewriter pork belly brunch, paleo single-origin coffee Wes Anderson. Flexitarian Pitchfork forage, literally paleo fap pour-over. Wes Anderson Pinterest YOLO fanny pack meggings, deep v XOXO chambray sustainable slow-carb raw denim church-key fap chillwave Etsy. +1 typewriter kitsch, American Apparel tofu Banksy Vice.\"}],[{\"key\":\"question\",\"value\":\"What Payment Methods Are Accepted?\"},{\"key\":\"answer\",\"value\":\"Fashion axe DIY jean shorts, swag kale chips meh polaroid kogi butcher Wes Anderson chambray next level semiotics gentrify yr. Voluptate photo booth fugiat Vice. Austin sed Williamsburg, ea labore raw denim voluptate cred proident mixtape excepteur mustache. Twee chia photo booth readymade food truck, hoodie roof party swag keytar PBR DIY.\"}],[{\"key\":\"question\",\"value\":\"Is Buying On-Line Safe?\"},{\"key\":\"answer\",\"value\":\"Art party authentic freegan semiotics jean shorts chia cred. Neutra Austin roof party Brooklyn, synth Thundercats swag 8-bit photo booth. Plaid letterpress leggings craft beer meh ethical Pinterest.\"}]]]',21,'Botble\\Ecommerce\\Models\\Product','2022-01-04 21:14:17','2022-01-04 21:14:17'),(60,'faq_schema_config','[[[{\"key\":\"question\",\"value\":\"What Shipping Methods Are Available?\"},{\"key\":\"answer\",\"value\":\"Ex Portland Pitchfork irure mustache. Eutra fap before they sold out literally. Aliquip ugh bicycle rights actually mlkshk, seitan squid craft beer tempor.\"}],[{\"key\":\"question\",\"value\":\"Do You Ship Internationally?\"},{\"key\":\"answer\",\"value\":\"Hoodie tote bag mixtape tofu. Typewriter jean shorts wolf quinoa, messenger bag organic freegan cray.\"}],[{\"key\":\"question\",\"value\":\"How Long Will It Take To Get My Package?\"},{\"key\":\"answer\",\"value\":\"Swag slow-carb quinoa VHS typewriter pork belly brunch, paleo single-origin coffee Wes Anderson. Flexitarian Pitchfork forage, literally paleo fap pour-over. Wes Anderson Pinterest YOLO fanny pack meggings, deep v XOXO chambray sustainable slow-carb raw denim church-key fap chillwave Etsy. +1 typewriter kitsch, American Apparel tofu Banksy Vice.\"}],[{\"key\":\"question\",\"value\":\"What Payment Methods Are Accepted?\"},{\"key\":\"answer\",\"value\":\"Fashion axe DIY jean shorts, swag kale chips meh polaroid kogi butcher Wes Anderson chambray next level semiotics gentrify yr. Voluptate photo booth fugiat Vice. Austin sed Williamsburg, ea labore raw denim voluptate cred proident mixtape excepteur mustache. Twee chia photo booth readymade food truck, hoodie roof party swag keytar PBR DIY.\"}],[{\"key\":\"question\",\"value\":\"Is Buying On-Line Safe?\"},{\"key\":\"answer\",\"value\":\"Art party authentic freegan semiotics jean shorts chia cred. Neutra Austin roof party Brooklyn, synth Thundercats swag 8-bit photo booth. Plaid letterpress leggings craft beer meh ethical Pinterest.\"}]]]',22,'Botble\\Ecommerce\\Models\\Product','2022-01-04 21:14:17','2022-01-04 21:14:17'),(61,'faq_schema_config','[[[{\"key\":\"question\",\"value\":\"What Shipping Methods Are Available?\"},{\"key\":\"answer\",\"value\":\"Ex Portland Pitchfork irure mustache. Eutra fap before they sold out literally. Aliquip ugh bicycle rights actually mlkshk, seitan squid craft beer tempor.\"}],[{\"key\":\"question\",\"value\":\"Do You Ship Internationally?\"},{\"key\":\"answer\",\"value\":\"Hoodie tote bag mixtape tofu. Typewriter jean shorts wolf quinoa, messenger bag organic freegan cray.\"}],[{\"key\":\"question\",\"value\":\"How Long Will It Take To Get My Package?\"},{\"key\":\"answer\",\"value\":\"Swag slow-carb quinoa VHS typewriter pork belly brunch, paleo single-origin coffee Wes Anderson. Flexitarian Pitchfork forage, literally paleo fap pour-over. Wes Anderson Pinterest YOLO fanny pack meggings, deep v XOXO chambray sustainable slow-carb raw denim church-key fap chillwave Etsy. +1 typewriter kitsch, American Apparel tofu Banksy Vice.\"}],[{\"key\":\"question\",\"value\":\"What Payment Methods Are Accepted?\"},{\"key\":\"answer\",\"value\":\"Fashion axe DIY jean shorts, swag kale chips meh polaroid kogi butcher Wes Anderson chambray next level semiotics gentrify yr. Voluptate photo booth fugiat Vice. Austin sed Williamsburg, ea labore raw denim voluptate cred proident mixtape excepteur mustache. Twee chia photo booth readymade food truck, hoodie roof party swag keytar PBR DIY.\"}],[{\"key\":\"question\",\"value\":\"Is Buying On-Line Safe?\"},{\"key\":\"answer\",\"value\":\"Art party authentic freegan semiotics jean shorts chia cred. Neutra Austin roof party Brooklyn, synth Thundercats swag 8-bit photo booth. Plaid letterpress leggings craft beer meh ethical Pinterest.\"}]]]',23,'Botble\\Ecommerce\\Models\\Product','2022-01-04 21:14:17','2022-01-04 21:14:17'),(62,'is_popular','[\"1\"]',24,'Botble\\Ecommerce\\Models\\Product','2022-01-04 21:14:17','2022-01-04 21:14:17'),(63,'faq_schema_config','[[[{\"key\":\"question\",\"value\":\"What Shipping Methods Are Available?\"},{\"key\":\"answer\",\"value\":\"Ex Portland Pitchfork irure mustache. Eutra fap before they sold out literally. Aliquip ugh bicycle rights actually mlkshk, seitan squid craft beer tempor.\"}],[{\"key\":\"question\",\"value\":\"Do You Ship Internationally?\"},{\"key\":\"answer\",\"value\":\"Hoodie tote bag mixtape tofu. Typewriter jean shorts wolf quinoa, messenger bag organic freegan cray.\"}],[{\"key\":\"question\",\"value\":\"How Long Will It Take To Get My Package?\"},{\"key\":\"answer\",\"value\":\"Swag slow-carb quinoa VHS typewriter pork belly brunch, paleo single-origin coffee Wes Anderson. Flexitarian Pitchfork forage, literally paleo fap pour-over. Wes Anderson Pinterest YOLO fanny pack meggings, deep v XOXO chambray sustainable slow-carb raw denim church-key fap chillwave Etsy. +1 typewriter kitsch, American Apparel tofu Banksy Vice.\"}],[{\"key\":\"question\",\"value\":\"What Payment Methods Are Accepted?\"},{\"key\":\"answer\",\"value\":\"Fashion axe DIY jean shorts, swag kale chips meh polaroid kogi butcher Wes Anderson chambray next level semiotics gentrify yr. Voluptate photo booth fugiat Vice. Austin sed Williamsburg, ea labore raw denim voluptate cred proident mixtape excepteur mustache. Twee chia photo booth readymade food truck, hoodie roof party swag keytar PBR DIY.\"}],[{\"key\":\"question\",\"value\":\"Is Buying On-Line Safe?\"},{\"key\":\"answer\",\"value\":\"Art party authentic freegan semiotics jean shorts chia cred. Neutra Austin roof party Brooklyn, synth Thundercats swag 8-bit photo booth. Plaid letterpress leggings craft beer meh ethical Pinterest.\"}]]]',24,'Botble\\Ecommerce\\Models\\Product','2022-01-04 21:14:17','2022-01-04 21:14:17'),(64,'image','[\"flash-sales\\/1.png\"]',1,'Botble\\Ecommerce\\Models\\FlashSale','2022-01-04 21:14:24','2022-01-04 21:14:24'),(65,'image','[\"flash-sales\\/2.png\"]',2,'Botble\\Ecommerce\\Models\\FlashSale','2022-01-04 21:14:24','2022-01-04 21:14:24'),(66,'image','[\"flash-sales\\/3.png\"]',3,'Botble\\Ecommerce\\Models\\FlashSale','2022-01-04 21:14:24','2022-01-04 21:14:24'),(67,'image','[\"flash-sales\\/4.png\"]',4,'Botble\\Ecommerce\\Models\\FlashSale','2022-01-04 21:14:24','2022-01-04 21:14:24'),(68,'image','[\"flash-sales\\/5.png\"]',5,'Botble\\Ecommerce\\Models\\FlashSale','2022-01-04 21:14:24','2022-01-04 21:14:24'),(69,'vi_image','[\"flash-sales\\/1.png\"]',1,'Botble\\Ecommerce\\Models\\FlashSale','2022-01-04 21:14:24','2022-01-04 21:14:24'),(70,'vi_image','[\"flash-sales\\/2.png\"]',2,'Botble\\Ecommerce\\Models\\FlashSale','2022-01-04 21:14:24','2022-01-04 21:14:24'),(71,'vi_image','[\"flash-sales\\/3.png\"]',3,'Botble\\Ecommerce\\Models\\FlashSale','2022-01-04 21:14:24','2022-01-04 21:14:24'),(72,'vi_image','[\"flash-sales\\/4.png\"]',4,'Botble\\Ecommerce\\Models\\FlashSale','2022-01-04 21:14:24','2022-01-04 21:14:24'),(73,'vi_image','[\"flash-sales\\/5.png\"]',5,'Botble\\Ecommerce\\Models\\FlashSale','2022-01-04 21:14:24','2022-01-04 21:14:24'),(74,'simple_slider_style','[\"style-4\"]',1,'Botble\\SimpleSlider\\Models\\SimpleSlider','2022-01-04 21:14:34','2022-01-04 21:14:34'),(75,'simple_slider_style','[\"style-2\"]',2,'Botble\\SimpleSlider\\Models\\SimpleSlider','2022-01-04 21:14:34','2022-01-04 21:14:34'),(76,'simple_slider_style','[\"style-3\"]',3,'Botble\\SimpleSlider\\Models\\SimpleSlider','2022-01-04 21:14:34','2022-01-04 21:14:34'),(77,'simple_slider_style','[\"style-1\"]',4,'Botble\\SimpleSlider\\Models\\SimpleSlider','2022-01-04 21:14:34','2022-01-04 21:14:34'),(78,'simple_slider_style','[\"style-5\"]',5,'Botble\\SimpleSlider\\Models\\SimpleSlider','2022-01-04 21:14:34','2022-01-04 21:14:34'),(79,'simple_slider_style','[\"style-6\"]',6,'Botble\\SimpleSlider\\Models\\SimpleSlider','2022-01-04 21:14:34','2022-01-04 21:14:34'),(80,'simple_slider_style','[\"style-1\"]',7,'Botble\\SimpleSlider\\Models\\SimpleSlider','2022-01-04 21:14:34','2022-01-04 21:14:34'),(81,'simple_slider_style','[\"style-4\"]',8,'Botble\\SimpleSlider\\Models\\SimpleSlider','2022-01-04 21:14:34','2022-01-04 21:14:34'),(82,'simple_slider_style','[\"style-2\"]',9,'Botble\\SimpleSlider\\Models\\SimpleSlider','2022-01-04 21:14:34','2022-01-04 21:14:34'),(83,'simple_slider_style','[\"style-3\"]',10,'Botble\\SimpleSlider\\Models\\SimpleSlider','2022-01-04 21:14:34','2022-01-04 21:14:34'),(84,'simple_slider_style','[\"style-1\"]',11,'Botble\\SimpleSlider\\Models\\SimpleSlider','2022-01-04 21:14:34','2022-01-04 21:14:34'),(85,'simple_slider_style','[\"style-5\"]',12,'Botble\\SimpleSlider\\Models\\SimpleSlider','2022-01-04 21:14:34','2022-01-04 21:14:34'),(86,'simple_slider_style','[\"style-6\"]',13,'Botble\\SimpleSlider\\Models\\SimpleSlider','2022-01-04 21:14:34','2022-01-04 21:14:34'),(87,'simple_slider_style','[\"style-1\"]',14,'Botble\\SimpleSlider\\Models\\SimpleSlider','2022-01-04 21:14:34','2022-01-04 21:14:34'),(88,'layout','[\"blog-post-right-sidebar\"]',1,'Botble\\Blog\\Models\\Post','2022-01-04 21:14:42','2022-01-04 21:14:42'),(89,'layout','[\"blog-post-left-sidebar\"]',2,'Botble\\Blog\\Models\\Post','2022-01-04 21:14:42','2022-01-04 21:14:42'),(90,'layout','[\"blog-post-full-width\"]',3,'Botble\\Blog\\Models\\Post','2022-01-04 21:14:42','2022-01-04 21:14:42'),(91,'layout','[\"blog-post-full-width\"]',4,'Botble\\Blog\\Models\\Post','2022-01-04 21:14:42','2022-01-04 21:14:42'),(92,'header_style','[\"header-style-5\"]',16,'Botble\\Page\\Models\\Page','2022-01-04 21:14:43','2022-01-04 21:14:43'),(93,'header_style','[\"header-style-5\"]',17,'Botble\\Page\\Models\\Page','2022-01-04 21:14:43','2022-01-04 21:14:43'),(94,'button_text','[\"Shop now\"]',1,'Botble\\Ads\\Models\\Ads','2022-01-04 21:14:48','2022-01-04 21:14:48'),(95,'subtitle','[\"Everyday Fresh & \\nClean with Our \\nProducts\"]',1,'Botble\\Ads\\Models\\Ads','2022-01-04 21:14:48','2022-01-04 21:14:48'),(96,'button_text','[\"Shop now\"]',2,'Botble\\Ads\\Models\\Ads','2022-01-04 21:14:48','2022-01-04 21:14:48'),(97,'subtitle','[\"Make your Breakfast Healthy and Easy\"]',2,'Botble\\Ads\\Models\\Ads','2022-01-04 21:14:48','2022-01-04 21:14:48'),(98,'button_text','[\"Shop now\"]',3,'Botble\\Ads\\Models\\Ads','2022-01-04 21:14:48','2022-01-04 21:14:48'),(99,'subtitle','[\"The best Organic Products Online\"]',3,'Botble\\Ads\\Models\\Ads','2022-01-04 21:14:48','2022-01-04 21:14:48'),(100,'button_text','[\"Shop now\"]',4,'Botble\\Ads\\Models\\Ads','2022-01-04 21:14:48','2022-01-04 21:14:48'),(101,'subtitle','[\"Bring nature into your home\"]',4,'Botble\\Ads\\Models\\Ads','2022-01-04 21:14:48','2022-01-04 21:14:48'),(102,'button_text','[\"Shop now\"]',5,'Botble\\Ads\\Models\\Ads','2022-01-04 21:14:48','2022-01-04 21:14:48'),(103,'subtitle','[\"Delivered to your home\"]',5,'Botble\\Ads\\Models\\Ads','2022-01-04 21:14:48','2022-01-04 21:14:48'),(104,'button_text','[\"Shop now\"]',6,'Botble\\Ads\\Models\\Ads','2022-01-04 21:14:48','2022-01-04 21:14:48'),(105,'subtitle','[\"Save 17% <br \\/>on Oganic <br \\/>Juice\"]',6,'Botble\\Ads\\Models\\Ads','2022-01-04 21:14:48','2022-01-04 21:14:48'),(106,'button_text','[\"Shop now\"]',7,'Botble\\Ads\\Models\\Ads','2022-01-04 21:14:48','2022-01-04 21:14:48'),(107,'subtitle','[\"Everyday Fresh & Clean with Our Products\"]',7,'Botble\\Ads\\Models\\Ads','2022-01-04 21:14:48','2022-01-04 21:14:48'),(108,'button_text','[\"Shop now\"]',8,'Botble\\Ads\\Models\\Ads','2022-01-04 21:14:48','2022-01-04 21:14:48'),(109,'subtitle','[\"The best Organic Products Online\"]',8,'Botble\\Ads\\Models\\Ads','2022-01-04 21:14:48','2022-01-04 21:14:48'),(110,'button_text','[\"Go to supplier\"]',9,'Botble\\Ads\\Models\\Ads','2022-01-04 21:14:48','2022-01-04 21:14:48'),(111,'subtitle','[\"Everyday Fresh with\\n Our Products\"]',9,'Botble\\Ads\\Models\\Ads','2022-01-04 21:14:48','2022-01-04 21:14:48'),(112,'button_text','[\"Go to supplier\"]',10,'Botble\\Ads\\Models\\Ads','2022-01-04 21:14:48','2022-01-04 21:14:48'),(113,'subtitle','[\"100% guaranteed all\\n Fresh items\"]',10,'Botble\\Ads\\Models\\Ads','2022-01-04 21:14:48','2022-01-04 21:14:48'),(114,'button_text','[\"Go to supplier\"]',11,'Botble\\Ads\\Models\\Ads','2022-01-04 21:14:48','2022-01-04 21:14:48'),(115,'subtitle','[\"Special grocery sale\\n off this month\"]',11,'Botble\\Ads\\Models\\Ads','2022-01-04 21:14:48','2022-01-04 21:14:48'),(116,'button_text','[\"Go to supplier\"]',12,'Botble\\Ads\\Models\\Ads','2022-01-04 21:14:48','2022-01-04 21:14:48'),(117,'subtitle','[\"Enjoy 15% OFF for all\\n vegetable and fruit\"]',12,'Botble\\Ads\\Models\\Ads','2022-01-04 21:14:48','2022-01-04 21:14:48'),(118,'vi_subtitle','[\"S\\u1ea1ch s\\u1ebd h\\u00e0ng ng\\u00e0y v\\u1edbi \\nc\\u00e1c s\\u1ea3n ph\\u1ea9m c\\u1ee7a \\nch\\u00fang t\\u00f4i\"]',1,'Botble\\Ads\\Models\\Ads','2022-01-04 21:14:48','2022-01-04 21:14:48'),(119,'vi_button_text','[\"Mua ngay\"]',1,'Botble\\Ads\\Models\\Ads','2022-01-04 21:14:48','2022-01-04 21:14:48'),(120,'vi_subtitle','[\"N\\u1eabu b\\u1eefa s\\u00e1ng c\\u1ee7a b\\u1ea1n l\\u00e0nh m\\u1ea1nh v\\u00e0 d\\u1ec5 d\\u00e0ng\"]',2,'Botble\\Ads\\Models\\Ads','2022-01-04 21:14:48','2022-01-04 21:14:48'),(121,'vi_button_text','[\"Mua ngay\"]',2,'Botble\\Ads\\Models\\Ads','2022-01-04 21:14:48','2022-01-04 21:14:48'),(122,'vi_subtitle','[\"C\\u00e1c s\\u1ea3n ph\\u1ea9m h\\u1eefu c\\u01a1 t\\u1ed1t nh\\u1ea5t tr\\u1ef1c tuy\\u1ebfn\"]',3,'Botble\\Ads\\Models\\Ads','2022-01-04 21:14:48','2022-01-04 21:14:48'),(123,'vi_button_text','[\"Mua ngay\"]',3,'Botble\\Ads\\Models\\Ads','2022-01-04 21:14:48','2022-01-04 21:14:48'),(124,'vi_subtitle','[\"Mang thi\\u00ean nhi\\u00ean v\\u00e0o ng\\u00f4i nh\\u00e0 c\\u1ee7a b\\u1ea1n\"]',4,'Botble\\Ads\\Models\\Ads','2022-01-04 21:14:48','2022-01-04 21:14:48'),(125,'vi_button_text','[\"Mua ngay\"]',4,'Botble\\Ads\\Models\\Ads','2022-01-04 21:14:48','2022-01-04 21:14:48'),(126,'vi_subtitle','[\"Giao t\\u1eadn nh\\u00e0\"]',5,'Botble\\Ads\\Models\\Ads','2022-01-04 21:14:48','2022-01-04 21:14:48'),(127,'vi_button_text','[\"Mua ngay\"]',5,'Botble\\Ads\\Models\\Ads','2022-01-04 21:14:48','2022-01-04 21:14:48'),(128,'vi_subtitle','[\"Ti\\u1ebft ki\\u1ec7m 17% <br \\/> khi mua N\\u01b0\\u1edbc \\u00e9p <br \\/> Oganic\"]',6,'Botble\\Ads\\Models\\Ads','2022-01-04 21:14:48','2022-01-04 21:14:48'),(129,'vi_button_text','[\"Mua ngay\"]',6,'Botble\\Ads\\Models\\Ads','2022-01-04 21:14:48','2022-01-04 21:14:48'),(130,'vi_subtitle','[\"T\\u01b0\\u01a1i v\\u00e0 S\\u1ea1ch h\\u00e0ng ng\\u00e0y v\\u1edbi c\\u00e1c s\\u1ea3n ph\\u1ea9m c\\u1ee7a ch\\u00fang t\\u00f4i\"]',7,'Botble\\Ads\\Models\\Ads','2022-01-04 21:14:48','2022-01-04 21:14:48'),(131,'vi_button_text','[\"Shop now\"]',7,'Botble\\Ads\\Models\\Ads','2022-01-04 21:14:48','2022-01-04 21:14:48'),(132,'vi_subtitle','[\"C\\u00e1c s\\u1ea3n ph\\u1ea9m h\\u1eefu c\\u01a1 t\\u1ed1t nh\\u1ea5t tr\\u1ef1c tuy\\u1ebfn\"]',8,'Botble\\Ads\\Models\\Ads','2022-01-04 21:14:48','2022-01-04 21:14:48'),(133,'vi_button_text','[\"Shop now\"]',8,'Botble\\Ads\\Models\\Ads','2022-01-04 21:14:48','2022-01-04 21:14:48'),(134,'vi_subtitle','[\"T\\u01b0\\u01a1i m\\u1edbi m\\u1ed7i ng\\u00e0y v\\u1edbi\\n c\\u00e1c s\\u1ea3n ph\\u1ea9m c\\u1ee7a ch\\u00fang t\\u00f4i\"]',9,'Botble\\Ads\\Models\\Ads','2022-01-04 21:14:48','2022-01-04 21:14:48'),(135,'vi_button_text','[\"\\u0110i \\u0111\\u1ebfn nh\\u00e0 cung c\\u1ea5p\"]',9,'Botble\\Ads\\Models\\Ads','2022-01-04 21:14:48','2022-01-04 21:14:48'),(136,'vi_subtitle','[\"100% \\u0111\\u1ea3m b\\u1ea3o t\\u1ea5t c\\u1ea3\\n c\\u00e1c m\\u1eb7t h\\u00e0ng t\\u01b0\\u01a1i\"]',10,'Botble\\Ads\\Models\\Ads','2022-01-04 21:14:48','2022-01-04 21:14:48'),(137,'vi_button_text','[\"\\u0110i \\u0111\\u1ebfn nh\\u00e0 cung c\\u1ea5p\"]',10,'Botble\\Ads\\Models\\Ads','2022-01-04 21:14:48','2022-01-04 21:14:48'),(138,'vi_subtitle','[\"Gi\\u1ea3m gi\\u00e1 h\\u00e0ng t\\u1ea1p h\\u00f3a\\n \\u0111\\u1eb7c bi\\u1ec7t trong th\\u00e1ng n\\u00e0y\"]',11,'Botble\\Ads\\Models\\Ads','2022-01-04 21:14:48','2022-01-04 21:14:48'),(139,'vi_button_text','[\"\\u0110i \\u0111\\u1ebfn nh\\u00e0 cung c\\u1ea5p\"]',11,'Botble\\Ads\\Models\\Ads','2022-01-04 21:14:48','2022-01-04 21:14:48'),(140,'vi_subtitle','[\"GI\\u1ea2M GI\\u00c1 15% cho t\\u1ea5t c\\u1ea3\\n rau v\\u00e0 tr\\u00e1i c\\u00e2y\"]',12,'Botble\\Ads\\Models\\Ads','2022-01-04 21:14:48','2022-01-04 21:14:48'),(141,'vi_button_text','[\"\\u0110i \\u0111\\u1ebfn nh\\u00e0 cung c\\u1ea5p\"]',12,'Botble\\Ads\\Models\\Ads','2022-01-04 21:14:48','2022-01-04 21:14:48'),(142,'social_links','[{\"facebook\":\"botble\",\"twitter\":\"botble\"}]',1,'Botble\\Marketplace\\Models\\Store','2022-01-04 21:14:57','2022-01-04 21:14:57'),(143,'social_links','[{\"facebook\":\"botble\",\"twitter\":\"botble\"}]',2,'Botble\\Marketplace\\Models\\Store','2022-01-04 21:14:57','2022-01-04 21:14:57'),(144,'social_links','[{\"facebook\":\"botble\",\"twitter\":\"botble\"}]',3,'Botble\\Marketplace\\Models\\Store','2022-01-04 21:14:57','2022-01-04 21:14:57'),(145,'social_links','[{\"facebook\":\"botble\",\"twitter\":\"botble\"}]',4,'Botble\\Marketplace\\Models\\Store','2022-01-04 21:14:57','2022-01-04 21:14:57'),(146,'social_links','[{\"facebook\":\"botble\",\"twitter\":\"botble\"}]',5,'Botble\\Marketplace\\Models\\Store','2022-01-04 21:14:57','2022-01-04 21:14:57');
/*!40000 ALTER TABLE `meta_boxes` ENABLE KEYS */;
UNLOCK TABLES;

--
-- Table structure for table `migrations`
--

DROP TABLE IF EXISTS `migrations`;
/*!40101 SET @saved_cs_client     = @@character_set_client */;
/*!40101 SET character_set_client = utf8 */;
CREATE TABLE `migrations` (
  `id` int(10) unsigned NOT NULL AUTO_INCREMENT,
  `migration` varchar(191) COLLATE utf8mb4_unicode_ci NOT NULL,
  `batch` int(11) NOT NULL,
  PRIMARY KEY (`id`)
) ENGINE=InnoDB AUTO_INCREMENT=69 DEFAULT CHARSET=utf8mb4 COLLATE=utf8mb4_unicode_ci;
/*!40101 SET character_set_client = @saved_cs_client */;

--
-- Dumping data for table `migrations`
--

LOCK TABLES `migrations` WRITE;
/*!40000 ALTER TABLE `migrations` DISABLE KEYS */;
INSERT INTO `migrations` VALUES (1,'2013_04_09_032329_create_base_tables',1),(2,'2013_04_09_062329_create_revisions_table',1),(3,'2014_10_12_000000_create_users_table',1),(4,'2014_10_12_100000_create_password_resets_table',1),(5,'2015_06_18_033822_create_blog_table',1),(6,'2015_06_29_025744_create_audit_history',1),(7,'2016_06_10_230148_create_acl_tables',1),(8,'2016_06_14_230857_create_menus_table',1),(9,'2016_06_17_091537_create_contacts_table',1),(10,'2016_06_28_221418_create_pages_table',1),(11,'2016_10_03_032336_create_languages_table',1),(12,'2016_10_05_074239_create_setting_table',1),(13,'2016_10_07_193005_create_translations_table',1),(14,'2016_11_28_032840_create_dashboard_widget_tables',1),(15,'2016_12_16_084601_create_widgets_table',1),(16,'2017_05_09_070343_create_media_tables',1),(17,'2017_05_18_080441_create_payment_tables',1),(18,'2017_07_11_140018_create_simple_slider_table',1),(19,'2017_10_24_154832_create_newsletter_table',1),(20,'2017_11_03_070450_create_slug_table',1),(21,'2018_07_09_221238_create_faq_table',1),(22,'2019_01_05_053554_create_jobs_table',1),(23,'2019_08_19_000000_create_failed_jobs_table',1),(24,'2020_03_05_041139_create_ecommerce_tables',1),(25,'2020_09_22_135635_update_taxes_table',1),(26,'2020_09_29_101006_add_views_into_ec_products_table',1),(27,'2020_10_01_152311_make_column_image_in_product_attributes_table_nullable',1),(28,'2020_10_06_073439_improve_ecommerce_database',1),(29,'2020_11_01_040415_update_table_ec_order_addresses',1),(30,'2020_11_04_091510_make_column_phone_in_order_addresses_nullable',1),(31,'2020_11_18_150916_ads_create_ads_table',1),(32,'2020_11_30_015801_update_table_ec_product_categories',1),(33,'2021_01_01_044147_ecommerce_create_flash_sale_table',1),(34,'2021_01_17_082713_add_column_is_featured_to_product_collections_table',1),(35,'2021_01_18_024333_add_zip_code_into_table_customer_addresses',1),(36,'2021_02_16_092633_remove_default_value_for_author_type',1),(37,'2021_02_18_073505_update_table_ec_reviews',1),(38,'2021_03_10_024419_add_column_confirmed_at_to_table_ec_customers',1),(39,'2021_03_10_025153_change_column_tax_amount',1),(40,'2021_03_20_033103_add_column_availability_to_table_ec_products',1),(41,'2021_03_27_144913_add_customer_type_into_table_payments',1),(42,'2021_04_28_074008_ecommerce_create_product_label_table',1),(43,'2021_05_24_034720_make_column_currency_nullable',1),(44,'2021_05_31_173037_ecommerce_create_ec_products_translations',1),(45,'2021_06_28_153141_correct_slugs_data',1),(46,'2021_07_06_030002_create_marketplace_table',1),(47,'2021_08_09_161302_add_metadata_column_to_payments_table',1),(48,'2021_08_17_105016_remove_column_currency_id_in_some_tables',1),(49,'2021_08_30_142128_add_images_column_to_ec_reviews_table',1),(50,'2021_09_01_115151_remove_unused_fields_in_ec_products',1),(51,'2021_09_04_150137_add_vendor_verified_at_to_ec_customers_table',1),(52,'2021_10_04_030050_add_column_created_by_to_table_ec_products',1),(53,'2021_10_04_033903_add_column_approved_by_into_table_ec_products',1),(54,'2021_10_05_122616_add_status_column_to_ec_customers_table',1),(55,'2021_10_06_124943_add_transaction_id_column_to_mp_customer_withdrawals_table',1),(56,'2021_10_10_054216_add_columns_to_mp_customer_revenues_table',1),(57,'2021_10_19_020859_update_metadata_field',1),(58,'2021_10_25_021023_fix-priority-load-for-language-advanced',1),(59,'2021_11_03_025806_nullable_phone_number_in_ec_customer_addresses',1),(60,'2021_11_23_071403_correct_languages_for_product_variations',1),(61,'2021_11_28_031808_add_product_tags_translations',1),(62,'2021_12_01_031123_add_featured_image_to_ec_products',1),(63,'2021_12_02_035301_add_ads_translations_table',1),(64,'2021_12_03_030600_create_blog_translations',1),(65,'2021_12_03_075608_create_page_translations',1),(66,'2021_12_03_082134_create_faq_translations',1),(67,'2021_12_06_031304_update_table_mp_customer_revenues',1),(68,'2022_01_01_033107_update_table_ec_shipments',1);
/*!40000 ALTER TABLE `migrations` ENABLE KEYS */;
UNLOCK TABLES;

--
-- Table structure for table `mp_customer_revenues`
--

DROP TABLE IF EXISTS `mp_customer_revenues`;
/*!40101 SET @saved_cs_client     = @@character_set_client */;
/*!40101 SET character_set_client = utf8 */;
CREATE TABLE `mp_customer_revenues` (
  `id` bigint(20) unsigned NOT NULL AUTO_INCREMENT,
  `customer_id` int(10) unsigned DEFAULT NULL,
  `order_id` int(10) unsigned DEFAULT NULL,
  `sub_amount` decimal(15,2) DEFAULT 0.00,
  `fee` decimal(15,2) unsigned DEFAULT 0.00,
  `amount` decimal(15,2) DEFAULT 0.00,
  `current_balance` decimal(15,2) DEFAULT 0.00,
  `currency` varchar(120) COLLATE utf8mb4_unicode_ci DEFAULT NULL,
  `description` text COLLATE utf8mb4_unicode_ci DEFAULT NULL,
  `created_at` timestamp NULL DEFAULT NULL,
  `updated_at` timestamp NULL DEFAULT NULL,
  `user_id` int(10) unsigned NOT NULL DEFAULT 0,
  `type` varchar(60) COLLATE utf8mb4_unicode_ci DEFAULT NULL,
  PRIMARY KEY (`id`)
) ENGINE=InnoDB AUTO_INCREMENT=20 DEFAULT CHARSET=utf8mb4 COLLATE=utf8mb4_unicode_ci;
/*!40101 SET character_set_client = @saved_cs_client */;

--
-- Dumping data for table `mp_customer_revenues`
--

LOCK TABLES `mp_customer_revenues` WRITE;
/*!40000 ALTER TABLE `mp_customer_revenues` DISABLE KEYS */;
INSERT INTO `mp_customer_revenues` VALUES (1,3,1,380.30,0.00,380.30,0.00,'USD',NULL,'2022-01-03 13:14:58','2022-01-03 13:14:58',0,NULL),(2,7,2,140.80,0.00,140.80,0.00,'USD',NULL,'2022-01-03 09:14:59','2022-01-03 09:14:59',0,NULL),(3,2,5,139.50,0.00,139.50,0.00,'USD',NULL,'2021-12-31 09:14:59','2021-12-31 09:14:59',0,NULL),(4,7,8,396.80,0.00,396.80,140.80,'USD',NULL,'2021-12-31 09:14:59','2021-12-31 09:14:59',0,NULL),(5,8,12,615.90,0.00,615.90,0.00,'USD',NULL,'2022-01-02 17:14:59','2022-01-02 17:14:59',0,NULL),(6,7,14,894.50,0.00,894.50,537.60,'USD',NULL,'2021-12-23 09:14:59','2021-12-23 09:14:59',0,NULL),(7,8,19,137.50,0.00,137.50,615.90,'USD',NULL,'2021-12-19 05:14:59','2021-12-19 05:14:59',0,NULL),(8,2,21,136.40,0.00,136.40,139.50,'USD',NULL,'2021-12-19 09:14:59','2021-12-19 09:14:59',0,NULL),(9,7,28,535.40,0.00,535.40,1432.10,'USD',NULL,'2021-12-14 03:15:00','2021-12-14 03:15:00',0,NULL),(10,3,29,254.10,0.00,254.10,380.30,'USD',NULL,'2021-12-25 21:15:00','2021-12-25 21:15:00',0,NULL),(11,8,34,247.50,0.00,247.50,753.40,'USD',NULL,'2022-01-01 23:15:00','2022-01-01 23:15:00',0,NULL),(12,3,35,231.00,0.00,231.00,634.40,'USD',NULL,'2021-12-17 21:15:00','2021-12-17 21:15:00',0,NULL),(13,2,37,94.50,0.00,94.50,275.90,'USD',NULL,'2021-12-23 05:15:00','2021-12-23 05:15:00',0,NULL),(14,3,38,612.40,0.00,612.40,865.40,'USD',NULL,'2021-12-09 21:15:00','2021-12-09 21:15:00',0,NULL),(15,7,42,867.80,0.00,867.80,1967.50,'USD',NULL,'2022-01-01 07:15:00','2022-01-01 07:15:00',0,NULL),(16,10,43,378.20,0.00,378.20,0.00,'USD',NULL,'2021-12-10 05:15:01','2021-12-10 05:15:01',0,NULL),(17,8,44,239.40,0.00,239.40,1000.90,'USD',NULL,'2021-12-24 15:15:01','2021-12-24 15:15:01',0,NULL),(18,3,46,133.10,0.00,133.10,1477.80,'USD',NULL,'2021-12-08 11:15:01','2021-12-08 11:15:01',0,NULL),(19,7,48,772.90,0.00,772.90,2835.30,'USD',NULL,'2021-12-19 13:15:01','2021-12-19 13:15:01',0,NULL);
/*!40000 ALTER TABLE `mp_customer_revenues` ENABLE KEYS */;
UNLOCK TABLES;

--
-- Table structure for table `mp_customer_withdrawals`
--

DROP TABLE IF EXISTS `mp_customer_withdrawals`;
/*!40101 SET @saved_cs_client     = @@character_set_client */;
/*!40101 SET character_set_client = utf8 */;
CREATE TABLE `mp_customer_withdrawals` (
  `id` bigint(20) unsigned NOT NULL AUTO_INCREMENT,
  `customer_id` int(10) unsigned DEFAULT NULL,
  `fee` decimal(15,2) unsigned DEFAULT 0.00,
  `amount` decimal(15,2) unsigned DEFAULT 0.00,
  `current_balance` decimal(15,2) unsigned DEFAULT 0.00,
  `currency` varchar(120) COLLATE utf8mb4_unicode_ci DEFAULT NULL,
  `description` text COLLATE utf8mb4_unicode_ci DEFAULT NULL,
  `bank_info` text COLLATE utf8mb4_unicode_ci DEFAULT NULL,
  `payment_channel` varchar(60) COLLATE utf8mb4_unicode_ci DEFAULT NULL,
  `user_id` int(10) unsigned NOT NULL DEFAULT 0,
  `status` varchar(60) COLLATE utf8mb4_unicode_ci NOT NULL DEFAULT 'pending',
  `images` text COLLATE utf8mb4_unicode_ci DEFAULT NULL,
  `created_at` timestamp NULL DEFAULT NULL,
  `updated_at` timestamp NULL DEFAULT NULL,
  `transaction_id` varchar(60) COLLATE utf8mb4_unicode_ci DEFAULT NULL,
  PRIMARY KEY (`id`)
) ENGINE=InnoDB AUTO_INCREMENT=16 DEFAULT CHARSET=utf8mb4 COLLATE=utf8mb4_unicode_ci;
/*!40101 SET character_set_client = @saved_cs_client */;

--
-- Dumping data for table `mp_customer_withdrawals`
--

LOCK TABLES `mp_customer_withdrawals` WRITE;
/*!40000 ALTER TABLE `mp_customer_withdrawals` DISABLE KEYS */;
INSERT INTO `mp_customer_withdrawals` VALUES (1,2,0.00,52.00,370.40,'USD','','{\"name\":\"Virginie Gorczany\",\"number\":\"+12548960246\",\"full_name\":\"Burley Glover\",\"description\":\"Selmer Reichel\"}',NULL,0,'completed',NULL,'2022-01-04 21:15:01','2022-01-04 21:15:01',NULL),(2,2,0.00,63.00,318.40,'USD','','{\"name\":\"Virginie Gorczany\",\"number\":\"+12548960246\",\"full_name\":\"Burley Glover\",\"description\":\"Selmer Reichel\"}',NULL,0,'pending',NULL,'2022-01-04 21:15:01','2022-01-04 21:15:01',NULL),(3,2,0.00,73.00,255.40,'USD','','{\"name\":\"Virginie Gorczany\",\"number\":\"+12548960246\",\"full_name\":\"Burley Glover\",\"description\":\"Selmer Reichel\"}',NULL,0,'processing',NULL,'2022-01-04 21:15:01','2022-01-04 21:15:01',NULL),(4,2,0.00,35.00,182.40,'USD','','{\"name\":\"Virginie Gorczany\",\"number\":\"+12548960246\",\"full_name\":\"Burley Glover\",\"description\":\"Selmer Reichel\"}',NULL,0,'pending',NULL,'2022-01-04 21:15:02','2022-01-04 21:15:02',NULL),(5,3,0.00,332.00,1610.90,'USD','','{\"name\":\"Casper Connelly\",\"number\":\"+18658579322\",\"full_name\":\"Mrs. Zula Hyatt DVM\",\"description\":\"Kelsi Stokes\"}',NULL,0,'completed',NULL,'2022-01-04 21:15:02','2022-01-04 21:15:02',NULL),(6,3,0.00,165.00,1278.90,'USD','','{\"name\":\"Casper Connelly\",\"number\":\"+18658579322\",\"full_name\":\"Mrs. Zula Hyatt DVM\",\"description\":\"Kelsi Stokes\"}',NULL,0,'completed',NULL,'2022-01-04 21:15:02','2022-01-04 21:15:02',NULL),(7,7,0.00,265.00,3608.20,'USD','','{\"name\":\"Corrine Walsh\",\"number\":\"+16516809769\",\"full_name\":\"Prof. Hyman Abshire\",\"description\":\"Prof. Jett Mueller III\"}',NULL,0,'completed',NULL,'2022-01-04 21:15:02','2022-01-04 21:15:02',NULL),(8,7,0.00,1042.00,3343.20,'USD','','{\"name\":\"Corrine Walsh\",\"number\":\"+16516809769\",\"full_name\":\"Prof. Hyman Abshire\",\"description\":\"Prof. Jett Mueller III\"}',NULL,0,'pending',NULL,'2022-01-04 21:15:02','2022-01-04 21:15:02',NULL),(9,7,0.00,399.00,2301.20,'USD','','{\"name\":\"Corrine Walsh\",\"number\":\"+16516809769\",\"full_name\":\"Prof. Hyman Abshire\",\"description\":\"Prof. Jett Mueller III\"}',NULL,0,'pending',NULL,'2022-01-04 21:15:02','2022-01-04 21:15:02',NULL),(10,8,0.00,121.00,1240.30,'USD','','{\"name\":\"Emiliano Corkery\",\"number\":\"+16783875586\",\"full_name\":\"Mike Kovacek\",\"description\":\"Prof. Loma Purdy\"}',NULL,0,'pending',NULL,'2022-01-04 21:15:02','2022-01-04 21:15:02',NULL),(11,8,0.00,276.00,1119.30,'USD','','{\"name\":\"Emiliano Corkery\",\"number\":\"+16783875586\",\"full_name\":\"Mike Kovacek\",\"description\":\"Prof. Loma Purdy\"}',NULL,0,'pending',NULL,'2022-01-04 21:15:02','2022-01-04 21:15:02',NULL),(12,8,0.00,64.00,843.30,'USD','','{\"name\":\"Emiliano Corkery\",\"number\":\"+16783875586\",\"full_name\":\"Mike Kovacek\",\"description\":\"Prof. Loma Purdy\"}',NULL,0,'completed',NULL,'2022-01-04 21:15:03','2022-01-04 21:15:03',NULL),(13,10,0.00,93.00,378.20,'USD','','{\"name\":\"Yesenia Orn\",\"number\":\"+19803515603\",\"full_name\":\"Arne Grady PhD\",\"description\":\"Laurel Heidenreich\"}',NULL,0,'pending',NULL,'2022-01-04 21:15:03','2022-01-04 21:15:03',NULL),(14,10,0.00,6.00,285.20,'USD','','{\"name\":\"Yesenia Orn\",\"number\":\"+19803515603\",\"full_name\":\"Arne Grady PhD\",\"description\":\"Laurel Heidenreich\"}',NULL,0,'pending',NULL,'2022-01-04 21:15:03','2022-01-04 21:15:03',NULL),(15,10,0.00,13.00,279.20,'USD','','{\"name\":\"Yesenia Orn\",\"number\":\"+19803515603\",\"full_name\":\"Arne Grady PhD\",\"description\":\"Laurel Heidenreich\"}',NULL,0,'pending',NULL,'2022-01-04 21:15:03','2022-01-04 21:15:03',NULL);
/*!40000 ALTER TABLE `mp_customer_withdrawals` ENABLE KEYS */;
UNLOCK TABLES;

--
-- Table structure for table `mp_stores`
--

DROP TABLE IF EXISTS `mp_stores`;
/*!40101 SET @saved_cs_client     = @@character_set_client */;
/*!40101 SET character_set_client = utf8 */;
CREATE TABLE `mp_stores` (
  `id` bigint(20) unsigned NOT NULL AUTO_INCREMENT,
  `name` varchar(255) COLLATE utf8mb4_unicode_ci NOT NULL,
  `email` varchar(60) COLLATE utf8mb4_unicode_ci DEFAULT NULL,
  `phone` varchar(20) COLLATE utf8mb4_unicode_ci DEFAULT NULL,
  `address` varchar(255) COLLATE utf8mb4_unicode_ci DEFAULT NULL,
  `country` varchar(120) COLLATE utf8mb4_unicode_ci DEFAULT NULL,
  `state` varchar(120) COLLATE utf8mb4_unicode_ci DEFAULT NULL,
  `city` varchar(120) COLLATE utf8mb4_unicode_ci DEFAULT NULL,
  `customer_id` int(10) unsigned DEFAULT NULL,
  `logo` varchar(255) COLLATE utf8mb4_unicode_ci DEFAULT NULL,
  `description` varchar(400) COLLATE utf8mb4_unicode_ci DEFAULT NULL,
  `content` longtext COLLATE utf8mb4_unicode_ci DEFAULT NULL,
  `status` varchar(60) COLLATE utf8mb4_unicode_ci NOT NULL DEFAULT 'published',
  `vendor_verified_at` datetime DEFAULT NULL,
  `created_at` timestamp NULL DEFAULT NULL,
  `updated_at` timestamp NULL DEFAULT NULL,
  PRIMARY KEY (`id`)
) ENGINE=InnoDB AUTO_INCREMENT=6 DEFAULT CHARSET=utf8mb4 COLLATE=utf8mb4_unicode_ci;
/*!40101 SET character_set_client = @saved_cs_client */;

--
-- Dumping data for table `mp_stores`
--

LOCK TABLES `mp_stores` WRITE;
/*!40000 ALTER TABLE `mp_stores` DISABLE KEYS */;
INSERT INTO `mp_stores` VALUES (1,'GoPro','darius.mann@example.org','+15408057350','24812 Bode Flat Suite 526','ZW','Florida','Blandaville',2,'stores/1.png','Earum aspernatur sint modi dignissimos minus.','Cumque et veniam et sed sit. Repellat aut aut sequi nulla eum maiores enim veritatis. Ut omnis est ut velit. Dignissimos et quia ut.','published',NULL,'2022-01-04 21:14:57','2022-01-04 21:14:57'),(2,'Global Office','jasper.kovacek@example.com','+15513056364','572 Okuneva Lake Suite 178','FK','Michigan','Schoenhaven',3,'stores/2.png','Non ab error eligendi.','Tenetur vitae in at porro id dicta. Accusamus sint quam nesciunt magni quis consectetur. Laudantium veritatis id facere voluptatibus et quam.','published',NULL,'2022-01-04 21:14:57','2022-01-04 21:14:57'),(3,'Young Shop','bode.susana@example.net','+17433706804','37013 Huels Prairie','LC','Oklahoma','Norbertoland',7,'stores/3.png','Expedita nesciunt et quasi consectetur.','Vel officiis id voluptatem inventore vero iusto. Pariatur est aliquid omnis. Qui ipsam animi quia quam qui quia quae.','published',NULL,'2022-01-04 21:14:57','2022-01-04 21:14:57'),(4,'Global Store','mkuphal@example.org','+12604225683','7125 Wuckert Village Apt. 100','MK','Michigan','Strackeland',8,'stores/4.png','Ut velit quidem sit rerum sunt ex quidem.','Quis suscipit occaecati molestiae distinctio in. Amet ea dolores sit est. Quia eius excepturi quia voluptate numquam. Omnis est adipisci qui dolor.','published',NULL,'2022-01-04 21:14:57','2022-01-04 21:14:57'),(5,'Robert’s Store','mckenna.gulgowski@example.com','+17814893617','1822 Toney Lane','BI','Washington','New River',10,'stores/5.png','Nemo illo placeat commodi possimus.','Impedit in ex sunt eum. Mollitia aperiam iusto aut enim qui. At qui quidem ipsam dolorum.','published',NULL,'2022-01-04 21:14:57','2022-01-04 21:14:57');
/*!40000 ALTER TABLE `mp_stores` ENABLE KEYS */;
UNLOCK TABLES;

--
-- Table structure for table `mp_vendor_info`
--

DROP TABLE IF EXISTS `mp_vendor_info`;
/*!40101 SET @saved_cs_client     = @@character_set_client */;
/*!40101 SET character_set_client = utf8 */;
CREATE TABLE `mp_vendor_info` (
  `id` bigint(20) unsigned NOT NULL AUTO_INCREMENT,
  `customer_id` int(10) unsigned NOT NULL DEFAULT 0,
  `balance` decimal(15,2) NOT NULL DEFAULT 0.00,
  `total_fee` decimal(15,2) NOT NULL DEFAULT 0.00,
  `total_revenue` decimal(15,2) NOT NULL DEFAULT 0.00,
  `signature` varchar(255) COLLATE utf8mb4_unicode_ci DEFAULT NULL,
  `bank_info` text COLLATE utf8mb4_unicode_ci DEFAULT NULL,
  `created_at` timestamp NULL DEFAULT NULL,
  `updated_at` timestamp NULL DEFAULT NULL,
  PRIMARY KEY (`id`)
) ENGINE=InnoDB AUTO_INCREMENT=6 DEFAULT CHARSET=utf8mb4 COLLATE=utf8mb4_unicode_ci;
/*!40101 SET character_set_client = @saved_cs_client */;

--
-- Dumping data for table `mp_vendor_info`
--

LOCK TABLES `mp_vendor_info` WRITE;
/*!40000 ALTER TABLE `mp_vendor_info` DISABLE KEYS */;
INSERT INTO `mp_vendor_info` VALUES (1,2,147.40,0.00,370.40,'$2y$10$GlJ9HlXTzlSJXBLgWA6AHOOkvO04FmpA1pnKTtemzI9xpfqQu6PM2','{\"name\":\"Virginie Gorczany\",\"number\":\"+12548960246\",\"full_name\":\"Burley Glover\",\"description\":\"Selmer Reichel\"}','2022-01-04 21:14:57','2022-01-04 21:15:02'),(2,3,1113.90,0.00,1610.90,'$2y$10$SXzAbgYeWGSQlbP8CbB.zu7SG3jDi.7HzZrqldoYpkJ9Qfy7TWNMa','{\"name\":\"Casper Connelly\",\"number\":\"+18658579322\",\"full_name\":\"Mrs. Zula Hyatt DVM\",\"description\":\"Kelsi Stokes\"}','2022-01-04 21:14:57','2022-01-04 21:15:02'),(3,7,1902.20,0.00,3608.20,'$2y$10$hk7vYUn8lLiT5FsRHuQyiOUOwflWisiHzmpkXEeeuZEcBcccSzYvm','{\"name\":\"Corrine Walsh\",\"number\":\"+16516809769\",\"full_name\":\"Prof. Hyman Abshire\",\"description\":\"Prof. Jett Mueller III\"}','2022-01-04 21:14:57','2022-01-04 21:15:02'),(4,8,779.30,0.00,1240.30,'$2y$10$OXO9Guqx02q6puktR5.JxOA6kYoaPmBE.9UfD8FkAmqJW5pYT5b.a','{\"name\":\"Emiliano Corkery\",\"number\":\"+16783875586\",\"full_name\":\"Mike Kovacek\",\"description\":\"Prof. Loma Purdy\"}','2022-01-04 21:14:57','2022-01-04 21:15:03'),(5,10,266.20,0.00,378.20,'$2y$10$DChIZ8AarsnR2kcqCrOcB.Jn5DB01PhKPsdZNAQ6mB/yywGd4YMxC','{\"name\":\"Yesenia Orn\",\"number\":\"+19803515603\",\"full_name\":\"Arne Grady PhD\",\"description\":\"Laurel Heidenreich\"}','2022-01-04 21:14:57','2022-01-04 21:15:03');
/*!40000 ALTER TABLE `mp_vendor_info` ENABLE KEYS */;
UNLOCK TABLES;

--
-- Table structure for table `newsletters`
--

DROP TABLE IF EXISTS `newsletters`;
/*!40101 SET @saved_cs_client     = @@character_set_client */;
/*!40101 SET character_set_client = utf8 */;
CREATE TABLE `newsletters` (
  `id` bigint(20) unsigned NOT NULL AUTO_INCREMENT,
  `email` varchar(120) COLLATE utf8mb4_unicode_ci NOT NULL,
  `name` varchar(120) COLLATE utf8mb4_unicode_ci DEFAULT NULL,
  `status` varchar(60) COLLATE utf8mb4_unicode_ci NOT NULL DEFAULT 'subscribed',
  `created_at` timestamp NULL DEFAULT NULL,
  `updated_at` timestamp NULL DEFAULT NULL,
  PRIMARY KEY (`id`)
) ENGINE=InnoDB DEFAULT CHARSET=utf8mb4 COLLATE=utf8mb4_unicode_ci;
/*!40101 SET character_set_client = @saved_cs_client */;

--
-- Dumping data for table `newsletters`
--

LOCK TABLES `newsletters` WRITE;
/*!40000 ALTER TABLE `newsletters` DISABLE KEYS */;
/*!40000 ALTER TABLE `newsletters` ENABLE KEYS */;
UNLOCK TABLES;

--
-- Table structure for table `pages`
--

DROP TABLE IF EXISTS `pages`;
/*!40101 SET @saved_cs_client     = @@character_set_client */;
/*!40101 SET character_set_client = utf8 */;
CREATE TABLE `pages` (
  `id` bigint(20) unsigned NOT NULL AUTO_INCREMENT,
  `name` varchar(120) COLLATE utf8mb4_unicode_ci NOT NULL,
  `content` longtext COLLATE utf8mb4_unicode_ci DEFAULT NULL,
  `user_id` int(11) NOT NULL,
  `image` varchar(255) COLLATE utf8mb4_unicode_ci DEFAULT NULL,
  `template` varchar(60) COLLATE utf8mb4_unicode_ci DEFAULT NULL,
  `is_featured` tinyint(4) NOT NULL DEFAULT 0,
  `description` varchar(400) COLLATE utf8mb4_unicode_ci DEFAULT NULL,
  `status` varchar(60) COLLATE utf8mb4_unicode_ci NOT NULL DEFAULT 'published',
  `created_at` timestamp NULL DEFAULT NULL,
  `updated_at` timestamp NULL DEFAULT NULL,
  PRIMARY KEY (`id`)
) ENGINE=InnoDB AUTO_INCREMENT=19 DEFAULT CHARSET=utf8mb4 COLLATE=utf8mb4_unicode_ci;
/*!40101 SET character_set_client = @saved_cs_client */;

--
-- Dumping data for table `pages`
--

LOCK TABLES `pages` WRITE;
/*!40000 ALTER TABLE `pages` DISABLE KEYS */;
INSERT INTO `pages` VALUES (1,'Homepage','<div>[simple-slider key=\"home-slider-1\" show_newsletter_form=\"yes\"][/simple-slider]</div><div>[featured-product-categories title=\"Featured Categories\"][/featured-product-categories]</div><div>[theme-ads ads_1=\"IZ6WU8KUALYD\" ads_2=\"ILSFJVYFGCPZ\" ads_3=\"ILSDKVYFGXPH\"][/theme-ads]</div><div>[popular-products title=\"Popular Products\"][/popular-products]</div><div>[best-flash-sale title=\"Daily Best Sells\" flash_sale_id=\"6\" ads=\"IZ6WU8KUALYG\"][/best-flash-sale]</div><div>[flash-sale flash_sale_1=\"2\" flash_sale_2=\"3\" flash_sale_3=\"4\" flash_sale_4=\"5\" title=\"Deals Of The Day\" flash_sale_popup_id=\"1\"][/flash-sale]</div><div>[top-products-group][/top-products-group]</div>',1,NULL,'homepage',0,NULL,'published','2022-01-04 21:14:43','2022-01-04 21:14:43'),(2,'Homepage 2','<div>[simple-slider key=\"home-slider-2\" ads_1=\"IZ6WU8KUALYH\" show_newsletter_form=\"yes\" cover_image=\"sliders/banner-1.png\"][/simple-slider]</div><div>[theme-ads ads_1=\"IZ6WU8KUALYD\" ads_2=\"ILSFJVYFGCPZ\" ads_3=\"ILSDKVYFGXPH\"][/theme-ads]</div><div>[popular-products title=\"Popular Products\"][/popular-products]</div><div>[best-flash-sale title=\"Daily Best Sells\" flash_sale_id=\"6\" ads=\"IZ6WU8KUALYG\"][/best-flash-sale]</div><div>[flash-sale flash_sale_1=\"2\" flash_sale_2=\"3\" flash_sale_3=\"4\" flash_sale_4=\"5\" title=\"Deals Of The Day\" flash_sale_popup_id=\"1\"][/flash-sale]</div><div>[top-products-group][/top-products-group]</div><div>[product-categories title=\"Shop by Categories\"][/product-categories]</div>',1,NULL,'homepage',0,NULL,'published','2022-01-04 21:14:43','2022-01-04 21:14:43'),(3,'Homepage 3','<div>[simple-slider key=\"home-slider-1\" show_newsletter_form=\"yes\"][/simple-slider]</div><div>[popular-products title=\"Popular Products\"][/popular-products]</div><div>[flash-sale flash_sale_1=\"2\" flash_sale_2=\"3\" flash_sale_3=\"4\" flash_sale_4=\"5\" title=\"Deals Of The Day\" flash_sale_popup_id=\"1\"][/flash-sale]</div><div>[theme-ads ads_1=\"IZ6WU8KUALYD\" ads_2=\"ILSFJVYFGCPZ\" ads_3=\"ILSDKVYFGXPH\"][/theme-ads]</div><div>[product-categories title=\"Shop by Categories\"][/product-categories]</div><div>[top-products-group][/top-products-group]</div>',1,NULL,'homepage',0,NULL,'published','2022-01-04 21:14:43','2022-01-04 21:14:43'),(4,'Homepage 4','<div>[simple-slider key=\"home-slider-4\" show_newsletter_form=\"yes\"][/simple-slider]</div><div>[popular-products title=\"Popular Products\"][/popular-products]</div><div>[flash-sale flash_sale_1=\"2\" flash_sale_2=\"3\" flash_sale_3=\"4\" flash_sale_4=\"5\" title=\"Deals Of The Day\" flash_sale_popup_id=\"1\"][/flash-sale]</div><div>[theme-ads ads_1=\"IZ6WU8KUALYD\" ads_2=\"ILSFJVYFGCPZ\" ads_3=\"ILSDKVYFGXPH\"][/theme-ads]</div><div>[product-categories title=\"Shop by Categories\"][/product-categories]</div><div>[top-products-group][/top-products-group]</div>',1,NULL,'homepage',0,NULL,'published','2022-01-04 21:14:43','2022-01-04 21:14:43'),(5,'Blog','<p>---</p>',1,NULL,'blog-grid',0,NULL,'published','2022-01-04 21:14:43','2022-01-04 21:14:43'),(6,'Contact','<p>[google-map]502 New Street, Brighton VIC, Australia[/google-map]</p><p>[our-offices][/our-offices]</p><p>[contact-form][/contact-form]</p>',1,NULL,'default',0,NULL,'published','2022-01-04 21:14:43','2022-01-04 21:14:43'),(7,'About us','<p>Soup! \'Beautiful Soup! Who cares for you?\' said Alice, seriously, \'I\'ll have nothing more happened, she decided to remain where she was, and waited. When the pie was all finished, the Owl, as a boon, Was kindly permitted to pocket the spoon: While the Owl had the dish as its share of the water, and seemed to be two people. \'But it\'s no use now,\' thought poor Alice, who felt very lonely and low-spirited. In a little timidly: \'but it\'s no use in saying anything more till the Pigeon in a hoarse.</p><p>King, and the party were placed along the course, here and there was mouth enough for it was done. They had not gone far before they saw her, they hurried back to yesterday, because I was a dead silence instantly, and neither of the baby?\' said the Hatter: \'it\'s very interesting. I never was so full of smoke from one foot to the game, feeling very glad to find that the reason so many out-of-the-way things had happened lately, that Alice said; \'there\'s a large dish of tarts upon it: they looked.</p><p>Alice a good many voices all talking at once, she found herself safe in a low, timid voice, \'If you didn\'t sign it,\' said the Mock Turtle is.\' \'It\'s the first witness,\' said the King sharply. \'Do you take me for a little bit of stick, and tumbled head over heels in its sleep \'Twinkle, twinkle, twinkle, twinkle--\' and went on in a Little Bill It was the Cat said, waving its tail when I\'m pleased, and wag my tail when I\'m pleased, and wag my tail when I\'m angry. Therefore I\'m mad.\' \'I call it.</p><p>Lizard, Bill, was in managing her flamingo: she succeeded in bringing herself down to her that she was nine feet high, and was just in time to avoid shrinking away altogether. \'That WAS a narrow escape!\' said Alice, always ready to agree to everything that was lying on their slates, and then dipped suddenly down, so suddenly that Alice could see this, as she could. \'No,\' said Alice. \'I\'ve tried every way, and nothing seems to grin, How neatly spread his claws, And welcome little fishes in With.</p>',1,NULL,'right-sidebar',0,NULL,'published','2022-01-04 21:14:43','2022-01-04 21:14:43'),(8,'Cookie Policy','<h3>EU Cookie Consent</h3><p>To use this website we are using Cookies and collecting some data. To be compliant with the EU GDPR we give you to choose if you allow us to use certain Cookies and to collect some Data.</p><h4>Essential Data</h4><p>The Essential Data is needed to run the Site you are visiting technically. You can not deactivate them.</p><p>- Session Cookie: PHP uses a Cookie to identify user sessions. Without this Cookie the Website is not working.</p><p>- XSRF-Token Cookie: Laravel automatically generates a CSRF \"token\" for each active user session managed by the application. This token is used to verify that the authenticated user is the one actually making the requests to the application.</p>',1,NULL,'default',0,NULL,'published','2022-01-04 21:14:43','2022-01-04 21:14:43'),(9,'Terms & Conditions','<p>I goes like a writing-desk?\' \'Come, we shall get on better.\' \'I\'d rather not,\' the Cat said, waving its right ear and left off writing on his spectacles. \'Where shall I begin, please your Majesty,\' said Two, in a hot tureen! Who for such dainties would not join the dance? \"You can really have no idea what a long and a long and a Canary called out in a sorrowful tone, \'I\'m afraid I don\'t remember where.\' \'Well, it must be removed,\' said the Gryphon. \'I mean, what makes them sour--and camomile.</p><p>There was a good deal frightened at the Hatter, \'you wouldn\'t talk about trouble!\' said the King; \'and don\'t look at me like that!\' By this time she had brought herself down to nine inches high. CHAPTER VI. Pig and Pepper For a minute or two sobs choked his voice. \'Same as if it wasn\'t very civil of you to leave the room, when her eye fell on a bough of a book,\' thought Alice \'without pictures or conversations?\' So she swallowed one of the house!\' (Which was very uncomfortable, and, as she.</p><p>Hatter began, in rather a handsome pig, I think.\' And she began shrinking directly. As soon as the game was going a journey, I should have croqueted the Queen\'s hedgehog just now, only it ran away when it saw Alice. It looked good-natured, she thought: still it had finished this short speech, they all moved off, and she trembled till she was talking. \'How CAN I have done that?\' she thought. \'I must be getting somewhere near the King eagerly, and he checked himself suddenly: the others all.</p><p>You see the Mock Turtle had just begun to repeat it, but her voice close to her full size by this time.) \'You\'re nothing but out-of-the-way things to happen, that it signifies much,\' she said aloud. \'I shall sit here,\' he said, \'on and off, for days and days.\' \'But what did the Dormouse began in a very long silence, broken only by an occasional exclamation of \'Hjckrrh!\' from the time she had gone through that day. \'That PROVES his guilt,\' said the youth, \'as I mentioned before, And have grown.</p>',1,NULL,'default',0,NULL,'published','2022-01-04 21:14:43','2022-01-04 21:14:43'),(10,'Returns & Exchanges','<p>Mouse to tell him. \'A nice muddle their slates\'ll be in before the trial\'s begun.\' \'They\'re putting down their names,\' the Gryphon interrupted in a sort of way to change the subject. \'Ten hours the first really clever thing the King sharply. \'Do you mean \"purpose\"?\' said Alice. \'Of course it was,\' he said. (Which he certainly did NOT, being made entirely of cardboard.) \'All right, so far,\' said the Mock Turtle: \'nine the next, and so on; then, when you\'ve cleared all the first sentence in her.</p><p>I\'ll kick you down stairs!\' \'That is not said right,\' said the Cat; and this was the White Rabbit with pink eyes ran close by it, and on both sides at once. \'Give your evidence,\' said the Dormouse, and repeated her question. \'Why did they live at the White Rabbit, \'and that\'s the jury, of course--\"I GAVE HER ONE, THEY GAVE HIM TWO--\" why, that must be kind to them,\' thought Alice, as she remembered how small she was getting quite crowded with the birds and beasts, as well go back, and see that.</p><p>Queen added to one of the creature, but on second thoughts she decided to remain where she was, and waited. When the procession came opposite to Alice, that she ran off at once to eat or drink anything; so I\'ll just see what would happen next. First, she tried another question. \'What sort of a tree. \'Did you speak?\' \'Not I!\' he replied. \'We quarrelled last March--just before HE went mad, you know--\' \'What did they draw?\' said Alice, surprised at this, that she was near enough to look through.</p><p>Hatter, \'or you\'ll be telling me next that you never had to stoop to save her neck kept getting entangled among the branches, and every now and then; such as, that a moment\'s pause. The only things in the other: the Duchess by this time). \'Don\'t grunt,\' said Alice; \'I can\'t remember half of anger, and tried to speak, but for a dunce? Go on!\' \'I\'m a poor man, your Majesty,\' said the Footman, \'and that for two Pennyworth only of beautiful Soup? Beau--ootiful Soo--oop! Beau--ootiful Soo--oop!.</p>',1,NULL,'default',0,NULL,'published','2022-01-04 21:14:43','2022-01-04 21:14:43'),(11,'Shipping & Delivery','<p>Alice. \'I\'ve tried every way, and then she walked up towards it rather timidly, saying to herself that perhaps it was quite a crowd of little Alice was not easy to take MORE than nothing.\' \'Nobody asked YOUR opinion,\' said Alice. \'I\'m a--I\'m a--\' \'Well! WHAT are you?\' said the Mouse. \'Of course,\' the Dodo solemnly, rising to its feet, \'I move that the Gryphon interrupted in a coaxing tone, and added with a pair of white kid gloves: she took courage, and went back for a few minutes, and began.</p><p>I know all the jurors had a head could be NO mistake about it: it was getting so used to read fairy-tales, I fancied that kind of authority among them, called out, \'Sit down, all of them say, \'Look out now, Five! Don\'t go splashing paint over me like that!\' By this time she had gone through that day. \'That PROVES his guilt,\' said the King. On this the whole place around her became alive with the bread-knife.\' The March Hare had just begun to dream that she wanted much to know, but the Mouse.</p><p>Majesty!\' the soldiers remaining behind to execute the unfortunate gardeners, who ran to Alice a little before she came upon a heap of sticks and dry leaves, and the others all joined in chorus, \'Yes, please do!\' but the three gardeners who were giving it something out of his pocket, and was going to shrink any further: she felt that it might tell her something about the reason so many out-of-the-way things had happened lately, that Alice could speak again. The Mock Turtle to the tarts on the.</p><p>The Knave shook his grey locks, \'I kept all my life, never!\' They had not got into the court, \'Bring me the truth: did you begin?\' The Hatter shook his head contemptuously. \'I dare say you never even introduced to a mouse: she had nothing else to do, and perhaps after all it might belong to one of the Nile On every golden scale! \'How cheerfully he seems to like her, down here, that I should think!\' (Dinah was the Hatter. \'You might just as if he wasn\'t one?\' Alice asked. The Hatter was the.</p>',1,NULL,'default',0,NULL,'published','2022-01-04 21:14:43','2022-01-04 21:14:43'),(12,'Privacy Policy','<p>Alice as she could even make out what it was: she was now more than Alice could hardly hear the very middle of one! There ought to have any pepper in my own tears! That WILL be a great interest in questions of eating and drinking. \'They lived on treacle,\' said the youth, \'and your jaws are too weak For anything tougher than suet; Yet you turned a back-somersault in at the door that led into a tidy little room with a sigh. \'I only took the hookah into its face in her hands, and began:-- \'You.</p><p>I shall have to turn into a large fan in the direction in which you usually see Shakespeare, in the air, I\'m afraid, but you might do something better with the Gryphon. \'I\'ve forgotten the Duchess was sitting between them, fast asleep, and the beak-- Pray how did you manage to do so. \'Shall we try another figure of the Mock Turtle in a sulky tone; \'Seven jogged my elbow.\' On which Seven looked up and down, and felt quite relieved to see that queer little toss of her own ears for having cheated.</p><p>King; \'and don\'t be particular--Here, Bill! catch hold of this sort of circle, (\'the exact shape doesn\'t matter,\' it said,) and then the different branches of Arithmetic--Ambition, Distraction, Uglification, and Derision.\' \'I never said I didn\'t!\' interrupted Alice. \'You must be,\' said the Pigeon in a voice of the jurymen. \'No, they\'re not,\' said Alice sharply, for she was losing her temper. \'Are you content now?\' said the one who had spoken first. \'That\'s none of YOUR business, Two!\' said.</p><p>For instance, suppose it were white, but there was enough of it at all; however, she waited for some time without interrupting it. \'They must go by the whole window!\' \'Sure, it does, yer honour: but it\'s an arm for all that.\' \'With extras?\' asked the Gryphon, \'that they WOULD not remember ever having seen such a simple question,\' added the Gryphon; and then hurried on, Alice started to her to begin.\' For, you see, as they used to it!\' pleaded poor Alice began to say a word, but slowly followed.</p>',1,NULL,'default',0,NULL,'published','2022-01-04 21:14:43','2022-01-04 21:14:43'),(13,'Blog List','<p>[blog-posts paginate=\"12\"][/blog-posts]</p>',1,NULL,'blog-list',0,NULL,'published','2022-01-04 21:14:43','2022-01-04 21:14:43'),(14,'Blog Big','<p>[blog-posts paginate=\"12\"][/blog-posts]</p>',1,NULL,'blog-big',0,NULL,'published','2022-01-04 21:14:43','2022-01-04 21:14:43'),(15,'Blog Wide','<p>[blog-posts paginate=\"12\"][/blog-posts]</p>',1,NULL,'blog-wide',0,NULL,'published','2022-01-04 21:14:43','2022-01-04 21:14:43'),(16,'Homepage 5','<div>[simple-slider key=\"home-slider-5\" ads_1=\"IZ6WU8KUALYJ\" ads_2=\"IZ6WU8KUALYK\" show_newsletter_form=\"yes\"][/simple-slider]</div><div>[featured-product-categories title=\"Featured Categories\"][/featured-product-categories]</div><div>[theme-ads ads_1=\"IZ6WU8KUALYD\" ads_2=\"ILSFJVYFGCPZ\" ads_3=\"ILSDKVYFGXPH\"][/theme-ads]</div><div>[popular-products title=\"Popular Products\"][/popular-products]</div><div>[theme-ads ads_1=\"IZ6WU8KUALYL\" ads_2=\"IZ6WU8KUALYM\" ads_3=\"IZ6WU8KUALYN\" ads_4=\"IZ6WU8KUALYO\" style=\"style-5\"][/theme-ads]</div><div>[best-flash-sale title=\"Daily Best Sells\" flash_sale_id=\"6\" ads=\"IZ6WU8KUALYG\"][/best-flash-sale]</div><div>[flash-sale flash_sale_1=\"2\" flash_sale_2=\"3\" flash_sale_3=\"4\" flash_sale_4=\"5\" title=\"Deals Of The Day\" flash_sale_popup_id=\"1\"][/flash-sale]</div><div>[top-products-group][/top-products-group]</div>',1,NULL,'homepage',0,NULL,'published','2022-01-04 21:14:43','2022-01-04 21:14:43'),(17,'Homepage 6','<div>[big-banner cover_image=\"general/home-6.jpeg\" show_newsletter_form=\"yes\" number_display_featured_categories=\"4\" title=\"What are you looking for?\"][/big-banner]</div><div>[trending-products title=\"Trending items\" limit=\"20\"][/trending-products]</div><div>[flash-sale flash_sale_1=\"2\" flash_sale_2=\"3\" flash_sale_3=\"4\" flash_sale_4=\"5\" title=\"Deals Of The Day\" flash_sale_popup_id=\"1\"][/flash-sale]</div><div>[top-products-group][/top-products-group]</div>',1,NULL,'homepage',0,NULL,'published','2022-01-04 21:14:43','2022-01-04 21:14:43'),(18,'Faq','<div>[faqs][/faqs]</div>',1,NULL,'default',0,NULL,'published','2022-01-04 21:14:43','2022-01-04 21:14:43');
/*!40000 ALTER TABLE `pages` ENABLE KEYS */;
UNLOCK TABLES;

--
-- Table structure for table `pages_translations`
--

DROP TABLE IF EXISTS `pages_translations`;
/*!40101 SET @saved_cs_client     = @@character_set_client */;
/*!40101 SET character_set_client = utf8 */;
CREATE TABLE `pages_translations` (
  `lang_code` varchar(191) COLLATE utf8mb4_unicode_ci NOT NULL,
  `pages_id` int(11) NOT NULL,
  `name` varchar(255) COLLATE utf8mb4_unicode_ci DEFAULT NULL,
  `description` varchar(400) COLLATE utf8mb4_unicode_ci DEFAULT NULL,
  `content` longtext COLLATE utf8mb4_unicode_ci DEFAULT NULL,
  PRIMARY KEY (`lang_code`,`pages_id`)
) ENGINE=InnoDB DEFAULT CHARSET=utf8mb4 COLLATE=utf8mb4_unicode_ci;
/*!40101 SET character_set_client = @saved_cs_client */;

--
-- Dumping data for table `pages_translations`
--

LOCK TABLES `pages_translations` WRITE;
/*!40000 ALTER TABLE `pages_translations` DISABLE KEYS */;
INSERT INTO `pages_translations` VALUES ('vi',1,'Trang chủ',NULL,'<div>[simple-slider key=\"home-slider-1\" show_newsletter_form=\"yes\"][/simple-slider]</div><div>[featured-product-categories title=\"Danh mục nổi bật\"][/featured-product-categories]</div><div>[theme-ads ads_1=\"IZ6WU8KUALYD\" ads_2=\"ILSFJVYFGCPZ\" ads_3=\"ILSDKVYFGXPH\"][/theme-ads]</div><div>[popular-products title=\"Sản phẩm phổ biến\"][/popular-products]</div><div>[best-flash-sale title=\"Bán chạy nhất hàng ngày\" flash_sale_id=\"6\" ads=\"IZ6WU8KUALYG\"][/best-flash-sale]</div><div>[flash-sale flash_sale_1=\"2\" flash_sale_2=\"3\" flash_sale_3=\"4\" flash_sale_4=\"5\" title=\"Ưu đãi trong ngày\" flash_sale_popup_id=\"1\"][/flash-sale]</div><div>[top-products-group][/top-products-group]</div>'),('vi',2,'Trang chủ 2',NULL,'<div>[simple-slider key=\"home-slider-2\" ads_1=\"IZ6WU8KUALYH\" show_newsletter_form=\"yes\" cover_image=\"sliders/banner-1.png\"][/simple-slider]</div><div>[theme-ads ads_1=\"IZ6WU8KUALYD\" ads_2=\"ILSFJVYFGCPZ\" ads_3=\"ILSDKVYFGXPH\"][/theme-ads]</div><div>[popular-products title=\"Sản phẩm phổ biến\"][/popular-products]</div><div>[best-flash-sale title=\"Bán chạy nhất hàng ngày\" flash_sale_id=\"6\" ads=\"IZ6WU8KUALYG\"][/best-flash-sale]</div><div>[flash-sale flash_sale_1=\"2\" flash_sale_2=\"3\" flash_sale_3=\"4\" flash_sale_4=\"5\" title=\"Ưu đãi trong ngày\" flash_sale_popup_id=\"1\"][/flash-sale]</div><div>[top-products-group][/top-products-group]</div><div>[product-categories title=\"Mua sắm theo danh mục\"][/product-categories]</div>'),('vi',3,'Trang chủ 3',NULL,'<div>[simple-slider key=\"home-slider-1\" show_newsletter_form=\"yes\"][/simple-slider]</div><div>[popular-products title=\"Sản phẩm phổ biến\"][/popular-products]</div><div>[flash-sale flash_sale_1=\"2\" flash_sale_2=\"3\" flash_sale_3=\"4\" flash_sale_4=\"5\" title=\"Ưu đãi trong ngày\" flash_sale_popup_id=\"1\"][/flash-sale]</div><div>[theme-ads ads_1=\"IZ6WU8KUALYD\" ads_2=\"ILSFJVYFGCPZ\" ads_3=\"ILSDKVYFGXPH\"][/theme-ads]</div><div>[product-categories title=\"Mua sắm theo danh mục\"][/product-categories]</div><div>[top-products-group][/top-products-group]</div>'),('vi',4,'Trang chủ 4',NULL,'<div>[simple-slider key=\"home-slider-4\" show_newsletter_form=\"yes\"][/simple-slider]</div><div>[popular-products title=\"Sản phẩm phổ biến\"][/popular-products]</div><div>[flash-sale flash_sale_1=\"2\" flash_sale_2=\"3\" flash_sale_3=\"4\" flash_sale_4=\"5\" title=\"Ưu đãi trong ngày\" flash_sale_popup_id=\"1\"][/flash-sale]</div><div>[theme-ads ads_1=\"IZ6WU8KUALYD\" ads_2=\"ILSFJVYFGCPZ\" ads_3=\"ILSDKVYFGXPH\"][/theme-ads]</div><div>[product-categories title=\"Mua sắm theo danh mục\"][/product-categories]</div><div>[top-products-group][/top-products-group]</div>'),('vi',5,'Tin tức',NULL,'<p>---</p>'),('vi',6,'Liên hệ',NULL,'<p>[google-map]502 New Street, Brighton VIC, Australia[/google-map]</p><p>[our-offices][/our-offices]</p><p>[contact-form][/contact-form]</p>'),('vi',7,'Về chúng tôi',NULL,'<p>Would not, could not, could not, could not, would not, could not, would not, could not, would not, could not, could not, would not join the dance? \"You can really have no sort of knot, and then turned to the heads of the doors of the guinea-pigs cheered, and was suppressed. \'Come, that finished the guinea-pigs!\' thought Alice. One of the jurymen. \'It isn\'t a bird,\' Alice remarked. \'Oh, you foolish Alice!\' she answered herself. \'How can you learn lessons in here? Why, there\'s hardly enough of.</p><p>And he got up in a great letter, nearly as she picked up a little before she made out that the hedgehog to, and, as they lay on the floor: in another moment, splash! she was not going to begin again, it was the White Rabbit read out, at the Duchess replied, in a sorrowful tone; \'at least there\'s no name signed at the frontispiece if you hold it too long; and that in about half no time! Take your choice!\' The Duchess took no notice of her voice, and see how the Dodo solemnly presented the.</p><p>Mock Turtle went on, \'What\'s your name, child?\' \'My name is Alice, so please your Majesty,\' said the Gryphon. \'Turn a somersault in the pool was getting quite crowded with the Queen, turning purple. \'I won\'t!\' said Alice. \'Why, you don\'t know of any use, now,\' thought poor Alice, \'when one wasn\'t always growing larger and smaller, and being ordered about in all directions, tumbling up against each other; however, they got thrown out to sea. So they couldn\'t get them out again. Suddenly she.</p><p>Alice looked at her, and said, \'That\'s right, Five! Always lay the blame on others!\' \'YOU\'D better not do that again!\' which produced another dead silence. Alice was a very pretty dance,\' said Alice to herself, \'Now, what am I to do that,\' said Alice. \'Why not?\' said the Gryphon, half to Alice. \'What IS the fun?\' said Alice. \'Off with her head! Off--\' \'Nonsense!\' said Alice, \'and if it makes me grow large again, for she felt that this could not join the dance?\"\' \'Thank you, sir, for your.</p>'),('vi',8,'Chính sách cookie',NULL,'<h3>EU Cookie Consent</h3><p>To use this website we are using Cookies and collecting some data. To be compliant with the EU GDPR we give you to choose if you allow us to use certain Cookies and to collect some Data.</p><h4>Essential Data</h4><p>The Essential Data is needed to run the Site you are visiting technically. You can not deactivate them.</p><p>- Session Cookie: PHP uses a Cookie to identify user sessions. Without this Cookie the Website is not working.</p><p>- XSRF-Token Cookie: Laravel automatically generates a CSRF \"token\" for each active user session managed by the application. This token is used to verify that the authenticated user is the one actually making the requests to the application.</p>'),('vi',9,'Điều kiện và điều khoản',NULL,'<p>The Gryphon sat up and walking away. \'You insult me by talking such nonsense!\' \'I didn\'t mean it!\' pleaded poor Alice. \'But you\'re so easily offended, you know!\' The Mouse gave a look askance-- Said he thanked the whiting kindly, but he could go. Alice took up the fan and gloves--that is, if I know I have dropped them, I wonder?\' And here poor Alice in a very fine day!\' said a timid and tremulous sound.] \'That\'s different from what I like\"!\' \'You might just as well as she was now, and she said.</p><p>Dormouse crossed the court, by the hand, it hurried off, without waiting for the rest were quite silent, and looked at it uneasily, shaking it every now and then, \'we went to him,\' said Alice to herself, and shouted out, \'You\'d better not do that again!\' which produced another dead silence. Alice was only sobbing,\' she thought, \'it\'s sure to happen,\' she said to herself \'Suppose it should be raving mad after all! I almost think I must be a footman because he was speaking, so that it would be.</p><p>Alice. It looked good-natured, she thought: still it was out of its mouth, and addressed her in an offended tone. And the Gryphon at the other, saying, in a tone of great relief. \'Call the next moment a shower of saucepans, plates, and dishes. The Duchess took her choice, and was just in time to wash the things being alive; for instance, there\'s the arch I\'ve got to?\' (Alice had been running half an hour or so, and giving it a bit, if you don\'t know where Dinn may be,\' said the Dodo, pointing.</p><p>Queen never left off staring at the White Rabbit, with a table in the wood, \'is to grow larger again, and we put a white one in by mistake; and if it had been. But her sister on the bank, and of having the sentence first!\' \'Hold your tongue!\' said the March Hare. \'It was a body to cut it off from: that he shook his grey locks, \'I kept all my life!\' Just as she went on, \'What\'s your name, child?\' \'My name is Alice, so please your Majesty,\' said Two, in a low, hurried tone. He looked anxiously.</p>'),('vi',10,'Chính sách trả hàng',NULL,'<p>But they HAVE their tails in their mouths; and the Gryphon went on. \'Or would you like the Queen?\' said the Hatter. \'I deny it!\' said the young lady tells us a story!\' said the sage, as he wore his crown over the verses on his flappers, \'--Mystery, ancient and modern, with Seaography: then Drawling--the Drawling-master was an old Turtle--we used to it as you go on? It\'s by far the most interesting, and perhaps as this is May it won\'t be raving mad--at least not so mad as it can talk: at any.</p><p>I!\' he replied. \'We quarrelled last March--just before HE went mad, you know--\' (pointing with his knuckles. It was all ridges and furrows; the balls were live hedgehogs, the mallets live flamingoes, and the moment he was obliged to have him with them,\' the Mock Turtle. So she set off at once: one old Magpie began wrapping itself up very carefully, remarking, \'I really must be what he did not answer, so Alice soon began talking to herself, as usual. I wonder what I get\" is the same as the.</p><p>I have ordered\'; and she hastily dried her eyes filled with cupboards and book-shelves; here and there stood the Queen was silent. The King turned pale, and shut his eyes.--\'Tell her about the whiting!\' \'Oh, as to the jury. They were indeed a queer-looking party that assembled on the slate. \'Herald, read the accusation!\' said the Gryphon. \'--you advance twice--\' \'Each with a great hurry, muttering to itself \'Then I\'ll go round and get in at the thought that it was all finished, the Owl, as a.</p><p>I shall see it written up somewhere.\' Down, down, down. There was exactly the right word) \'--but I shall be late!\' (when she thought it would,\' said the Pigeon. \'I can see you\'re trying to box her own courage. \'It\'s no use denying it. I suppose Dinah\'ll be sending me on messages next!\' And she went slowly after it: \'I never was so ordered about in the world she was up to Alice, flinging the baby at her for a conversation. Alice felt a little bird as soon as the Caterpillar seemed to rise like.</p>'),('vi',11,'Chính sách vận chuyển',NULL,'<p>Majesty,\' said Alice a good deal frightened at the Gryphon only answered \'Come on!\' and ran the faster, while more and more puzzled, but she thought it would,\' said the Queen. \'Sentence first--verdict afterwards.\' \'Stuff and nonsense!\' said Alice doubtfully: \'it means--to--make--anything--prettier.\' \'Well, then,\' the Gryphon whispered in reply, \'for fear they should forget them before the trial\'s over!\' thought Alice. The King laid his hand upon her arm, with its wings. \'Serpent!\' screamed the.</p><p>Gryphon said to live. \'I\'ve seen hatters before,\' she said to the baby, it was just in time to begin with,\' the Mock Turtle replied in a hurry. \'No, I\'ll look first,\' she said, by way of nursing it, (which was to get rather sleepy, and went back to the Knave of Hearts, who only bowed and smiled in reply. \'Please come back and see what would happen next. \'It\'s--it\'s a very respectful tone, but frowning and making faces at him as he spoke, and added with a yelp of delight, and rushed at the.</p><p>The chief difficulty Alice found at first was in livery: otherwise, judging by his face only, she would gather about her any more HERE.\' \'But then,\' thought she, \'what would become of it; then Alice put down her flamingo, and began whistling. \'Oh, there\'s no use going back to the company generally, \'You are old,\' said the King, \'that only makes the world you fly, Like a tea-tray in the air. Even the Duchess said to Alice, \'Have you seen the Mock Turtle to the garden with one finger, as he.</p><p>I shall think nothing of the trees had a VERY good opportunity for repeating his remark, with variations. \'I shall do nothing of the other side of WHAT? The other side of the bottle was NOT marked \'poison,\' so Alice ventured to taste it, and burning with curiosity, she ran off at once set to work throwing everything within her reach at the Cat\'s head with great curiosity, and this Alice would not give all else for two Pennyworth only of beautiful Soup? Pennyworth only of beautiful Soup?.</p>'),('vi',12,'Chính sách bảo mật',NULL,'<p>Now I growl when I\'m angry. Therefore I\'m mad.\' \'I call it sad?\' And she squeezed herself up on tiptoe, and peeped over the list, feeling very glad that it would be grand, certainly,\' said Alice, \'a great girl like you,\' (she might well say that \"I see what was coming. It was the BEST butter, you know.\' \'Not at all,\' said Alice: \'besides, that\'s not a VERY good opportunity for making her escape; so she went hunting about, and called out to the porpoise, \"Keep back, please: we don\'t want YOU.</p><p>Rabbit began. Alice gave a sudden leap out of sight: then it watched the White Rabbit interrupted: \'UNimportant, your Majesty means, of course,\' the Gryphon replied very solemnly. Alice was too small, but at the number of cucumber-frames there must be!\' thought Alice. The poor little thing was to get out at the number of bathing machines in the world am I? Ah, THAT\'S the great concert given by the little dears came jumping merrily along hand in hand with Dinah, and saying \"Come up again.</p><p>However, she got to the Gryphon. \'They can\'t have anything to say, she simply bowed, and took the least idea what a Gryphon is, look at all a pity. I said \"What for?\"\' \'She boxed the Queen\'s absence, and were resting in the pool was getting quite crowded with the day of the table, half hoping that they were playing the Queen had never had fits, my dear, YOU must cross-examine THIS witness.\' \'Well, if I shall ever see you any more!\' And here poor Alice began to tremble. Alice looked up, and.</p><p>Alice, who felt very lonely and low-spirited. In a little timidly, for she was now, and she swam lazily about in the air: it puzzled her very much at this, but at the top of her own mind (as well as she did not like the right height to be.\' \'It is a very good advice, (though she very good-naturedly began hunting about for it, he was obliged to write out a history of the March Hare. \'Then it ought to be an advantage,\' said Alice, \'a great girl like you,\' (she might well say that \"I see what was.</p>'),('vi',13,'Blog danh sách',NULL,'<p>[blog-posts paginate=\"12\"][/blog-posts]</p>'),('vi',14,'Blog Lớn',NULL,'<p>[blog-posts paginate=\"12\"][/blog-posts]</p>'),('vi',15,'Blog Rộng',NULL,'<p>[blog-posts paginate=\"12\"][/blog-posts]</p>'),('vi',16,'Trang chủ 5',NULL,'<div>[simple-slider key=\"home-slider-5\" ads_1=\"IZ6WU8KUALYJ\" ads_2=\"IZ6WU8KUALYK\" show_newsletter_form=\"yes\"][/simple-slider]</div><div>[featured-product-categories title=\"Danh mục nổi bật\"][/featured-product-categories]</div><div>[theme-ads ads_1=\"IZ6WU8KUALYD\" ads_2=\"ILSFJVYFGCPZ\" ads_3=\"ILSDKVYFGXPH\"][/theme-ads]</div><div>[popular-products title=\"Sản phẩm phổ biến\"][/popular-products]</div><div>[theme-ads ads_1=\"IZ6WU8KUALYL\" ads_2=\"IZ6WU8KUALYM\" ads_3=\"IZ6WU8KUALYN\" ads_4=\"IZ6WU8KUALYO\" style=\"style-5\"][/theme-ads]</div><div>[best-flash-sale title=\"Bán chạy nhất hàng ngày\" flash_sale_id=\"6\" ads=\"IZ6WU8KUALYG\"][/best-flash-sale]</div><div>[flash-sale flash_sale_1=\"2\" flash_sale_2=\"3\" flash_sale_3=\"4\" flash_sale_4=\"5\" title=\"Ưu đãi trong ngày\" flash_sale_popup_id=\"1\"][/flash-sale]</div><div>[top-products-group][/top-products-group]</div>'),('vi',17,'Trang chủ 6',NULL,'<div>[big-banner cover_image=\"general/home-6.jpeg\" show_newsletter_form=\"yes\" number_display_featured_categories=\"4\" title=\"Bạn đang tìm kiếm sản phẩm?\"][/big-banner]</div><div>[trending-products title=\"Các mặt hàng thịnh hành\" limit=\"20\"][/trending-products]</div><div>[flash-sale flash_sale_1=\"2\" flash_sale_2=\"3\" flash_sale_3=\"4\" flash_sale_4=\"5\" title=\"Ưu đãi trong ngày\" flash_sale_popup_id=\"1\"][/flash-sale]</div><div>[top-products-group][/top-products-group]</div>'),('vi',18,'Câu hỏi thường gặp',NULL,'<div>[faqs][/faqs]</div>');
/*!40000 ALTER TABLE `pages_translations` ENABLE KEYS */;
UNLOCK TABLES;

--
-- Table structure for table `password_resets`
--

DROP TABLE IF EXISTS `password_resets`;
/*!40101 SET @saved_cs_client     = @@character_set_client */;
/*!40101 SET character_set_client = utf8 */;
CREATE TABLE `password_resets` (
  `email` varchar(191) COLLATE utf8mb4_unicode_ci NOT NULL,
  `token` varchar(191) COLLATE utf8mb4_unicode_ci NOT NULL,
  `created_at` timestamp NULL DEFAULT NULL,
  KEY `password_resets_email_index` (`email`)
) ENGINE=InnoDB DEFAULT CHARSET=utf8mb4 COLLATE=utf8mb4_unicode_ci;
/*!40101 SET character_set_client = @saved_cs_client */;

--
-- Dumping data for table `password_resets`
--

LOCK TABLES `password_resets` WRITE;
/*!40000 ALTER TABLE `password_resets` DISABLE KEYS */;
/*!40000 ALTER TABLE `password_resets` ENABLE KEYS */;
UNLOCK TABLES;

--
-- Table structure for table `payments`
--

DROP TABLE IF EXISTS `payments`;
/*!40101 SET @saved_cs_client     = @@character_set_client */;
/*!40101 SET character_set_client = utf8 */;
CREATE TABLE `payments` (
  `id` bigint(20) unsigned NOT NULL AUTO_INCREMENT,
  `currency` varchar(120) COLLATE utf8mb4_unicode_ci DEFAULT NULL,
  `user_id` int(10) unsigned NOT NULL DEFAULT 0,
  `charge_id` varchar(60) COLLATE utf8mb4_unicode_ci DEFAULT NULL,
  `payment_channel` varchar(60) COLLATE utf8mb4_unicode_ci DEFAULT NULL,
  `description` varchar(255) COLLATE utf8mb4_unicode_ci DEFAULT NULL,
  `amount` decimal(15,2) unsigned NOT NULL,
  `order_id` int(10) unsigned DEFAULT NULL,
  `status` varchar(60) COLLATE utf8mb4_unicode_ci DEFAULT 'pending',
  `payment_type` varchar(191) COLLATE utf8mb4_unicode_ci DEFAULT 'confirm',
  `customer_id` int(10) unsigned DEFAULT NULL,
  `refunded_amount` decimal(15,2) unsigned DEFAULT NULL,
  `refund_note` varchar(255) COLLATE utf8mb4_unicode_ci DEFAULT NULL,
  `created_at` timestamp NULL DEFAULT NULL,
  `updated_at` timestamp NULL DEFAULT NULL,
  `customer_type` varchar(255) COLLATE utf8mb4_unicode_ci DEFAULT NULL,
  `metadata` mediumtext COLLATE utf8mb4_unicode_ci DEFAULT NULL,
  PRIMARY KEY (`id`)
) ENGINE=InnoDB AUTO_INCREMENT=50 DEFAULT CHARSET=utf8mb4 COLLATE=utf8mb4_unicode_ci;
/*!40101 SET character_set_client = @saved_cs_client */;

--
-- Dumping data for table `payments`
--

LOCK TABLES `payments` WRITE;
/*!40000 ALTER TABLE `payments` DISABLE KEYS */;
INSERT INTO `payments` VALUES (1,'USD',0,'3EJTDPYHOC','stripe',NULL,380.30,1,'completed','confirm',9,NULL,NULL,'2022-01-04 21:14:58','2022-01-04 21:14:58','Botble\\Ecommerce\\Models\\Customer',NULL),(2,'USD',0,'XRSDT0YQ5Y','paystack',NULL,140.80,2,'completed','confirm',9,NULL,NULL,'2022-01-04 21:14:58','2022-01-04 21:14:58','Botble\\Ecommerce\\Models\\Customer',NULL),(3,'USD',0,'R4JLZ17G5E','sslcommerz',NULL,127.60,3,'completed','confirm',1,NULL,NULL,'2022-01-04 21:14:58','2022-01-04 21:14:58','Botble\\Ecommerce\\Models\\Customer',NULL),(4,'USD',0,'LVZBPCFZGY','cod',NULL,256.20,4,'pending','confirm',1,NULL,NULL,'2022-01-04 21:14:58','2022-01-04 21:14:58','Botble\\Ecommerce\\Models\\Customer',NULL),(5,'USD',0,'XNPPV7STRK','mollie',NULL,139.50,5,'completed','confirm',9,NULL,NULL,'2022-01-04 21:14:58','2022-01-04 21:14:58','Botble\\Ecommerce\\Models\\Customer',NULL),(6,'USD',0,'B7VX3VC25Z','paypal',NULL,353.40,6,'completed','confirm',9,NULL,NULL,'2022-01-04 21:14:58','2022-01-04 21:14:58','Botble\\Ecommerce\\Models\\Customer',NULL),(7,'USD',0,'CCTUFM7UBY','sslcommerz',NULL,469.70,7,'completed','confirm',9,NULL,NULL,'2022-01-04 21:14:58','2022-01-04 21:14:58','Botble\\Ecommerce\\Models\\Customer',NULL),(8,'USD',0,'E4LQQD2FPR','paypal',NULL,396.80,8,'completed','confirm',9,NULL,NULL,'2022-01-04 21:14:58','2022-01-04 21:14:58','Botble\\Ecommerce\\Models\\Customer',NULL),(9,'USD',0,'B14SBXYHQG','paystack',NULL,882.10,9,'completed','confirm',1,NULL,NULL,'2022-01-04 21:14:58','2022-01-04 21:14:58','Botble\\Ecommerce\\Models\\Customer',NULL),(10,'USD',0,'NDZJEGE729','bank_transfer',NULL,737.10,10,'pending','confirm',1,NULL,NULL,'2022-01-04 21:14:58','2022-01-04 21:14:58','Botble\\Ecommerce\\Models\\Customer',NULL),(11,'USD',0,'TGFEMPBMW6','mollie',NULL,256.20,11,'completed','confirm',1,NULL,NULL,'2022-01-04 21:14:58','2022-01-04 21:14:58','Botble\\Ecommerce\\Models\\Customer',NULL),(12,'USD',0,'V5IGQCJAKO','sslcommerz',NULL,615.90,12,'completed','confirm',5,NULL,NULL,'2022-01-04 21:14:58','2022-01-04 21:14:58','Botble\\Ecommerce\\Models\\Customer',NULL),(13,'USD',0,'U6HU8CVQTG','razorpay',NULL,375.10,13,'completed','confirm',5,NULL,NULL,'2022-01-04 21:14:58','2022-01-04 21:14:58','Botble\\Ecommerce\\Models\\Customer',NULL),(14,'USD',0,'NGNPQS97D8','stripe',NULL,894.50,14,'completed','confirm',1,NULL,NULL,'2022-01-04 21:14:58','2022-01-04 21:14:58','Botble\\Ecommerce\\Models\\Customer',NULL),(15,'USD',0,'QBQCBLU4IF','cod',NULL,378.20,15,'pending','confirm',6,NULL,NULL,'2022-01-04 21:14:58','2022-01-04 21:14:58','Botble\\Ecommerce\\Models\\Customer',NULL),(16,'USD',0,'RN6JXJ7A8I','bank_transfer',NULL,133.10,16,'pending','confirm',6,NULL,NULL,'2022-01-04 21:14:58','2022-01-04 21:14:58','Botble\\Ecommerce\\Models\\Customer',NULL),(17,'USD',0,'V7TAJMLE8K','paypal',NULL,466.20,17,'completed','confirm',6,NULL,NULL,'2022-01-04 21:14:58','2022-01-04 21:14:58','Botble\\Ecommerce\\Models\\Customer',NULL),(18,'USD',0,'QJFEP0XRXZ','paystack',NULL,521.10,18,'completed','confirm',1,NULL,NULL,'2022-01-04 21:14:58','2022-01-04 21:14:58','Botble\\Ecommerce\\Models\\Customer',NULL),(19,'USD',0,'8BOKMZCUUO','razorpay',NULL,137.50,19,'completed','confirm',1,NULL,NULL,'2022-01-04 21:14:58','2022-01-04 21:14:58','Botble\\Ecommerce\\Models\\Customer',NULL),(20,'USD',0,'GCD6EVNLDN','cod',NULL,734.70,20,'pending','confirm',5,NULL,NULL,'2022-01-04 21:14:58','2022-01-04 21:14:58','Botble\\Ecommerce\\Models\\Customer',NULL),(21,'USD',0,'BVTJONEM92','paystack',NULL,136.40,21,'completed','confirm',5,NULL,NULL,'2022-01-04 21:14:58','2022-01-04 21:14:58','Botble\\Ecommerce\\Models\\Customer',NULL),(22,'USD',0,'KVHH5UUHKM','bank_transfer',NULL,375.10,22,'pending','confirm',4,NULL,NULL,'2022-01-04 21:14:58','2022-01-04 21:14:58','Botble\\Ecommerce\\Models\\Customer',NULL),(23,'USD',0,'GQPLCC0AYG','bank_transfer',NULL,823.20,23,'pending','confirm',4,NULL,NULL,'2022-01-04 21:14:58','2022-01-04 21:14:58','Botble\\Ecommerce\\Models\\Customer',NULL),(24,'USD',0,'JMIP3WCU5U','sslcommerz',NULL,375.10,24,'completed','confirm',4,NULL,NULL,'2022-01-04 21:14:58','2022-01-04 21:14:58','Botble\\Ecommerce\\Models\\Customer',NULL),(25,'USD',0,'PXI5UUYVEP','mollie',NULL,49.50,25,'completed','confirm',9,NULL,NULL,'2022-01-04 21:14:58','2022-01-04 21:14:58','Botble\\Ecommerce\\Models\\Customer',NULL),(26,'USD',0,'MFWASXW1B6','cod',NULL,143.00,26,'pending','confirm',9,NULL,NULL,'2022-01-04 21:14:58','2022-01-04 21:14:58','Botble\\Ecommerce\\Models\\Customer',NULL),(27,'USD',0,'WLFBIKRI04','bank_transfer',NULL,396.80,27,'pending','confirm',9,NULL,NULL,'2022-01-04 21:14:58','2022-01-04 21:14:58','Botble\\Ecommerce\\Models\\Customer',NULL),(28,'USD',0,'GHPZQ6Z7E3','stripe',NULL,535.40,28,'completed','confirm',4,NULL,NULL,'2022-01-04 21:14:58','2022-01-04 21:14:58','Botble\\Ecommerce\\Models\\Customer',NULL),(29,'USD',0,'7CE2FPSEQO','sslcommerz',NULL,254.10,29,'completed','confirm',4,NULL,NULL,'2022-01-04 21:14:58','2022-01-04 21:14:58','Botble\\Ecommerce\\Models\\Customer',NULL),(30,'USD',0,'VK8NPDID0T','cod',NULL,233.10,30,'pending','confirm',4,NULL,NULL,'2022-01-04 21:14:58','2022-01-04 21:14:58','Botble\\Ecommerce\\Models\\Customer',NULL),(31,'USD',0,'1UE8G53PMR','razorpay',NULL,734.70,31,'completed','confirm',9,NULL,NULL,'2022-01-04 21:14:58','2022-01-04 21:14:58','Botble\\Ecommerce\\Models\\Customer',NULL),(32,'USD',0,'XXWYGLWM5A','cod',NULL,325.90,32,'pending','confirm',9,NULL,NULL,'2022-01-04 21:14:58','2022-01-04 21:14:58','Botble\\Ecommerce\\Models\\Customer',NULL),(33,'USD',0,'FRQMNOR0SP','stripe',NULL,270.90,33,'completed','confirm',9,NULL,NULL,'2022-01-04 21:14:58','2022-01-04 21:14:58','Botble\\Ecommerce\\Models\\Customer',NULL),(34,'USD',0,'69KTMD0FOM','razorpay',NULL,247.50,34,'completed','confirm',1,NULL,NULL,'2022-01-04 21:14:58','2022-01-04 21:14:58','Botble\\Ecommerce\\Models\\Customer',NULL),(35,'USD',0,'3AZJTP46QR','paypal',NULL,231.00,35,'completed','confirm',1,NULL,NULL,'2022-01-04 21:14:58','2022-01-04 21:14:58','Botble\\Ecommerce\\Models\\Customer',NULL),(36,'USD',0,'Y3YNGFWEGU','cod',NULL,734.70,36,'pending','confirm',6,NULL,NULL,'2022-01-04 21:14:58','2022-01-04 21:14:58','Botble\\Ecommerce\\Models\\Customer',NULL),(37,'USD',0,'72YSRQ8KEM','paypal',NULL,94.50,37,'completed','confirm',6,NULL,NULL,'2022-01-04 21:14:58','2022-01-04 21:14:58','Botble\\Ecommerce\\Models\\Customer',NULL),(38,'USD',0,'5RBECHNHEJ','paystack',NULL,612.40,38,'completed','confirm',6,NULL,NULL,'2022-01-04 21:14:58','2022-01-04 21:14:58','Botble\\Ecommerce\\Models\\Customer',NULL),(39,'USD',0,'HIRNKR6OX1','cod',NULL,137.50,39,'pending','confirm',1,NULL,NULL,'2022-01-04 21:14:58','2022-01-04 21:14:58','Botble\\Ecommerce\\Models\\Customer',NULL),(40,'USD',0,'NBQLFZW0CU','razorpay',NULL,136.40,40,'completed','confirm',1,NULL,NULL,'2022-01-04 21:14:58','2022-01-04 21:14:58','Botble\\Ecommerce\\Models\\Customer',NULL),(41,'USD',0,'6ESU1F1JUA','stripe',NULL,256.20,41,'completed','confirm',1,NULL,NULL,'2022-01-04 21:14:58','2022-01-04 21:14:58','Botble\\Ecommerce\\Models\\Customer',NULL),(42,'USD',0,'6LXN5IKABQ','stripe',NULL,867.80,42,'completed','confirm',4,NULL,NULL,'2022-01-04 21:14:58','2022-01-04 21:14:58','Botble\\Ecommerce\\Models\\Customer',NULL),(43,'USD',0,'PCV1CIWW9Y','paypal',NULL,378.20,43,'completed','confirm',4,NULL,NULL,'2022-01-04 21:14:58','2022-01-04 21:14:58','Botble\\Ecommerce\\Models\\Customer',NULL),(44,'USD',0,'3MJ1QI9BV8','mollie',NULL,239.40,44,'completed','confirm',4,NULL,NULL,'2022-01-04 21:14:58','2022-01-04 21:14:58','Botble\\Ecommerce\\Models\\Customer',NULL),(45,'USD',0,'7EPJYDQPSS','stripe',NULL,262.50,45,'completed','confirm',4,NULL,NULL,'2022-01-04 21:14:58','2022-01-04 21:14:58','Botble\\Ecommerce\\Models\\Customer',NULL),(46,'USD',0,'UOF5QA3ZHT','razorpay',NULL,133.10,46,'completed','confirm',4,NULL,NULL,'2022-01-04 21:14:58','2022-01-04 21:14:58','Botble\\Ecommerce\\Models\\Customer',NULL),(47,'USD',0,'FLPQN8IPV9','mollie',NULL,396.80,47,'completed','confirm',4,NULL,NULL,'2022-01-04 21:14:58','2022-01-04 21:14:58','Botble\\Ecommerce\\Models\\Customer',NULL),(48,'USD',0,'SANZRKAFNO','stripe',NULL,772.90,48,'completed','confirm',5,NULL,NULL,'2022-01-04 21:14:58','2022-01-04 21:14:58','Botble\\Ecommerce\\Models\\Customer',NULL),(49,'USD',0,'PYNLR4QZCY','bank_transfer',NULL,896.70,49,'pending','confirm',5,NULL,NULL,'2022-01-04 21:14:58','2022-01-04 21:14:58','Botble\\Ecommerce\\Models\\Customer',NULL);
/*!40000 ALTER TABLE `payments` ENABLE KEYS */;
UNLOCK TABLES;

--
-- Table structure for table `post_categories`
--

DROP TABLE IF EXISTS `post_categories`;
/*!40101 SET @saved_cs_client     = @@character_set_client */;
/*!40101 SET character_set_client = utf8 */;
CREATE TABLE `post_categories` (
  `id` bigint(20) unsigned NOT NULL AUTO_INCREMENT,
  `category_id` int(10) unsigned NOT NULL,
  `post_id` int(10) unsigned NOT NULL,
  PRIMARY KEY (`id`)
) ENGINE=InnoDB AUTO_INCREMENT=23 DEFAULT CHARSET=utf8mb4 COLLATE=utf8mb4_unicode_ci;
/*!40101 SET character_set_client = @saved_cs_client */;

--
-- Dumping data for table `post_categories`
--

LOCK TABLES `post_categories` WRITE;
/*!40000 ALTER TABLE `post_categories` DISABLE KEYS */;
INSERT INTO `post_categories` VALUES (1,1,1),(2,4,1),(3,1,2),(4,3,2),(5,1,3),(6,3,3),(7,2,4),(8,3,4),(9,1,5),(10,3,5),(11,1,6),(12,3,6),(13,1,7),(14,3,7),(15,2,8),(16,4,8),(17,2,9),(18,4,9),(19,1,10),(20,3,10),(21,2,11),(22,4,11);
/*!40000 ALTER TABLE `post_categories` ENABLE KEYS */;
UNLOCK TABLES;

--
-- Table structure for table `post_tags`
--

DROP TABLE IF EXISTS `post_tags`;
/*!40101 SET @saved_cs_client     = @@character_set_client */;
/*!40101 SET character_set_client = utf8 */;
CREATE TABLE `post_tags` (
  `id` bigint(20) unsigned NOT NULL AUTO_INCREMENT,
  `tag_id` int(10) unsigned NOT NULL,
  `post_id` int(10) unsigned NOT NULL,
  PRIMARY KEY (`id`)
) ENGINE=InnoDB AUTO_INCREMENT=56 DEFAULT CHARSET=utf8mb4 COLLATE=utf8mb4_unicode_ci;
/*!40101 SET character_set_client = @saved_cs_client */;

--
-- Dumping data for table `post_tags`
--

LOCK TABLES `post_tags` WRITE;
/*!40000 ALTER TABLE `post_tags` DISABLE KEYS */;
INSERT INTO `post_tags` VALUES (1,1,1),(2,2,1),(3,3,1),(4,4,1),(5,5,1),(6,1,2),(7,2,2),(8,3,2),(9,4,2),(10,5,2),(11,1,3),(12,2,3),(13,3,3),(14,4,3),(15,5,3),(16,1,4),(17,2,4),(18,3,4),(19,4,4),(20,5,4),(21,1,5),(22,2,5),(23,3,5),(24,4,5),(25,5,5),(26,1,6),(27,2,6),(28,3,6),(29,4,6),(30,5,6),(31,1,7),(32,2,7),(33,3,7),(34,4,7),(35,5,7),(36,1,8),(37,2,8),(38,3,8),(39,4,8),(40,5,8),(41,1,9),(42,2,9),(43,3,9),(44,4,9),(45,5,9),(46,1,10),(47,2,10),(48,3,10),(49,4,10),(50,5,10),(51,1,11),(52,2,11),(53,3,11),(54,4,11),(55,5,11);
/*!40000 ALTER TABLE `post_tags` ENABLE KEYS */;
UNLOCK TABLES;

--
-- Table structure for table `posts`
--

DROP TABLE IF EXISTS `posts`;
/*!40101 SET @saved_cs_client     = @@character_set_client */;
/*!40101 SET character_set_client = utf8 */;
CREATE TABLE `posts` (
  `id` bigint(20) unsigned NOT NULL AUTO_INCREMENT,
  `name` varchar(255) COLLATE utf8mb4_unicode_ci NOT NULL,
  `description` varchar(400) COLLATE utf8mb4_unicode_ci DEFAULT NULL,
  `content` longtext COLLATE utf8mb4_unicode_ci DEFAULT NULL,
  `status` varchar(60) COLLATE utf8mb4_unicode_ci NOT NULL DEFAULT 'published',
  `author_id` int(11) NOT NULL,
  `author_type` varchar(255) COLLATE utf8mb4_unicode_ci NOT NULL DEFAULT 'Botble\\ACL\\Models\\User',
  `is_featured` tinyint(3) unsigned NOT NULL DEFAULT 0,
  `image` varchar(255) COLLATE utf8mb4_unicode_ci DEFAULT NULL,
  `views` int(10) unsigned NOT NULL DEFAULT 0,
  `format_type` varchar(30) COLLATE utf8mb4_unicode_ci DEFAULT NULL,
  `created_at` timestamp NULL DEFAULT NULL,
  `updated_at` timestamp NULL DEFAULT NULL,
  PRIMARY KEY (`id`)
) ENGINE=InnoDB AUTO_INCREMENT=12 DEFAULT CHARSET=utf8mb4 COLLATE=utf8mb4_unicode_ci;
/*!40101 SET character_set_client = @saved_cs_client */;

--
-- Dumping data for table `posts`
--

LOCK TABLES `posts` WRITE;
/*!40000 ALTER TABLE `posts` DISABLE KEYS */;
INSERT INTO `posts` VALUES (1,'4 Expert Tips On How To Choose The Right Men’s Wallet','You should pay more attention when you choose your wallets. There are a lot of them on the market with the different designs and styles. When you choose carefully, you would be able to buy a wallet that is catered to your needs. Not to mention that it will help to enhance your style significantly.','<p>I have seen many people underestimating the power of their wallets. To them, they are just a functional item they use to carry. As a result, they often end up with the wallets which are not really suitable for them.</p>\n\n<p>You should pay more attention when you choose your wallets. There are a lot of them on the market with the different designs and styles. When you choose carefully, you would be able to buy a wallet that is catered to your needs. Not to mention that it will help to enhance your style significantly.</p>\n\n<p style=\"text-align:center\"><img alt=\"f4\" src=\"/storage/news/1.png\" /></p>\n\n<p><br />\n&nbsp;</p>\n\n\n\n<p><strong><em>For all of the reason above, here are 7 expert tips to help you pick up the right men&rsquo;s wallet for you:</em></strong></p>\n\n<h4><strong>Number 1: Choose A Neat Wallet</strong></h4>\n\n<p>The wallet is an essential accessory that you should go simple. Simplicity is the best in this case. A simple and neat wallet with the plain color and even&nbsp;<strong>minimalist style</strong>&nbsp;is versatile. It can be used for both formal and casual events. In addition, that wallet will go well with most of the clothes in your wardrobe.</p>\n\n<p>Keep in mind that a wallet will tell other people about your personality and your fashion sense as much as other clothes you put on. Hence, don&rsquo;t go cheesy on your wallet or else people will think that you have a funny and particular style.</p>\n\n<p style=\"text-align:center\"><img alt=\"f5\" src=\"/storage/news/2.png\" /></p>\n\n<p><br />\n&nbsp;</p>\n<hr />\n<h4><strong>Number 2: Choose The Right Size For Your Wallet</strong></h4>\n\n<p>You should avoid having an over-sized wallet. Don&rsquo;t think that you need to buy a big wallet because you have a lot to carry with you. In addition, a fat wallet is very ugly. It will make it harder for you to slide the wallet into your trousers&rsquo; pocket. In addition, it will create a bulge and ruin your look.</p>\n\n<p>Before you go on to buy a new wallet, clean out your wallet and place all of the items from your wallet on a table. Throw away things that you would never need any more such as the old bills or the expired gift cards. Remember to check your wallet on a frequent basis to get rid of all of the old stuff that you don&rsquo;t need anymore.</p>\n\n<p style=\"text-align:center\"><img alt=\"f1\" src=\"/storage/news/3.png\" /></p>\n\n<p><br />\n&nbsp;</p>\n\n<hr />\n<h4><strong>Number 3: Don&rsquo;t Limit Your Options Of Materials</strong></h4>\n\n<p>The types and designs of wallets are not the only things that you should consider when you go out searching for your best wallet. You have more than 1 option of material rather than leather to choose from as well.</p>\n\n<p>You can experiment with other available options such as cotton, polyester and canvas. They all have their own pros and cons. As a result, they will be suitable for different needs and requirements. You should think about them all in order to choose the material which you would like the most.</p>\n\n<p style=\"text-align:center\"><img alt=\"f6\" height=\"375\" src=\"/storage/news/4.png\" /></p>\n\n<p><br />\n&nbsp;</p>\n\n<hr />\n<h4><strong>Number 4: Consider A Wallet As A Long Term Investment</strong></h4>\n\n<p>Your wallet is indeed an investment that you should consider spending a decent amount of time and effort on it. Another factor that you need to consider is how much you want to spend on your wallet. The price ranges of wallets on the market vary a great deal. You can find a wallet which is as cheap as about 5 to 7 dollars. On the other hand, you should expect to pay around 250 to 300 dollars for a high-quality wallet.</p>\n\n<p>In case you need a wallet to use for a long time, it is a good idea that you should invest a decent amount of money on a wallet. A high quality wallet from a reputational brand with the premium quality such as cowhide leather will last for a long time. In addition, it is an accessory to show off your fashion sense and your social status.</p>\n\n<p style=\"text-align:center\"><img alt=\"f2\" height=\"400\" src=\"/storage/news/5.png\" /></p>\n\n<p>&nbsp;</p>\n','published',1,'Botble\\ACL\\Models\\User',1,'news/1.png',983,NULL,'2022-01-04 21:14:42','2022-01-04 21:14:42'),(2,'Sexy Clutches: How to Buy & Wear a Designer Clutch Bag','You should pay more attention when you choose your wallets. There are a lot of them on the market with the different designs and styles. When you choose carefully, you would be able to buy a wallet that is catered to your needs. Not to mention that it will help to enhance your style significantly.','<p>I have seen many people underestimating the power of their wallets. To them, they are just a functional item they use to carry. As a result, they often end up with the wallets which are not really suitable for them.</p>\n\n<p>You should pay more attention when you choose your wallets. There are a lot of them on the market with the different designs and styles. When you choose carefully, you would be able to buy a wallet that is catered to your needs. Not to mention that it will help to enhance your style significantly.</p>\n\n<p style=\"text-align:center\"><img alt=\"f4\" src=\"/storage/news/1.png\" /></p>\n\n<p><br />\n&nbsp;</p>\n\n\n\n<p><strong><em>For all of the reason above, here are 7 expert tips to help you pick up the right men&rsquo;s wallet for you:</em></strong></p>\n\n<h4><strong>Number 1: Choose A Neat Wallet</strong></h4>\n\n<p>The wallet is an essential accessory that you should go simple. Simplicity is the best in this case. A simple and neat wallet with the plain color and even&nbsp;<strong>minimalist style</strong>&nbsp;is versatile. It can be used for both formal and casual events. In addition, that wallet will go well with most of the clothes in your wardrobe.</p>\n\n<p>Keep in mind that a wallet will tell other people about your personality and your fashion sense as much as other clothes you put on. Hence, don&rsquo;t go cheesy on your wallet or else people will think that you have a funny and particular style.</p>\n\n<p style=\"text-align:center\"><img alt=\"f5\" src=\"/storage/news/2.png\" /></p>\n\n<p><br />\n&nbsp;</p>\n<hr />\n<h4><strong>Number 2: Choose The Right Size For Your Wallet</strong></h4>\n\n<p>You should avoid having an over-sized wallet. Don&rsquo;t think that you need to buy a big wallet because you have a lot to carry with you. In addition, a fat wallet is very ugly. It will make it harder for you to slide the wallet into your trousers&rsquo; pocket. In addition, it will create a bulge and ruin your look.</p>\n\n<p>Before you go on to buy a new wallet, clean out your wallet and place all of the items from your wallet on a table. Throw away things that you would never need any more such as the old bills or the expired gift cards. Remember to check your wallet on a frequent basis to get rid of all of the old stuff that you don&rsquo;t need anymore.</p>\n\n<p style=\"text-align:center\"><img alt=\"f1\" src=\"/storage/news/3.png\" /></p>\n\n<p><br />\n&nbsp;</p>\n\n<hr />\n<h4><strong>Number 3: Don&rsquo;t Limit Your Options Of Materials</strong></h4>\n\n<p>The types and designs of wallets are not the only things that you should consider when you go out searching for your best wallet. You have more than 1 option of material rather than leather to choose from as well.</p>\n\n<p>You can experiment with other available options such as cotton, polyester and canvas. They all have their own pros and cons. As a result, they will be suitable for different needs and requirements. You should think about them all in order to choose the material which you would like the most.</p>\n\n<p style=\"text-align:center\"><img alt=\"f6\" height=\"375\" src=\"/storage/news/4.png\" /></p>\n\n<p><br />\n&nbsp;</p>\n\n<hr />\n<h4><strong>Number 4: Consider A Wallet As A Long Term Investment</strong></h4>\n\n<p>Your wallet is indeed an investment that you should consider spending a decent amount of time and effort on it. Another factor that you need to consider is how much you want to spend on your wallet. The price ranges of wallets on the market vary a great deal. You can find a wallet which is as cheap as about 5 to 7 dollars. On the other hand, you should expect to pay around 250 to 300 dollars for a high-quality wallet.</p>\n\n<p>In case you need a wallet to use for a long time, it is a good idea that you should invest a decent amount of money on a wallet. A high quality wallet from a reputational brand with the premium quality such as cowhide leather will last for a long time. In addition, it is an accessory to show off your fashion sense and your social status.</p>\n\n<p style=\"text-align:center\"><img alt=\"f2\" height=\"400\" src=\"/storage/news/5.png\" /></p>\n\n<p>&nbsp;</p>\n','published',1,'Botble\\ACL\\Models\\User',1,'news/2.png',2271,NULL,'2022-01-04 21:14:42','2022-01-04 21:14:42'),(3,'The Top 2020 Handbag Trends to Know','You should pay more attention when you choose your wallets. There are a lot of them on the market with the different designs and styles. When you choose carefully, you would be able to buy a wallet that is catered to your needs. Not to mention that it will help to enhance your style significantly.','<p>I have seen many people underestimating the power of their wallets. To them, they are just a functional item they use to carry. As a result, they often end up with the wallets which are not really suitable for them.</p>\n\n<p>You should pay more attention when you choose your wallets. There are a lot of them on the market with the different designs and styles. When you choose carefully, you would be able to buy a wallet that is catered to your needs. Not to mention that it will help to enhance your style significantly.</p>\n\n<p style=\"text-align:center\"><img alt=\"f4\" src=\"/storage/news/1.png\" /></p>\n\n<p><br />\n&nbsp;</p>\n\n\n\n<p><strong><em>For all of the reason above, here are 7 expert tips to help you pick up the right men&rsquo;s wallet for you:</em></strong></p>\n\n<h4><strong>Number 1: Choose A Neat Wallet</strong></h4>\n\n<p>The wallet is an essential accessory that you should go simple. Simplicity is the best in this case. A simple and neat wallet with the plain color and even&nbsp;<strong>minimalist style</strong>&nbsp;is versatile. It can be used for both formal and casual events. In addition, that wallet will go well with most of the clothes in your wardrobe.</p>\n\n<p>Keep in mind that a wallet will tell other people about your personality and your fashion sense as much as other clothes you put on. Hence, don&rsquo;t go cheesy on your wallet or else people will think that you have a funny and particular style.</p>\n\n<p style=\"text-align:center\"><img alt=\"f5\" src=\"/storage/news/2.png\" /></p>\n\n<p><br />\n&nbsp;</p>\n<hr />\n<h4><strong>Number 2: Choose The Right Size For Your Wallet</strong></h4>\n\n<p>You should avoid having an over-sized wallet. Don&rsquo;t think that you need to buy a big wallet because you have a lot to carry with you. In addition, a fat wallet is very ugly. It will make it harder for you to slide the wallet into your trousers&rsquo; pocket. In addition, it will create a bulge and ruin your look.</p>\n\n<p>Before you go on to buy a new wallet, clean out your wallet and place all of the items from your wallet on a table. Throw away things that you would never need any more such as the old bills or the expired gift cards. Remember to check your wallet on a frequent basis to get rid of all of the old stuff that you don&rsquo;t need anymore.</p>\n\n<p style=\"text-align:center\"><img alt=\"f1\" src=\"/storage/news/3.png\" /></p>\n\n<p><br />\n&nbsp;</p>\n\n<hr />\n<h4><strong>Number 3: Don&rsquo;t Limit Your Options Of Materials</strong></h4>\n\n<p>The types and designs of wallets are not the only things that you should consider when you go out searching for your best wallet. You have more than 1 option of material rather than leather to choose from as well.</p>\n\n<p>You can experiment with other available options such as cotton, polyester and canvas. They all have their own pros and cons. As a result, they will be suitable for different needs and requirements. You should think about them all in order to choose the material which you would like the most.</p>\n\n<p style=\"text-align:center\"><img alt=\"f6\" height=\"375\" src=\"/storage/news/4.png\" /></p>\n\n<p><br />\n&nbsp;</p>\n\n<hr />\n<h4><strong>Number 4: Consider A Wallet As A Long Term Investment</strong></h4>\n\n<p>Your wallet is indeed an investment that you should consider spending a decent amount of time and effort on it. Another factor that you need to consider is how much you want to spend on your wallet. The price ranges of wallets on the market vary a great deal. You can find a wallet which is as cheap as about 5 to 7 dollars. On the other hand, you should expect to pay around 250 to 300 dollars for a high-quality wallet.</p>\n\n<p>In case you need a wallet to use for a long time, it is a good idea that you should invest a decent amount of money on a wallet. A high quality wallet from a reputational brand with the premium quality such as cowhide leather will last for a long time. In addition, it is an accessory to show off your fashion sense and your social status.</p>\n\n<p style=\"text-align:center\"><img alt=\"f2\" height=\"400\" src=\"/storage/news/5.png\" /></p>\n\n<p>&nbsp;</p>\n','published',1,'Botble\\ACL\\Models\\User',1,'news/3.png',1499,NULL,'2022-01-04 21:14:42','2022-01-04 21:14:42'),(4,'How to Match the Color of Your Handbag With an Outfit','You should pay more attention when you choose your wallets. There are a lot of them on the market with the different designs and styles. When you choose carefully, you would be able to buy a wallet that is catered to your needs. Not to mention that it will help to enhance your style significantly.','<p>I have seen many people underestimating the power of their wallets. To them, they are just a functional item they use to carry. As a result, they often end up with the wallets which are not really suitable for them.</p>\n\n<p>You should pay more attention when you choose your wallets. There are a lot of them on the market with the different designs and styles. When you choose carefully, you would be able to buy a wallet that is catered to your needs. Not to mention that it will help to enhance your style significantly.</p>\n\n<p style=\"text-align:center\"><img alt=\"f4\" src=\"/storage/news/1.png\" /></p>\n\n<p><br />\n&nbsp;</p>\n\n[featured-products title=\"Shop The Look\" limit=\"6\"][/featured-products]\n\n<p><strong><em>For all of the reason above, here are 7 expert tips to help you pick up the right men&rsquo;s wallet for you:</em></strong></p>\n\n<h4><strong>Number 1: Choose A Neat Wallet</strong></h4>\n\n<p>The wallet is an essential accessory that you should go simple. Simplicity is the best in this case. A simple and neat wallet with the plain color and even&nbsp;<strong>minimalist style</strong>&nbsp;is versatile. It can be used for both formal and casual events. In addition, that wallet will go well with most of the clothes in your wardrobe.</p>\n\n<p>Keep in mind that a wallet will tell other people about your personality and your fashion sense as much as other clothes you put on. Hence, don&rsquo;t go cheesy on your wallet or else people will think that you have a funny and particular style.</p>\n\n<p style=\"text-align:center\"><img alt=\"f5\" src=\"/storage/news/2.png\" /></p>\n\n<p><br />\n&nbsp;</p>\n<hr />\n<h4><strong>Number 2: Choose The Right Size For Your Wallet</strong></h4>\n\n<p>You should avoid having an over-sized wallet. Don&rsquo;t think that you need to buy a big wallet because you have a lot to carry with you. In addition, a fat wallet is very ugly. It will make it harder for you to slide the wallet into your trousers&rsquo; pocket. In addition, it will create a bulge and ruin your look.</p>\n\n<p>Before you go on to buy a new wallet, clean out your wallet and place all of the items from your wallet on a table. Throw away things that you would never need any more such as the old bills or the expired gift cards. Remember to check your wallet on a frequent basis to get rid of all of the old stuff that you don&rsquo;t need anymore.</p>\n\n<p style=\"text-align:center\"><img alt=\"f1\" src=\"/storage/news/3.png\" /></p>\n\n<p><br />\n&nbsp;</p>\n\n<hr />\n<h4><strong>Number 3: Don&rsquo;t Limit Your Options Of Materials</strong></h4>\n\n<p>The types and designs of wallets are not the only things that you should consider when you go out searching for your best wallet. You have more than 1 option of material rather than leather to choose from as well.</p>\n\n<p>You can experiment with other available options such as cotton, polyester and canvas. They all have their own pros and cons. As a result, they will be suitable for different needs and requirements. You should think about them all in order to choose the material which you would like the most.</p>\n\n<p style=\"text-align:center\"><img alt=\"f6\" height=\"375\" src=\"/storage/news/4.png\" /></p>\n\n<p><br />\n&nbsp;</p>\n\n<hr />\n<h4><strong>Number 4: Consider A Wallet As A Long Term Investment</strong></h4>\n\n<p>Your wallet is indeed an investment that you should consider spending a decent amount of time and effort on it. Another factor that you need to consider is how much you want to spend on your wallet. The price ranges of wallets on the market vary a great deal. You can find a wallet which is as cheap as about 5 to 7 dollars. On the other hand, you should expect to pay around 250 to 300 dollars for a high-quality wallet.</p>\n\n<p>In case you need a wallet to use for a long time, it is a good idea that you should invest a decent amount of money on a wallet. A high quality wallet from a reputational brand with the premium quality such as cowhide leather will last for a long time. In addition, it is an accessory to show off your fashion sense and your social status.</p>\n\n<p style=\"text-align:center\"><img alt=\"f2\" height=\"400\" src=\"/storage/news/5.png\" /></p>\n\n<p>&nbsp;</p>\n','published',1,'Botble\\ACL\\Models\\User',1,'news/4.png',1458,NULL,'2022-01-04 21:14:42','2022-01-04 21:14:42'),(5,'How to Care for Leather Bags','You should pay more attention when you choose your wallets. There are a lot of them on the market with the different designs and styles. When you choose carefully, you would be able to buy a wallet that is catered to your needs. Not to mention that it will help to enhance your style significantly.','<p>I have seen many people underestimating the power of their wallets. To them, they are just a functional item they use to carry. As a result, they often end up with the wallets which are not really suitable for them.</p>\n\n<p>You should pay more attention when you choose your wallets. There are a lot of them on the market with the different designs and styles. When you choose carefully, you would be able to buy a wallet that is catered to your needs. Not to mention that it will help to enhance your style significantly.</p>\n\n<p style=\"text-align:center\"><img alt=\"f4\" src=\"/storage/news/1.png\" /></p>\n\n<p><br />\n&nbsp;</p>\n\n\n\n<p><strong><em>For all of the reason above, here are 7 expert tips to help you pick up the right men&rsquo;s wallet for you:</em></strong></p>\n\n<h4><strong>Number 1: Choose A Neat Wallet</strong></h4>\n\n<p>The wallet is an essential accessory that you should go simple. Simplicity is the best in this case. A simple and neat wallet with the plain color and even&nbsp;<strong>minimalist style</strong>&nbsp;is versatile. It can be used for both formal and casual events. In addition, that wallet will go well with most of the clothes in your wardrobe.</p>\n\n<p>Keep in mind that a wallet will tell other people about your personality and your fashion sense as much as other clothes you put on. Hence, don&rsquo;t go cheesy on your wallet or else people will think that you have a funny and particular style.</p>\n\n<p style=\"text-align:center\"><img alt=\"f5\" src=\"/storage/news/2.png\" /></p>\n\n<p><br />\n&nbsp;</p>\n<hr />\n<h4><strong>Number 2: Choose The Right Size For Your Wallet</strong></h4>\n\n<p>You should avoid having an over-sized wallet. Don&rsquo;t think that you need to buy a big wallet because you have a lot to carry with you. In addition, a fat wallet is very ugly. It will make it harder for you to slide the wallet into your trousers&rsquo; pocket. In addition, it will create a bulge and ruin your look.</p>\n\n<p>Before you go on to buy a new wallet, clean out your wallet and place all of the items from your wallet on a table. Throw away things that you would never need any more such as the old bills or the expired gift cards. Remember to check your wallet on a frequent basis to get rid of all of the old stuff that you don&rsquo;t need anymore.</p>\n\n<p style=\"text-align:center\"><img alt=\"f1\" src=\"/storage/news/3.png\" /></p>\n\n<p><br />\n&nbsp;</p>\n\n<hr />\n<h4><strong>Number 3: Don&rsquo;t Limit Your Options Of Materials</strong></h4>\n\n<p>The types and designs of wallets are not the only things that you should consider when you go out searching for your best wallet. You have more than 1 option of material rather than leather to choose from as well.</p>\n\n<p>You can experiment with other available options such as cotton, polyester and canvas. They all have their own pros and cons. As a result, they will be suitable for different needs and requirements. You should think about them all in order to choose the material which you would like the most.</p>\n\n<p style=\"text-align:center\"><img alt=\"f6\" height=\"375\" src=\"/storage/news/4.png\" /></p>\n\n<p><br />\n&nbsp;</p>\n\n<hr />\n<h4><strong>Number 4: Consider A Wallet As A Long Term Investment</strong></h4>\n\n<p>Your wallet is indeed an investment that you should consider spending a decent amount of time and effort on it. Another factor that you need to consider is how much you want to spend on your wallet. The price ranges of wallets on the market vary a great deal. You can find a wallet which is as cheap as about 5 to 7 dollars. On the other hand, you should expect to pay around 250 to 300 dollars for a high-quality wallet.</p>\n\n<p>In case you need a wallet to use for a long time, it is a good idea that you should invest a decent amount of money on a wallet. A high quality wallet from a reputational brand with the premium quality such as cowhide leather will last for a long time. In addition, it is an accessory to show off your fashion sense and your social status.</p>\n\n<p style=\"text-align:center\"><img alt=\"f2\" height=\"400\" src=\"/storage/news/5.png\" /></p>\n\n<p>&nbsp;</p>\n','published',1,'Botble\\ACL\\Models\\User',1,'news/5.png',2475,NULL,'2022-01-04 21:14:42','2022-01-04 21:14:42'),(6,'We\'re Crushing Hard on Summer\'s 10 Biggest Bag Trends','You should pay more attention when you choose your wallets. There are a lot of them on the market with the different designs and styles. When you choose carefully, you would be able to buy a wallet that is catered to your needs. Not to mention that it will help to enhance your style significantly.','<p>I have seen many people underestimating the power of their wallets. To them, they are just a functional item they use to carry. As a result, they often end up with the wallets which are not really suitable for them.</p>\n\n<p>You should pay more attention when you choose your wallets. There are a lot of them on the market with the different designs and styles. When you choose carefully, you would be able to buy a wallet that is catered to your needs. Not to mention that it will help to enhance your style significantly.</p>\n\n<p style=\"text-align:center\"><img alt=\"f4\" src=\"/storage/news/1.png\" /></p>\n\n<p><br />\n&nbsp;</p>\n\n\n\n<p><strong><em>For all of the reason above, here are 7 expert tips to help you pick up the right men&rsquo;s wallet for you:</em></strong></p>\n\n<h4><strong>Number 1: Choose A Neat Wallet</strong></h4>\n\n<p>The wallet is an essential accessory that you should go simple. Simplicity is the best in this case. A simple and neat wallet with the plain color and even&nbsp;<strong>minimalist style</strong>&nbsp;is versatile. It can be used for both formal and casual events. In addition, that wallet will go well with most of the clothes in your wardrobe.</p>\n\n<p>Keep in mind that a wallet will tell other people about your personality and your fashion sense as much as other clothes you put on. Hence, don&rsquo;t go cheesy on your wallet or else people will think that you have a funny and particular style.</p>\n\n<p style=\"text-align:center\"><img alt=\"f5\" src=\"/storage/news/2.png\" /></p>\n\n<p><br />\n&nbsp;</p>\n<hr />\n<h4><strong>Number 2: Choose The Right Size For Your Wallet</strong></h4>\n\n<p>You should avoid having an over-sized wallet. Don&rsquo;t think that you need to buy a big wallet because you have a lot to carry with you. In addition, a fat wallet is very ugly. It will make it harder for you to slide the wallet into your trousers&rsquo; pocket. In addition, it will create a bulge and ruin your look.</p>\n\n<p>Before you go on to buy a new wallet, clean out your wallet and place all of the items from your wallet on a table. Throw away things that you would never need any more such as the old bills or the expired gift cards. Remember to check your wallet on a frequent basis to get rid of all of the old stuff that you don&rsquo;t need anymore.</p>\n\n<p style=\"text-align:center\"><img alt=\"f1\" src=\"/storage/news/3.png\" /></p>\n\n<p><br />\n&nbsp;</p>\n\n<hr />\n<h4><strong>Number 3: Don&rsquo;t Limit Your Options Of Materials</strong></h4>\n\n<p>The types and designs of wallets are not the only things that you should consider when you go out searching for your best wallet. You have more than 1 option of material rather than leather to choose from as well.</p>\n\n<p>You can experiment with other available options such as cotton, polyester and canvas. They all have their own pros and cons. As a result, they will be suitable for different needs and requirements. You should think about them all in order to choose the material which you would like the most.</p>\n\n<p style=\"text-align:center\"><img alt=\"f6\" height=\"375\" src=\"/storage/news/4.png\" /></p>\n\n<p><br />\n&nbsp;</p>\n\n<hr />\n<h4><strong>Number 4: Consider A Wallet As A Long Term Investment</strong></h4>\n\n<p>Your wallet is indeed an investment that you should consider spending a decent amount of time and effort on it. Another factor that you need to consider is how much you want to spend on your wallet. The price ranges of wallets on the market vary a great deal. You can find a wallet which is as cheap as about 5 to 7 dollars. On the other hand, you should expect to pay around 250 to 300 dollars for a high-quality wallet.</p>\n\n<p>In case you need a wallet to use for a long time, it is a good idea that you should invest a decent amount of money on a wallet. A high quality wallet from a reputational brand with the premium quality such as cowhide leather will last for a long time. In addition, it is an accessory to show off your fashion sense and your social status.</p>\n\n<p style=\"text-align:center\"><img alt=\"f2\" height=\"400\" src=\"/storage/news/5.png\" /></p>\n\n<p>&nbsp;</p>\n','published',1,'Botble\\ACL\\Models\\User',1,'news/6.png',1224,NULL,'2022-01-04 21:14:42','2022-01-04 21:14:42'),(7,'Essential Qualities of Highly Successful Music','You should pay more attention when you choose your wallets. There are a lot of them on the market with the different designs and styles. When you choose carefully, you would be able to buy a wallet that is catered to your needs. Not to mention that it will help to enhance your style significantly.','<p>I have seen many people underestimating the power of their wallets. To them, they are just a functional item they use to carry. As a result, they often end up with the wallets which are not really suitable for them.</p>\n\n<p>You should pay more attention when you choose your wallets. There are a lot of them on the market with the different designs and styles. When you choose carefully, you would be able to buy a wallet that is catered to your needs. Not to mention that it will help to enhance your style significantly.</p>\n\n<p style=\"text-align:center\"><img alt=\"f4\" src=\"/storage/news/1.png\" /></p>\n\n<p><br />\n&nbsp;</p>\n\n\n\n<p><strong><em>For all of the reason above, here are 7 expert tips to help you pick up the right men&rsquo;s wallet for you:</em></strong></p>\n\n<h4><strong>Number 1: Choose A Neat Wallet</strong></h4>\n\n<p>The wallet is an essential accessory that you should go simple. Simplicity is the best in this case. A simple and neat wallet with the plain color and even&nbsp;<strong>minimalist style</strong>&nbsp;is versatile. It can be used for both formal and casual events. In addition, that wallet will go well with most of the clothes in your wardrobe.</p>\n\n<p>Keep in mind that a wallet will tell other people about your personality and your fashion sense as much as other clothes you put on. Hence, don&rsquo;t go cheesy on your wallet or else people will think that you have a funny and particular style.</p>\n\n<p style=\"text-align:center\"><img alt=\"f5\" src=\"/storage/news/2.png\" /></p>\n\n<p><br />\n&nbsp;</p>\n<hr />\n<h4><strong>Number 2: Choose The Right Size For Your Wallet</strong></h4>\n\n<p>You should avoid having an over-sized wallet. Don&rsquo;t think that you need to buy a big wallet because you have a lot to carry with you. In addition, a fat wallet is very ugly. It will make it harder for you to slide the wallet into your trousers&rsquo; pocket. In addition, it will create a bulge and ruin your look.</p>\n\n<p>Before you go on to buy a new wallet, clean out your wallet and place all of the items from your wallet on a table. Throw away things that you would never need any more such as the old bills or the expired gift cards. Remember to check your wallet on a frequent basis to get rid of all of the old stuff that you don&rsquo;t need anymore.</p>\n\n<p style=\"text-align:center\"><img alt=\"f1\" src=\"/storage/news/3.png\" /></p>\n\n<p><br />\n&nbsp;</p>\n\n<hr />\n<h4><strong>Number 3: Don&rsquo;t Limit Your Options Of Materials</strong></h4>\n\n<p>The types and designs of wallets are not the only things that you should consider when you go out searching for your best wallet. You have more than 1 option of material rather than leather to choose from as well.</p>\n\n<p>You can experiment with other available options such as cotton, polyester and canvas. They all have their own pros and cons. As a result, they will be suitable for different needs and requirements. You should think about them all in order to choose the material which you would like the most.</p>\n\n<p style=\"text-align:center\"><img alt=\"f6\" height=\"375\" src=\"/storage/news/4.png\" /></p>\n\n<p><br />\n&nbsp;</p>\n\n<hr />\n<h4><strong>Number 4: Consider A Wallet As A Long Term Investment</strong></h4>\n\n<p>Your wallet is indeed an investment that you should consider spending a decent amount of time and effort on it. Another factor that you need to consider is how much you want to spend on your wallet. The price ranges of wallets on the market vary a great deal. You can find a wallet which is as cheap as about 5 to 7 dollars. On the other hand, you should expect to pay around 250 to 300 dollars for a high-quality wallet.</p>\n\n<p>In case you need a wallet to use for a long time, it is a good idea that you should invest a decent amount of money on a wallet. A high quality wallet from a reputational brand with the premium quality such as cowhide leather will last for a long time. In addition, it is an accessory to show off your fashion sense and your social status.</p>\n\n<p style=\"text-align:center\"><img alt=\"f2\" height=\"400\" src=\"/storage/news/5.png\" /></p>\n\n<p>&nbsp;</p>\n','published',1,'Botble\\ACL\\Models\\User',1,'news/7.png',485,NULL,'2022-01-04 21:14:42','2022-01-04 21:14:42'),(8,'9 Things I Love About Shaving My Head','You should pay more attention when you choose your wallets. There are a lot of them on the market with the different designs and styles. When you choose carefully, you would be able to buy a wallet that is catered to your needs. Not to mention that it will help to enhance your style significantly.','<p>I have seen many people underestimating the power of their wallets. To them, they are just a functional item they use to carry. As a result, they often end up with the wallets which are not really suitable for them.</p>\n\n<p>You should pay more attention when you choose your wallets. There are a lot of them on the market with the different designs and styles. When you choose carefully, you would be able to buy a wallet that is catered to your needs. Not to mention that it will help to enhance your style significantly.</p>\n\n<p style=\"text-align:center\"><img alt=\"f4\" src=\"/storage/news/1.png\" /></p>\n\n<p><br />\n&nbsp;</p>\n\n\n\n<p><strong><em>For all of the reason above, here are 7 expert tips to help you pick up the right men&rsquo;s wallet for you:</em></strong></p>\n\n<h4><strong>Number 1: Choose A Neat Wallet</strong></h4>\n\n<p>The wallet is an essential accessory that you should go simple. Simplicity is the best in this case. A simple and neat wallet with the plain color and even&nbsp;<strong>minimalist style</strong>&nbsp;is versatile. It can be used for both formal and casual events. In addition, that wallet will go well with most of the clothes in your wardrobe.</p>\n\n<p>Keep in mind that a wallet will tell other people about your personality and your fashion sense as much as other clothes you put on. Hence, don&rsquo;t go cheesy on your wallet or else people will think that you have a funny and particular style.</p>\n\n<p style=\"text-align:center\"><img alt=\"f5\" src=\"/storage/news/2.png\" /></p>\n\n<p><br />\n&nbsp;</p>\n<hr />\n<h4><strong>Number 2: Choose The Right Size For Your Wallet</strong></h4>\n\n<p>You should avoid having an over-sized wallet. Don&rsquo;t think that you need to buy a big wallet because you have a lot to carry with you. In addition, a fat wallet is very ugly. It will make it harder for you to slide the wallet into your trousers&rsquo; pocket. In addition, it will create a bulge and ruin your look.</p>\n\n<p>Before you go on to buy a new wallet, clean out your wallet and place all of the items from your wallet on a table. Throw away things that you would never need any more such as the old bills or the expired gift cards. Remember to check your wallet on a frequent basis to get rid of all of the old stuff that you don&rsquo;t need anymore.</p>\n\n<p style=\"text-align:center\"><img alt=\"f1\" src=\"/storage/news/3.png\" /></p>\n\n<p><br />\n&nbsp;</p>\n\n<hr />\n<h4><strong>Number 3: Don&rsquo;t Limit Your Options Of Materials</strong></h4>\n\n<p>The types and designs of wallets are not the only things that you should consider when you go out searching for your best wallet. You have more than 1 option of material rather than leather to choose from as well.</p>\n\n<p>You can experiment with other available options such as cotton, polyester and canvas. They all have their own pros and cons. As a result, they will be suitable for different needs and requirements. You should think about them all in order to choose the material which you would like the most.</p>\n\n<p style=\"text-align:center\"><img alt=\"f6\" height=\"375\" src=\"/storage/news/4.png\" /></p>\n\n<p><br />\n&nbsp;</p>\n\n<hr />\n<h4><strong>Number 4: Consider A Wallet As A Long Term Investment</strong></h4>\n\n<p>Your wallet is indeed an investment that you should consider spending a decent amount of time and effort on it. Another factor that you need to consider is how much you want to spend on your wallet. The price ranges of wallets on the market vary a great deal. You can find a wallet which is as cheap as about 5 to 7 dollars. On the other hand, you should expect to pay around 250 to 300 dollars for a high-quality wallet.</p>\n\n<p>In case you need a wallet to use for a long time, it is a good idea that you should invest a decent amount of money on a wallet. A high quality wallet from a reputational brand with the premium quality such as cowhide leather will last for a long time. In addition, it is an accessory to show off your fashion sense and your social status.</p>\n\n<p style=\"text-align:center\"><img alt=\"f2\" height=\"400\" src=\"/storage/news/5.png\" /></p>\n\n<p>&nbsp;</p>\n','published',1,'Botble\\ACL\\Models\\User',1,'news/8.png',1225,NULL,'2022-01-04 21:14:42','2022-01-04 21:14:42'),(9,'Why Teamwork Really Makes The Dream Work','You should pay more attention when you choose your wallets. There are a lot of them on the market with the different designs and styles. When you choose carefully, you would be able to buy a wallet that is catered to your needs. Not to mention that it will help to enhance your style significantly.','<p>I have seen many people underestimating the power of their wallets. To them, they are just a functional item they use to carry. As a result, they often end up with the wallets which are not really suitable for them.</p>\n\n<p>You should pay more attention when you choose your wallets. There are a lot of them on the market with the different designs and styles. When you choose carefully, you would be able to buy a wallet that is catered to your needs. Not to mention that it will help to enhance your style significantly.</p>\n\n<p style=\"text-align:center\"><img alt=\"f4\" src=\"/storage/news/1.png\" /></p>\n\n<p><br />\n&nbsp;</p>\n\n\n\n<p><strong><em>For all of the reason above, here are 7 expert tips to help you pick up the right men&rsquo;s wallet for you:</em></strong></p>\n\n<h4><strong>Number 1: Choose A Neat Wallet</strong></h4>\n\n<p>The wallet is an essential accessory that you should go simple. Simplicity is the best in this case. A simple and neat wallet with the plain color and even&nbsp;<strong>minimalist style</strong>&nbsp;is versatile. It can be used for both formal and casual events. In addition, that wallet will go well with most of the clothes in your wardrobe.</p>\n\n<p>Keep in mind that a wallet will tell other people about your personality and your fashion sense as much as other clothes you put on. Hence, don&rsquo;t go cheesy on your wallet or else people will think that you have a funny and particular style.</p>\n\n<p style=\"text-align:center\"><img alt=\"f5\" src=\"/storage/news/2.png\" /></p>\n\n<p><br />\n&nbsp;</p>\n<hr />\n<h4><strong>Number 2: Choose The Right Size For Your Wallet</strong></h4>\n\n<p>You should avoid having an over-sized wallet. Don&rsquo;t think that you need to buy a big wallet because you have a lot to carry with you. In addition, a fat wallet is very ugly. It will make it harder for you to slide the wallet into your trousers&rsquo; pocket. In addition, it will create a bulge and ruin your look.</p>\n\n<p>Before you go on to buy a new wallet, clean out your wallet and place all of the items from your wallet on a table. Throw away things that you would never need any more such as the old bills or the expired gift cards. Remember to check your wallet on a frequent basis to get rid of all of the old stuff that you don&rsquo;t need anymore.</p>\n\n<p style=\"text-align:center\"><img alt=\"f1\" src=\"/storage/news/3.png\" /></p>\n\n<p><br />\n&nbsp;</p>\n\n<hr />\n<h4><strong>Number 3: Don&rsquo;t Limit Your Options Of Materials</strong></h4>\n\n<p>The types and designs of wallets are not the only things that you should consider when you go out searching for your best wallet. You have more than 1 option of material rather than leather to choose from as well.</p>\n\n<p>You can experiment with other available options such as cotton, polyester and canvas. They all have their own pros and cons. As a result, they will be suitable for different needs and requirements. You should think about them all in order to choose the material which you would like the most.</p>\n\n<p style=\"text-align:center\"><img alt=\"f6\" height=\"375\" src=\"/storage/news/4.png\" /></p>\n\n<p><br />\n&nbsp;</p>\n\n<hr />\n<h4><strong>Number 4: Consider A Wallet As A Long Term Investment</strong></h4>\n\n<p>Your wallet is indeed an investment that you should consider spending a decent amount of time and effort on it. Another factor that you need to consider is how much you want to spend on your wallet. The price ranges of wallets on the market vary a great deal. You can find a wallet which is as cheap as about 5 to 7 dollars. On the other hand, you should expect to pay around 250 to 300 dollars for a high-quality wallet.</p>\n\n<p>In case you need a wallet to use for a long time, it is a good idea that you should invest a decent amount of money on a wallet. A high quality wallet from a reputational brand with the premium quality such as cowhide leather will last for a long time. In addition, it is an accessory to show off your fashion sense and your social status.</p>\n\n<p style=\"text-align:center\"><img alt=\"f2\" height=\"400\" src=\"/storage/news/5.png\" /></p>\n\n<p>&nbsp;</p>\n','published',1,'Botble\\ACL\\Models\\User',1,'news/9.png',121,NULL,'2022-01-04 21:14:42','2022-01-04 21:14:42'),(10,'The World Caters to Average People','You should pay more attention when you choose your wallets. There are a lot of them on the market with the different designs and styles. When you choose carefully, you would be able to buy a wallet that is catered to your needs. Not to mention that it will help to enhance your style significantly.','<p>I have seen many people underestimating the power of their wallets. To them, they are just a functional item they use to carry. As a result, they often end up with the wallets which are not really suitable for them.</p>\n\n<p>You should pay more attention when you choose your wallets. There are a lot of them on the market with the different designs and styles. When you choose carefully, you would be able to buy a wallet that is catered to your needs. Not to mention that it will help to enhance your style significantly.</p>\n\n<p style=\"text-align:center\"><img alt=\"f4\" src=\"/storage/news/1.png\" /></p>\n\n<p><br />\n&nbsp;</p>\n\n\n\n<p><strong><em>For all of the reason above, here are 7 expert tips to help you pick up the right men&rsquo;s wallet for you:</em></strong></p>\n\n<h4><strong>Number 1: Choose A Neat Wallet</strong></h4>\n\n<p>The wallet is an essential accessory that you should go simple. Simplicity is the best in this case. A simple and neat wallet with the plain color and even&nbsp;<strong>minimalist style</strong>&nbsp;is versatile. It can be used for both formal and casual events. In addition, that wallet will go well with most of the clothes in your wardrobe.</p>\n\n<p>Keep in mind that a wallet will tell other people about your personality and your fashion sense as much as other clothes you put on. Hence, don&rsquo;t go cheesy on your wallet or else people will think that you have a funny and particular style.</p>\n\n<p style=\"text-align:center\"><img alt=\"f5\" src=\"/storage/news/2.png\" /></p>\n\n<p><br />\n&nbsp;</p>\n<hr />\n<h4><strong>Number 2: Choose The Right Size For Your Wallet</strong></h4>\n\n<p>You should avoid having an over-sized wallet. Don&rsquo;t think that you need to buy a big wallet because you have a lot to carry with you. In addition, a fat wallet is very ugly. It will make it harder for you to slide the wallet into your trousers&rsquo; pocket. In addition, it will create a bulge and ruin your look.</p>\n\n<p>Before you go on to buy a new wallet, clean out your wallet and place all of the items from your wallet on a table. Throw away things that you would never need any more such as the old bills or the expired gift cards. Remember to check your wallet on a frequent basis to get rid of all of the old stuff that you don&rsquo;t need anymore.</p>\n\n<p style=\"text-align:center\"><img alt=\"f1\" src=\"/storage/news/3.png\" /></p>\n\n<p><br />\n&nbsp;</p>\n\n<hr />\n<h4><strong>Number 3: Don&rsquo;t Limit Your Options Of Materials</strong></h4>\n\n<p>The types and designs of wallets are not the only things that you should consider when you go out searching for your best wallet. You have more than 1 option of material rather than leather to choose from as well.</p>\n\n<p>You can experiment with other available options such as cotton, polyester and canvas. They all have their own pros and cons. As a result, they will be suitable for different needs and requirements. You should think about them all in order to choose the material which you would like the most.</p>\n\n<p style=\"text-align:center\"><img alt=\"f6\" height=\"375\" src=\"/storage/news/4.png\" /></p>\n\n<p><br />\n&nbsp;</p>\n\n<hr />\n<h4><strong>Number 4: Consider A Wallet As A Long Term Investment</strong></h4>\n\n<p>Your wallet is indeed an investment that you should consider spending a decent amount of time and effort on it. Another factor that you need to consider is how much you want to spend on your wallet. The price ranges of wallets on the market vary a great deal. You can find a wallet which is as cheap as about 5 to 7 dollars. On the other hand, you should expect to pay around 250 to 300 dollars for a high-quality wallet.</p>\n\n<p>In case you need a wallet to use for a long time, it is a good idea that you should invest a decent amount of money on a wallet. A high quality wallet from a reputational brand with the premium quality such as cowhide leather will last for a long time. In addition, it is an accessory to show off your fashion sense and your social status.</p>\n\n<p style=\"text-align:center\"><img alt=\"f2\" height=\"400\" src=\"/storage/news/5.png\" /></p>\n\n<p>&nbsp;</p>\n','published',1,'Botble\\ACL\\Models\\User',1,'news/10.png',1450,NULL,'2022-01-04 21:14:42','2022-01-04 21:14:42'),(11,'The litigants on the screen are not actors','You should pay more attention when you choose your wallets. There are a lot of them on the market with the different designs and styles. When you choose carefully, you would be able to buy a wallet that is catered to your needs. Not to mention that it will help to enhance your style significantly.','<p>I have seen many people underestimating the power of their wallets. To them, they are just a functional item they use to carry. As a result, they often end up with the wallets which are not really suitable for them.</p>\n\n<p>You should pay more attention when you choose your wallets. There are a lot of them on the market with the different designs and styles. When you choose carefully, you would be able to buy a wallet that is catered to your needs. Not to mention that it will help to enhance your style significantly.</p>\n\n<p style=\"text-align:center\"><img alt=\"f4\" src=\"/storage/news/1.png\" /></p>\n\n<p><br />\n&nbsp;</p>\n\n\n\n<p><strong><em>For all of the reason above, here are 7 expert tips to help you pick up the right men&rsquo;s wallet for you:</em></strong></p>\n\n<h4><strong>Number 1: Choose A Neat Wallet</strong></h4>\n\n<p>The wallet is an essential accessory that you should go simple. Simplicity is the best in this case. A simple and neat wallet with the plain color and even&nbsp;<strong>minimalist style</strong>&nbsp;is versatile. It can be used for both formal and casual events. In addition, that wallet will go well with most of the clothes in your wardrobe.</p>\n\n<p>Keep in mind that a wallet will tell other people about your personality and your fashion sense as much as other clothes you put on. Hence, don&rsquo;t go cheesy on your wallet or else people will think that you have a funny and particular style.</p>\n\n<p style=\"text-align:center\"><img alt=\"f5\" src=\"/storage/news/2.png\" /></p>\n\n<p><br />\n&nbsp;</p>\n<hr />\n<h4><strong>Number 2: Choose The Right Size For Your Wallet</strong></h4>\n\n<p>You should avoid having an over-sized wallet. Don&rsquo;t think that you need to buy a big wallet because you have a lot to carry with you. In addition, a fat wallet is very ugly. It will make it harder for you to slide the wallet into your trousers&rsquo; pocket. In addition, it will create a bulge and ruin your look.</p>\n\n<p>Before you go on to buy a new wallet, clean out your wallet and place all of the items from your wallet on a table. Throw away things that you would never need any more such as the old bills or the expired gift cards. Remember to check your wallet on a frequent basis to get rid of all of the old stuff that you don&rsquo;t need anymore.</p>\n\n<p style=\"text-align:center\"><img alt=\"f1\" src=\"/storage/news/3.png\" /></p>\n\n<p><br />\n&nbsp;</p>\n\n<hr />\n<h4><strong>Number 3: Don&rsquo;t Limit Your Options Of Materials</strong></h4>\n\n<p>The types and designs of wallets are not the only things that you should consider when you go out searching for your best wallet. You have more than 1 option of material rather than leather to choose from as well.</p>\n\n<p>You can experiment with other available options such as cotton, polyester and canvas. They all have their own pros and cons. As a result, they will be suitable for different needs and requirements. You should think about them all in order to choose the material which you would like the most.</p>\n\n<p style=\"text-align:center\"><img alt=\"f6\" height=\"375\" src=\"/storage/news/4.png\" /></p>\n\n<p><br />\n&nbsp;</p>\n\n<hr />\n<h4><strong>Number 4: Consider A Wallet As A Long Term Investment</strong></h4>\n\n<p>Your wallet is indeed an investment that you should consider spending a decent amount of time and effort on it. Another factor that you need to consider is how much you want to spend on your wallet. The price ranges of wallets on the market vary a great deal. You can find a wallet which is as cheap as about 5 to 7 dollars. On the other hand, you should expect to pay around 250 to 300 dollars for a high-quality wallet.</p>\n\n<p>In case you need a wallet to use for a long time, it is a good idea that you should invest a decent amount of money on a wallet. A high quality wallet from a reputational brand with the premium quality such as cowhide leather will last for a long time. In addition, it is an accessory to show off your fashion sense and your social status.</p>\n\n<p style=\"text-align:center\"><img alt=\"f2\" height=\"400\" src=\"/storage/news/5.png\" /></p>\n\n<p>&nbsp;</p>\n','published',1,'Botble\\ACL\\Models\\User',0,'news/11.png',1394,NULL,'2022-01-04 21:14:42','2022-01-04 21:14:42');
/*!40000 ALTER TABLE `posts` ENABLE KEYS */;
UNLOCK TABLES;

--
-- Table structure for table `posts_translations`
--

DROP TABLE IF EXISTS `posts_translations`;
/*!40101 SET @saved_cs_client     = @@character_set_client */;
/*!40101 SET character_set_client = utf8 */;
CREATE TABLE `posts_translations` (
  `lang_code` varchar(191) COLLATE utf8mb4_unicode_ci NOT NULL,
  `posts_id` int(11) NOT NULL,
  `name` varchar(255) COLLATE utf8mb4_unicode_ci DEFAULT NULL,
  `description` varchar(400) COLLATE utf8mb4_unicode_ci DEFAULT NULL,
  `content` longtext COLLATE utf8mb4_unicode_ci DEFAULT NULL,
  PRIMARY KEY (`lang_code`,`posts_id`)
) ENGINE=InnoDB DEFAULT CHARSET=utf8mb4 COLLATE=utf8mb4_unicode_ci;
/*!40101 SET character_set_client = @saved_cs_client */;

--
-- Dumping data for table `posts_translations`
--

LOCK TABLES `posts_translations` WRITE;
/*!40000 ALTER TABLE `posts_translations` DISABLE KEYS */;
INSERT INTO `posts_translations` VALUES ('vi',1,'4 Lời khuyên của Chuyên gia về Cách Chọn Ví Nam Phù hợp','You should pay more attention when you choose your wallets. There are a lot of them on the market with the different designs and styles. When you choose carefully, you would be able to buy a wallet that is catered to your needs. Not to mention that it will help to enhance your style significantly.','<p>I have seen many people underestimating the power of their wallets. To them, they are just a functional item they use to carry. As a result, they often end up with the wallets which are not really suitable for them.</p>\n\n<p>You should pay more attention when you choose your wallets. There are a lot of them on the market with the different designs and styles. When you choose carefully, you would be able to buy a wallet that is catered to your needs. Not to mention that it will help to enhance your style significantly.</p>\n\n<p style=\"text-align:center\"><img alt=\"f4\" src=\"/storage/news/1.png\" /></p>\n\n<p><br />\n&nbsp;</p>\n\n\n\n<p><strong><em>For all of the reason above, here are 7 expert tips to help you pick up the right men&rsquo;s wallet for you:</em></strong></p>\n\n<h4><strong>Number 1: Choose A Neat Wallet</strong></h4>\n\n<p>The wallet is an essential accessory that you should go simple. Simplicity is the best in this case. A simple and neat wallet with the plain color and even&nbsp;<strong>minimalist style</strong>&nbsp;is versatile. It can be used for both formal and casual events. In addition, that wallet will go well with most of the clothes in your wardrobe.</p>\n\n<p>Keep in mind that a wallet will tell other people about your personality and your fashion sense as much as other clothes you put on. Hence, don&rsquo;t go cheesy on your wallet or else people will think that you have a funny and particular style.</p>\n\n<p style=\"text-align:center\"><img alt=\"f5\" src=\"/storage/news/2.png\" /></p>\n\n<p><br />\n&nbsp;</p>\n<hr />\n<h4><strong>Number 2: Choose The Right Size For Your Wallet</strong></h4>\n\n<p>You should avoid having an over-sized wallet. Don&rsquo;t think that you need to buy a big wallet because you have a lot to carry with you. In addition, a fat wallet is very ugly. It will make it harder for you to slide the wallet into your trousers&rsquo; pocket. In addition, it will create a bulge and ruin your look.</p>\n\n<p>Before you go on to buy a new wallet, clean out your wallet and place all of the items from your wallet on a table. Throw away things that you would never need any more such as the old bills or the expired gift cards. Remember to check your wallet on a frequent basis to get rid of all of the old stuff that you don&rsquo;t need anymore.</p>\n\n<p style=\"text-align:center\"><img alt=\"f1\" src=\"/storage/news/3.png\" /></p>\n\n<p><br />\n&nbsp;</p>\n\n<hr />\n<h4><strong>Number 3: Don&rsquo;t Limit Your Options Of Materials</strong></h4>\n\n<p>The types and designs of wallets are not the only things that you should consider when you go out searching for your best wallet. You have more than 1 option of material rather than leather to choose from as well.</p>\n\n<p>You can experiment with other available options such as cotton, polyester and canvas. They all have their own pros and cons. As a result, they will be suitable for different needs and requirements. You should think about them all in order to choose the material which you would like the most.</p>\n\n<p style=\"text-align:center\"><img alt=\"f6\" height=\"375\" src=\"/storage/news/4.png\" /></p>\n\n<p><br />\n&nbsp;</p>\n\n<hr />\n<h4><strong>Number 4: Consider A Wallet As A Long Term Investment</strong></h4>\n\n<p>Your wallet is indeed an investment that you should consider spending a decent amount of time and effort on it. Another factor that you need to consider is how much you want to spend on your wallet. The price ranges of wallets on the market vary a great deal. You can find a wallet which is as cheap as about 5 to 7 dollars. On the other hand, you should expect to pay around 250 to 300 dollars for a high-quality wallet.</p>\n\n<p>In case you need a wallet to use for a long time, it is a good idea that you should invest a decent amount of money on a wallet. A high quality wallet from a reputational brand with the premium quality such as cowhide leather will last for a long time. In addition, it is an accessory to show off your fashion sense and your social status.</p>\n\n<p style=\"text-align:center\"><img alt=\"f2\" height=\"400\" src=\"/storage/news/5.png\" /></p>\n\n<p>&nbsp;</p>\n'),('vi',2,'Sexy Clutches: Cách Mua & Đeo Túi Clutch Thiết kế','You should pay more attention when you choose your wallets. There are a lot of them on the market with the different designs and styles. When you choose carefully, you would be able to buy a wallet that is catered to your needs. Not to mention that it will help to enhance your style significantly.','<p>I have seen many people underestimating the power of their wallets. To them, they are just a functional item they use to carry. As a result, they often end up with the wallets which are not really suitable for them.</p>\n\n<p>You should pay more attention when you choose your wallets. There are a lot of them on the market with the different designs and styles. When you choose carefully, you would be able to buy a wallet that is catered to your needs. Not to mention that it will help to enhance your style significantly.</p>\n\n<p style=\"text-align:center\"><img alt=\"f4\" src=\"/storage/news/1.png\" /></p>\n\n<p><br />\n&nbsp;</p>\n\n\n\n<p><strong><em>For all of the reason above, here are 7 expert tips to help you pick up the right men&rsquo;s wallet for you:</em></strong></p>\n\n<h4><strong>Number 1: Choose A Neat Wallet</strong></h4>\n\n<p>The wallet is an essential accessory that you should go simple. Simplicity is the best in this case. A simple and neat wallet with the plain color and even&nbsp;<strong>minimalist style</strong>&nbsp;is versatile. It can be used for both formal and casual events. In addition, that wallet will go well with most of the clothes in your wardrobe.</p>\n\n<p>Keep in mind that a wallet will tell other people about your personality and your fashion sense as much as other clothes you put on. Hence, don&rsquo;t go cheesy on your wallet or else people will think that you have a funny and particular style.</p>\n\n<p style=\"text-align:center\"><img alt=\"f5\" src=\"/storage/news/2.png\" /></p>\n\n<p><br />\n&nbsp;</p>\n<hr />\n<h4><strong>Number 2: Choose The Right Size For Your Wallet</strong></h4>\n\n<p>You should avoid having an over-sized wallet. Don&rsquo;t think that you need to buy a big wallet because you have a lot to carry with you. In addition, a fat wallet is very ugly. It will make it harder for you to slide the wallet into your trousers&rsquo; pocket. In addition, it will create a bulge and ruin your look.</p>\n\n<p>Before you go on to buy a new wallet, clean out your wallet and place all of the items from your wallet on a table. Throw away things that you would never need any more such as the old bills or the expired gift cards. Remember to check your wallet on a frequent basis to get rid of all of the old stuff that you don&rsquo;t need anymore.</p>\n\n<p style=\"text-align:center\"><img alt=\"f1\" src=\"/storage/news/3.png\" /></p>\n\n<p><br />\n&nbsp;</p>\n\n<hr />\n<h4><strong>Number 3: Don&rsquo;t Limit Your Options Of Materials</strong></h4>\n\n<p>The types and designs of wallets are not the only things that you should consider when you go out searching for your best wallet. You have more than 1 option of material rather than leather to choose from as well.</p>\n\n<p>You can experiment with other available options such as cotton, polyester and canvas. They all have their own pros and cons. As a result, they will be suitable for different needs and requirements. You should think about them all in order to choose the material which you would like the most.</p>\n\n<p style=\"text-align:center\"><img alt=\"f6\" height=\"375\" src=\"/storage/news/4.png\" /></p>\n\n<p><br />\n&nbsp;</p>\n\n<hr />\n<h4><strong>Number 4: Consider A Wallet As A Long Term Investment</strong></h4>\n\n<p>Your wallet is indeed an investment that you should consider spending a decent amount of time and effort on it. Another factor that you need to consider is how much you want to spend on your wallet. The price ranges of wallets on the market vary a great deal. You can find a wallet which is as cheap as about 5 to 7 dollars. On the other hand, you should expect to pay around 250 to 300 dollars for a high-quality wallet.</p>\n\n<p>In case you need a wallet to use for a long time, it is a good idea that you should invest a decent amount of money on a wallet. A high quality wallet from a reputational brand with the premium quality such as cowhide leather will last for a long time. In addition, it is an accessory to show off your fashion sense and your social status.</p>\n\n<p style=\"text-align:center\"><img alt=\"f2\" height=\"400\" src=\"/storage/news/5.png\" /></p>\n\n<p>&nbsp;</p>\n'),('vi',3,'Xu hướng túi xách hàng đầu năm 2020 cần biết','You should pay more attention when you choose your wallets. There are a lot of them on the market with the different designs and styles. When you choose carefully, you would be able to buy a wallet that is catered to your needs. Not to mention that it will help to enhance your style significantly.','<p>I have seen many people underestimating the power of their wallets. To them, they are just a functional item they use to carry. As a result, they often end up with the wallets which are not really suitable for them.</p>\n\n<p>You should pay more attention when you choose your wallets. There are a lot of them on the market with the different designs and styles. When you choose carefully, you would be able to buy a wallet that is catered to your needs. Not to mention that it will help to enhance your style significantly.</p>\n\n<p style=\"text-align:center\"><img alt=\"f4\" src=\"/storage/news/1.png\" /></p>\n\n<p><br />\n&nbsp;</p>\n\n\n\n<p><strong><em>For all of the reason above, here are 7 expert tips to help you pick up the right men&rsquo;s wallet for you:</em></strong></p>\n\n<h4><strong>Number 1: Choose A Neat Wallet</strong></h4>\n\n<p>The wallet is an essential accessory that you should go simple. Simplicity is the best in this case. A simple and neat wallet with the plain color and even&nbsp;<strong>minimalist style</strong>&nbsp;is versatile. It can be used for both formal and casual events. In addition, that wallet will go well with most of the clothes in your wardrobe.</p>\n\n<p>Keep in mind that a wallet will tell other people about your personality and your fashion sense as much as other clothes you put on. Hence, don&rsquo;t go cheesy on your wallet or else people will think that you have a funny and particular style.</p>\n\n<p style=\"text-align:center\"><img alt=\"f5\" src=\"/storage/news/2.png\" /></p>\n\n<p><br />\n&nbsp;</p>\n<hr />\n<h4><strong>Number 2: Choose The Right Size For Your Wallet</strong></h4>\n\n<p>You should avoid having an over-sized wallet. Don&rsquo;t think that you need to buy a big wallet because you have a lot to carry with you. In addition, a fat wallet is very ugly. It will make it harder for you to slide the wallet into your trousers&rsquo; pocket. In addition, it will create a bulge and ruin your look.</p>\n\n<p>Before you go on to buy a new wallet, clean out your wallet and place all of the items from your wallet on a table. Throw away things that you would never need any more such as the old bills or the expired gift cards. Remember to check your wallet on a frequent basis to get rid of all of the old stuff that you don&rsquo;t need anymore.</p>\n\n<p style=\"text-align:center\"><img alt=\"f1\" src=\"/storage/news/3.png\" /></p>\n\n<p><br />\n&nbsp;</p>\n\n<hr />\n<h4><strong>Number 3: Don&rsquo;t Limit Your Options Of Materials</strong></h4>\n\n<p>The types and designs of wallets are not the only things that you should consider when you go out searching for your best wallet. You have more than 1 option of material rather than leather to choose from as well.</p>\n\n<p>You can experiment with other available options such as cotton, polyester and canvas. They all have their own pros and cons. As a result, they will be suitable for different needs and requirements. You should think about them all in order to choose the material which you would like the most.</p>\n\n<p style=\"text-align:center\"><img alt=\"f6\" height=\"375\" src=\"/storage/news/4.png\" /></p>\n\n<p><br />\n&nbsp;</p>\n\n<hr />\n<h4><strong>Number 4: Consider A Wallet As A Long Term Investment</strong></h4>\n\n<p>Your wallet is indeed an investment that you should consider spending a decent amount of time and effort on it. Another factor that you need to consider is how much you want to spend on your wallet. The price ranges of wallets on the market vary a great deal. You can find a wallet which is as cheap as about 5 to 7 dollars. On the other hand, you should expect to pay around 250 to 300 dollars for a high-quality wallet.</p>\n\n<p>In case you need a wallet to use for a long time, it is a good idea that you should invest a decent amount of money on a wallet. A high quality wallet from a reputational brand with the premium quality such as cowhide leather will last for a long time. In addition, it is an accessory to show off your fashion sense and your social status.</p>\n\n<p style=\"text-align:center\"><img alt=\"f2\" height=\"400\" src=\"/storage/news/5.png\" /></p>\n\n<p>&nbsp;</p>\n'),('vi',4,'Cách Phối Màu Túi Xách Của Bạn Với Trang Phục','You should pay more attention when you choose your wallets. There are a lot of them on the market with the different designs and styles. When you choose carefully, you would be able to buy a wallet that is catered to your needs. Not to mention that it will help to enhance your style significantly.','<p>I have seen many people underestimating the power of their wallets. To them, they are just a functional item they use to carry. As a result, they often end up with the wallets which are not really suitable for them.</p>\n\n<p>You should pay more attention when you choose your wallets. There are a lot of them on the market with the different designs and styles. When you choose carefully, you would be able to buy a wallet that is catered to your needs. Not to mention that it will help to enhance your style significantly.</p>\n\n<p style=\"text-align:center\"><img alt=\"f4\" src=\"/storage/news/1.png\" /></p>\n\n<p><br />\n&nbsp;</p>\n\n\n\n<p><strong><em>For all of the reason above, here are 7 expert tips to help you pick up the right men&rsquo;s wallet for you:</em></strong></p>\n\n<h4><strong>Number 1: Choose A Neat Wallet</strong></h4>\n\n<p>The wallet is an essential accessory that you should go simple. Simplicity is the best in this case. A simple and neat wallet with the plain color and even&nbsp;<strong>minimalist style</strong>&nbsp;is versatile. It can be used for both formal and casual events. In addition, that wallet will go well with most of the clothes in your wardrobe.</p>\n\n<p>Keep in mind that a wallet will tell other people about your personality and your fashion sense as much as other clothes you put on. Hence, don&rsquo;t go cheesy on your wallet or else people will think that you have a funny and particular style.</p>\n\n<p style=\"text-align:center\"><img alt=\"f5\" src=\"/storage/news/2.png\" /></p>\n\n<p><br />\n&nbsp;</p>\n<hr />\n<h4><strong>Number 2: Choose The Right Size For Your Wallet</strong></h4>\n\n<p>You should avoid having an over-sized wallet. Don&rsquo;t think that you need to buy a big wallet because you have a lot to carry with you. In addition, a fat wallet is very ugly. It will make it harder for you to slide the wallet into your trousers&rsquo; pocket. In addition, it will create a bulge and ruin your look.</p>\n\n<p>Before you go on to buy a new wallet, clean out your wallet and place all of the items from your wallet on a table. Throw away things that you would never need any more such as the old bills or the expired gift cards. Remember to check your wallet on a frequent basis to get rid of all of the old stuff that you don&rsquo;t need anymore.</p>\n\n<p style=\"text-align:center\"><img alt=\"f1\" src=\"/storage/news/3.png\" /></p>\n\n<p><br />\n&nbsp;</p>\n\n<hr />\n<h4><strong>Number 3: Don&rsquo;t Limit Your Options Of Materials</strong></h4>\n\n<p>The types and designs of wallets are not the only things that you should consider when you go out searching for your best wallet. You have more than 1 option of material rather than leather to choose from as well.</p>\n\n<p>You can experiment with other available options such as cotton, polyester and canvas. They all have their own pros and cons. As a result, they will be suitable for different needs and requirements. You should think about them all in order to choose the material which you would like the most.</p>\n\n<p style=\"text-align:center\"><img alt=\"f6\" height=\"375\" src=\"/storage/news/4.png\" /></p>\n\n<p><br />\n&nbsp;</p>\n\n<hr />\n<h4><strong>Number 4: Consider A Wallet As A Long Term Investment</strong></h4>\n\n<p>Your wallet is indeed an investment that you should consider spending a decent amount of time and effort on it. Another factor that you need to consider is how much you want to spend on your wallet. The price ranges of wallets on the market vary a great deal. You can find a wallet which is as cheap as about 5 to 7 dollars. On the other hand, you should expect to pay around 250 to 300 dollars for a high-quality wallet.</p>\n\n<p>In case you need a wallet to use for a long time, it is a good idea that you should invest a decent amount of money on a wallet. A high quality wallet from a reputational brand with the premium quality such as cowhide leather will last for a long time. In addition, it is an accessory to show off your fashion sense and your social status.</p>\n\n<p style=\"text-align:center\"><img alt=\"f2\" height=\"400\" src=\"/storage/news/5.png\" /></p>\n\n<p>&nbsp;</p>\n'),('vi',5,'Cách Chăm sóc Túi Da','You should pay more attention when you choose your wallets. There are a lot of them on the market with the different designs and styles. When you choose carefully, you would be able to buy a wallet that is catered to your needs. Not to mention that it will help to enhance your style significantly.','<p>I have seen many people underestimating the power of their wallets. To them, they are just a functional item they use to carry. As a result, they often end up with the wallets which are not really suitable for them.</p>\n\n<p>You should pay more attention when you choose your wallets. There are a lot of them on the market with the different designs and styles. When you choose carefully, you would be able to buy a wallet that is catered to your needs. Not to mention that it will help to enhance your style significantly.</p>\n\n<p style=\"text-align:center\"><img alt=\"f4\" src=\"/storage/news/1.png\" /></p>\n\n<p><br />\n&nbsp;</p>\n\n\n\n<p><strong><em>For all of the reason above, here are 7 expert tips to help you pick up the right men&rsquo;s wallet for you:</em></strong></p>\n\n<h4><strong>Number 1: Choose A Neat Wallet</strong></h4>\n\n<p>The wallet is an essential accessory that you should go simple. Simplicity is the best in this case. A simple and neat wallet with the plain color and even&nbsp;<strong>minimalist style</strong>&nbsp;is versatile. It can be used for both formal and casual events. In addition, that wallet will go well with most of the clothes in your wardrobe.</p>\n\n<p>Keep in mind that a wallet will tell other people about your personality and your fashion sense as much as other clothes you put on. Hence, don&rsquo;t go cheesy on your wallet or else people will think that you have a funny and particular style.</p>\n\n<p style=\"text-align:center\"><img alt=\"f5\" src=\"/storage/news/2.png\" /></p>\n\n<p><br />\n&nbsp;</p>\n<hr />\n<h4><strong>Number 2: Choose The Right Size For Your Wallet</strong></h4>\n\n<p>You should avoid having an over-sized wallet. Don&rsquo;t think that you need to buy a big wallet because you have a lot to carry with you. In addition, a fat wallet is very ugly. It will make it harder for you to slide the wallet into your trousers&rsquo; pocket. In addition, it will create a bulge and ruin your look.</p>\n\n<p>Before you go on to buy a new wallet, clean out your wallet and place all of the items from your wallet on a table. Throw away things that you would never need any more such as the old bills or the expired gift cards. Remember to check your wallet on a frequent basis to get rid of all of the old stuff that you don&rsquo;t need anymore.</p>\n\n<p style=\"text-align:center\"><img alt=\"f1\" src=\"/storage/news/3.png\" /></p>\n\n<p><br />\n&nbsp;</p>\n\n<hr />\n<h4><strong>Number 3: Don&rsquo;t Limit Your Options Of Materials</strong></h4>\n\n<p>The types and designs of wallets are not the only things that you should consider when you go out searching for your best wallet. You have more than 1 option of material rather than leather to choose from as well.</p>\n\n<p>You can experiment with other available options such as cotton, polyester and canvas. They all have their own pros and cons. As a result, they will be suitable for different needs and requirements. You should think about them all in order to choose the material which you would like the most.</p>\n\n<p style=\"text-align:center\"><img alt=\"f6\" height=\"375\" src=\"/storage/news/4.png\" /></p>\n\n<p><br />\n&nbsp;</p>\n\n<hr />\n<h4><strong>Number 4: Consider A Wallet As A Long Term Investment</strong></h4>\n\n<p>Your wallet is indeed an investment that you should consider spending a decent amount of time and effort on it. Another factor that you need to consider is how much you want to spend on your wallet. The price ranges of wallets on the market vary a great deal. You can find a wallet which is as cheap as about 5 to 7 dollars. On the other hand, you should expect to pay around 250 to 300 dollars for a high-quality wallet.</p>\n\n<p>In case you need a wallet to use for a long time, it is a good idea that you should invest a decent amount of money on a wallet. A high quality wallet from a reputational brand with the premium quality such as cowhide leather will last for a long time. In addition, it is an accessory to show off your fashion sense and your social status.</p>\n\n<p style=\"text-align:center\"><img alt=\"f2\" height=\"400\" src=\"/storage/news/5.png\" /></p>\n\n<p>&nbsp;</p>\n'),('vi',6,'Chúng tôi đang nghiền ngẫm 10 xu hướng túi lớn nhất của mùa hè','You should pay more attention when you choose your wallets. There are a lot of them on the market with the different designs and styles. When you choose carefully, you would be able to buy a wallet that is catered to your needs. Not to mention that it will help to enhance your style significantly.','<p>I have seen many people underestimating the power of their wallets. To them, they are just a functional item they use to carry. As a result, they often end up with the wallets which are not really suitable for them.</p>\n\n<p>You should pay more attention when you choose your wallets. There are a lot of them on the market with the different designs and styles. When you choose carefully, you would be able to buy a wallet that is catered to your needs. Not to mention that it will help to enhance your style significantly.</p>\n\n<p style=\"text-align:center\"><img alt=\"f4\" src=\"/storage/news/1.png\" /></p>\n\n<p><br />\n&nbsp;</p>\n\n\n\n<p><strong><em>For all of the reason above, here are 7 expert tips to help you pick up the right men&rsquo;s wallet for you:</em></strong></p>\n\n<h4><strong>Number 1: Choose A Neat Wallet</strong></h4>\n\n<p>The wallet is an essential accessory that you should go simple. Simplicity is the best in this case. A simple and neat wallet with the plain color and even&nbsp;<strong>minimalist style</strong>&nbsp;is versatile. It can be used for both formal and casual events. In addition, that wallet will go well with most of the clothes in your wardrobe.</p>\n\n<p>Keep in mind that a wallet will tell other people about your personality and your fashion sense as much as other clothes you put on. Hence, don&rsquo;t go cheesy on your wallet or else people will think that you have a funny and particular style.</p>\n\n<p style=\"text-align:center\"><img alt=\"f5\" src=\"/storage/news/2.png\" /></p>\n\n<p><br />\n&nbsp;</p>\n<hr />\n<h4><strong>Number 2: Choose The Right Size For Your Wallet</strong></h4>\n\n<p>You should avoid having an over-sized wallet. Don&rsquo;t think that you need to buy a big wallet because you have a lot to carry with you. In addition, a fat wallet is very ugly. It will make it harder for you to slide the wallet into your trousers&rsquo; pocket. In addition, it will create a bulge and ruin your look.</p>\n\n<p>Before you go on to buy a new wallet, clean out your wallet and place all of the items from your wallet on a table. Throw away things that you would never need any more such as the old bills or the expired gift cards. Remember to check your wallet on a frequent basis to get rid of all of the old stuff that you don&rsquo;t need anymore.</p>\n\n<p style=\"text-align:center\"><img alt=\"f1\" src=\"/storage/news/3.png\" /></p>\n\n<p><br />\n&nbsp;</p>\n\n<hr />\n<h4><strong>Number 3: Don&rsquo;t Limit Your Options Of Materials</strong></h4>\n\n<p>The types and designs of wallets are not the only things that you should consider when you go out searching for your best wallet. You have more than 1 option of material rather than leather to choose from as well.</p>\n\n<p>You can experiment with other available options such as cotton, polyester and canvas. They all have their own pros and cons. As a result, they will be suitable for different needs and requirements. You should think about them all in order to choose the material which you would like the most.</p>\n\n<p style=\"text-align:center\"><img alt=\"f6\" height=\"375\" src=\"/storage/news/4.png\" /></p>\n\n<p><br />\n&nbsp;</p>\n\n<hr />\n<h4><strong>Number 4: Consider A Wallet As A Long Term Investment</strong></h4>\n\n<p>Your wallet is indeed an investment that you should consider spending a decent amount of time and effort on it. Another factor that you need to consider is how much you want to spend on your wallet. The price ranges of wallets on the market vary a great deal. You can find a wallet which is as cheap as about 5 to 7 dollars. On the other hand, you should expect to pay around 250 to 300 dollars for a high-quality wallet.</p>\n\n<p>In case you need a wallet to use for a long time, it is a good idea that you should invest a decent amount of money on a wallet. A high quality wallet from a reputational brand with the premium quality such as cowhide leather will last for a long time. In addition, it is an accessory to show off your fashion sense and your social status.</p>\n\n<p style=\"text-align:center\"><img alt=\"f2\" height=\"400\" src=\"/storage/news/5.png\" /></p>\n\n<p>&nbsp;</p>\n'),('vi',7,'Những phẩm chất cần thiết của âm nhạc thành công cao','You should pay more attention when you choose your wallets. There are a lot of them on the market with the different designs and styles. When you choose carefully, you would be able to buy a wallet that is catered to your needs. Not to mention that it will help to enhance your style significantly.','<p>I have seen many people underestimating the power of their wallets. To them, they are just a functional item they use to carry. As a result, they often end up with the wallets which are not really suitable for them.</p>\n\n<p>You should pay more attention when you choose your wallets. There are a lot of them on the market with the different designs and styles. When you choose carefully, you would be able to buy a wallet that is catered to your needs. Not to mention that it will help to enhance your style significantly.</p>\n\n<p style=\"text-align:center\"><img alt=\"f4\" src=\"/storage/news/1.png\" /></p>\n\n<p><br />\n&nbsp;</p>\n\n\n\n<p><strong><em>For all of the reason above, here are 7 expert tips to help you pick up the right men&rsquo;s wallet for you:</em></strong></p>\n\n<h4><strong>Number 1: Choose A Neat Wallet</strong></h4>\n\n<p>The wallet is an essential accessory that you should go simple. Simplicity is the best in this case. A simple and neat wallet with the plain color and even&nbsp;<strong>minimalist style</strong>&nbsp;is versatile. It can be used for both formal and casual events. In addition, that wallet will go well with most of the clothes in your wardrobe.</p>\n\n<p>Keep in mind that a wallet will tell other people about your personality and your fashion sense as much as other clothes you put on. Hence, don&rsquo;t go cheesy on your wallet or else people will think that you have a funny and particular style.</p>\n\n<p style=\"text-align:center\"><img alt=\"f5\" src=\"/storage/news/2.png\" /></p>\n\n<p><br />\n&nbsp;</p>\n<hr />\n<h4><strong>Number 2: Choose The Right Size For Your Wallet</strong></h4>\n\n<p>You should avoid having an over-sized wallet. Don&rsquo;t think that you need to buy a big wallet because you have a lot to carry with you. In addition, a fat wallet is very ugly. It will make it harder for you to slide the wallet into your trousers&rsquo; pocket. In addition, it will create a bulge and ruin your look.</p>\n\n<p>Before you go on to buy a new wallet, clean out your wallet and place all of the items from your wallet on a table. Throw away things that you would never need any more such as the old bills or the expired gift cards. Remember to check your wallet on a frequent basis to get rid of all of the old stuff that you don&rsquo;t need anymore.</p>\n\n<p style=\"text-align:center\"><img alt=\"f1\" src=\"/storage/news/3.png\" /></p>\n\n<p><br />\n&nbsp;</p>\n\n<hr />\n<h4><strong>Number 3: Don&rsquo;t Limit Your Options Of Materials</strong></h4>\n\n<p>The types and designs of wallets are not the only things that you should consider when you go out searching for your best wallet. You have more than 1 option of material rather than leather to choose from as well.</p>\n\n<p>You can experiment with other available options such as cotton, polyester and canvas. They all have their own pros and cons. As a result, they will be suitable for different needs and requirements. You should think about them all in order to choose the material which you would like the most.</p>\n\n<p style=\"text-align:center\"><img alt=\"f6\" height=\"375\" src=\"/storage/news/4.png\" /></p>\n\n<p><br />\n&nbsp;</p>\n\n<hr />\n<h4><strong>Number 4: Consider A Wallet As A Long Term Investment</strong></h4>\n\n<p>Your wallet is indeed an investment that you should consider spending a decent amount of time and effort on it. Another factor that you need to consider is how much you want to spend on your wallet. The price ranges of wallets on the market vary a great deal. You can find a wallet which is as cheap as about 5 to 7 dollars. On the other hand, you should expect to pay around 250 to 300 dollars for a high-quality wallet.</p>\n\n<p>In case you need a wallet to use for a long time, it is a good idea that you should invest a decent amount of money on a wallet. A high quality wallet from a reputational brand with the premium quality such as cowhide leather will last for a long time. In addition, it is an accessory to show off your fashion sense and your social status.</p>\n\n<p style=\"text-align:center\"><img alt=\"f2\" height=\"400\" src=\"/storage/news/5.png\" /></p>\n\n<p>&nbsp;</p>\n'),('vi',8,'9 điều tôi thích khi cạo đầu','You should pay more attention when you choose your wallets. There are a lot of them on the market with the different designs and styles. When you choose carefully, you would be able to buy a wallet that is catered to your needs. Not to mention that it will help to enhance your style significantly.','<p>I have seen many people underestimating the power of their wallets. To them, they are just a functional item they use to carry. As a result, they often end up with the wallets which are not really suitable for them.</p>\n\n<p>You should pay more attention when you choose your wallets. There are a lot of them on the market with the different designs and styles. When you choose carefully, you would be able to buy a wallet that is catered to your needs. Not to mention that it will help to enhance your style significantly.</p>\n\n<p style=\"text-align:center\"><img alt=\"f4\" src=\"/storage/news/1.png\" /></p>\n\n<p><br />\n&nbsp;</p>\n\n\n\n<p><strong><em>For all of the reason above, here are 7 expert tips to help you pick up the right men&rsquo;s wallet for you:</em></strong></p>\n\n<h4><strong>Number 1: Choose A Neat Wallet</strong></h4>\n\n<p>The wallet is an essential accessory that you should go simple. Simplicity is the best in this case. A simple and neat wallet with the plain color and even&nbsp;<strong>minimalist style</strong>&nbsp;is versatile. It can be used for both formal and casual events. In addition, that wallet will go well with most of the clothes in your wardrobe.</p>\n\n<p>Keep in mind that a wallet will tell other people about your personality and your fashion sense as much as other clothes you put on. Hence, don&rsquo;t go cheesy on your wallet or else people will think that you have a funny and particular style.</p>\n\n<p style=\"text-align:center\"><img alt=\"f5\" src=\"/storage/news/2.png\" /></p>\n\n<p><br />\n&nbsp;</p>\n<hr />\n<h4><strong>Number 2: Choose The Right Size For Your Wallet</strong></h4>\n\n<p>You should avoid having an over-sized wallet. Don&rsquo;t think that you need to buy a big wallet because you have a lot to carry with you. In addition, a fat wallet is very ugly. It will make it harder for you to slide the wallet into your trousers&rsquo; pocket. In addition, it will create a bulge and ruin your look.</p>\n\n<p>Before you go on to buy a new wallet, clean out your wallet and place all of the items from your wallet on a table. Throw away things that you would never need any more such as the old bills or the expired gift cards. Remember to check your wallet on a frequent basis to get rid of all of the old stuff that you don&rsquo;t need anymore.</p>\n\n<p style=\"text-align:center\"><img alt=\"f1\" src=\"/storage/news/3.png\" /></p>\n\n<p><br />\n&nbsp;</p>\n\n<hr />\n<h4><strong>Number 3: Don&rsquo;t Limit Your Options Of Materials</strong></h4>\n\n<p>The types and designs of wallets are not the only things that you should consider when you go out searching for your best wallet. You have more than 1 option of material rather than leather to choose from as well.</p>\n\n<p>You can experiment with other available options such as cotton, polyester and canvas. They all have their own pros and cons. As a result, they will be suitable for different needs and requirements. You should think about them all in order to choose the material which you would like the most.</p>\n\n<p style=\"text-align:center\"><img alt=\"f6\" height=\"375\" src=\"/storage/news/4.png\" /></p>\n\n<p><br />\n&nbsp;</p>\n\n<hr />\n<h4><strong>Number 4: Consider A Wallet As A Long Term Investment</strong></h4>\n\n<p>Your wallet is indeed an investment that you should consider spending a decent amount of time and effort on it. Another factor that you need to consider is how much you want to spend on your wallet. The price ranges of wallets on the market vary a great deal. You can find a wallet which is as cheap as about 5 to 7 dollars. On the other hand, you should expect to pay around 250 to 300 dollars for a high-quality wallet.</p>\n\n<p>In case you need a wallet to use for a long time, it is a good idea that you should invest a decent amount of money on a wallet. A high quality wallet from a reputational brand with the premium quality such as cowhide leather will last for a long time. In addition, it is an accessory to show off your fashion sense and your social status.</p>\n\n<p style=\"text-align:center\"><img alt=\"f2\" height=\"400\" src=\"/storage/news/5.png\" /></p>\n\n<p>&nbsp;</p>\n'),('vi',9,'Tại sao làm việc theo nhóm thực sự biến giấc mơ thành công','You should pay more attention when you choose your wallets. There are a lot of them on the market with the different designs and styles. When you choose carefully, you would be able to buy a wallet that is catered to your needs. Not to mention that it will help to enhance your style significantly.','<p>I have seen many people underestimating the power of their wallets. To them, they are just a functional item they use to carry. As a result, they often end up with the wallets which are not really suitable for them.</p>\n\n<p>You should pay more attention when you choose your wallets. There are a lot of them on the market with the different designs and styles. When you choose carefully, you would be able to buy a wallet that is catered to your needs. Not to mention that it will help to enhance your style significantly.</p>\n\n<p style=\"text-align:center\"><img alt=\"f4\" src=\"/storage/news/1.png\" /></p>\n\n<p><br />\n&nbsp;</p>\n\n\n\n<p><strong><em>For all of the reason above, here are 7 expert tips to help you pick up the right men&rsquo;s wallet for you:</em></strong></p>\n\n<h4><strong>Number 1: Choose A Neat Wallet</strong></h4>\n\n<p>The wallet is an essential accessory that you should go simple. Simplicity is the best in this case. A simple and neat wallet with the plain color and even&nbsp;<strong>minimalist style</strong>&nbsp;is versatile. It can be used for both formal and casual events. In addition, that wallet will go well with most of the clothes in your wardrobe.</p>\n\n<p>Keep in mind that a wallet will tell other people about your personality and your fashion sense as much as other clothes you put on. Hence, don&rsquo;t go cheesy on your wallet or else people will think that you have a funny and particular style.</p>\n\n<p style=\"text-align:center\"><img alt=\"f5\" src=\"/storage/news/2.png\" /></p>\n\n<p><br />\n&nbsp;</p>\n<hr />\n<h4><strong>Number 2: Choose The Right Size For Your Wallet</strong></h4>\n\n<p>You should avoid having an over-sized wallet. Don&rsquo;t think that you need to buy a big wallet because you have a lot to carry with you. In addition, a fat wallet is very ugly. It will make it harder for you to slide the wallet into your trousers&rsquo; pocket. In addition, it will create a bulge and ruin your look.</p>\n\n<p>Before you go on to buy a new wallet, clean out your wallet and place all of the items from your wallet on a table. Throw away things that you would never need any more such as the old bills or the expired gift cards. Remember to check your wallet on a frequent basis to get rid of all of the old stuff that you don&rsquo;t need anymore.</p>\n\n<p style=\"text-align:center\"><img alt=\"f1\" src=\"/storage/news/3.png\" /></p>\n\n<p><br />\n&nbsp;</p>\n\n<hr />\n<h4><strong>Number 3: Don&rsquo;t Limit Your Options Of Materials</strong></h4>\n\n<p>The types and designs of wallets are not the only things that you should consider when you go out searching for your best wallet. You have more than 1 option of material rather than leather to choose from as well.</p>\n\n<p>You can experiment with other available options such as cotton, polyester and canvas. They all have their own pros and cons. As a result, they will be suitable for different needs and requirements. You should think about them all in order to choose the material which you would like the most.</p>\n\n<p style=\"text-align:center\"><img alt=\"f6\" height=\"375\" src=\"/storage/news/4.png\" /></p>\n\n<p><br />\n&nbsp;</p>\n\n<hr />\n<h4><strong>Number 4: Consider A Wallet As A Long Term Investment</strong></h4>\n\n<p>Your wallet is indeed an investment that you should consider spending a decent amount of time and effort on it. Another factor that you need to consider is how much you want to spend on your wallet. The price ranges of wallets on the market vary a great deal. You can find a wallet which is as cheap as about 5 to 7 dollars. On the other hand, you should expect to pay around 250 to 300 dollars for a high-quality wallet.</p>\n\n<p>In case you need a wallet to use for a long time, it is a good idea that you should invest a decent amount of money on a wallet. A high quality wallet from a reputational brand with the premium quality such as cowhide leather will last for a long time. In addition, it is an accessory to show off your fashion sense and your social status.</p>\n\n<p style=\"text-align:center\"><img alt=\"f2\" height=\"400\" src=\"/storage/news/5.png\" /></p>\n\n<p>&nbsp;</p>\n'),('vi',10,'Thế giới phục vụ cho những người trung bình','You should pay more attention when you choose your wallets. There are a lot of them on the market with the different designs and styles. When you choose carefully, you would be able to buy a wallet that is catered to your needs. Not to mention that it will help to enhance your style significantly.','<p>I have seen many people underestimating the power of their wallets. To them, they are just a functional item they use to carry. As a result, they often end up with the wallets which are not really suitable for them.</p>\n\n<p>You should pay more attention when you choose your wallets. There are a lot of them on the market with the different designs and styles. When you choose carefully, you would be able to buy a wallet that is catered to your needs. Not to mention that it will help to enhance your style significantly.</p>\n\n<p style=\"text-align:center\"><img alt=\"f4\" src=\"/storage/news/1.png\" /></p>\n\n<p><br />\n&nbsp;</p>\n\n\n\n<p><strong><em>For all of the reason above, here are 7 expert tips to help you pick up the right men&rsquo;s wallet for you:</em></strong></p>\n\n<h4><strong>Number 1: Choose A Neat Wallet</strong></h4>\n\n<p>The wallet is an essential accessory that you should go simple. Simplicity is the best in this case. A simple and neat wallet with the plain color and even&nbsp;<strong>minimalist style</strong>&nbsp;is versatile. It can be used for both formal and casual events. In addition, that wallet will go well with most of the clothes in your wardrobe.</p>\n\n<p>Keep in mind that a wallet will tell other people about your personality and your fashion sense as much as other clothes you put on. Hence, don&rsquo;t go cheesy on your wallet or else people will think that you have a funny and particular style.</p>\n\n<p style=\"text-align:center\"><img alt=\"f5\" src=\"/storage/news/2.png\" /></p>\n\n<p><br />\n&nbsp;</p>\n<hr />\n<h4><strong>Number 2: Choose The Right Size For Your Wallet</strong></h4>\n\n<p>You should avoid having an over-sized wallet. Don&rsquo;t think that you need to buy a big wallet because you have a lot to carry with you. In addition, a fat wallet is very ugly. It will make it harder for you to slide the wallet into your trousers&rsquo; pocket. In addition, it will create a bulge and ruin your look.</p>\n\n<p>Before you go on to buy a new wallet, clean out your wallet and place all of the items from your wallet on a table. Throw away things that you would never need any more such as the old bills or the expired gift cards. Remember to check your wallet on a frequent basis to get rid of all of the old stuff that you don&rsquo;t need anymore.</p>\n\n<p style=\"text-align:center\"><img alt=\"f1\" src=\"/storage/news/3.png\" /></p>\n\n<p><br />\n&nbsp;</p>\n\n<hr />\n<h4><strong>Number 3: Don&rsquo;t Limit Your Options Of Materials</strong></h4>\n\n<p>The types and designs of wallets are not the only things that you should consider when you go out searching for your best wallet. You have more than 1 option of material rather than leather to choose from as well.</p>\n\n<p>You can experiment with other available options such as cotton, polyester and canvas. They all have their own pros and cons. As a result, they will be suitable for different needs and requirements. You should think about them all in order to choose the material which you would like the most.</p>\n\n<p style=\"text-align:center\"><img alt=\"f6\" height=\"375\" src=\"/storage/news/4.png\" /></p>\n\n<p><br />\n&nbsp;</p>\n\n<hr />\n<h4><strong>Number 4: Consider A Wallet As A Long Term Investment</strong></h4>\n\n<p>Your wallet is indeed an investment that you should consider spending a decent amount of time and effort on it. Another factor that you need to consider is how much you want to spend on your wallet. The price ranges of wallets on the market vary a great deal. You can find a wallet which is as cheap as about 5 to 7 dollars. On the other hand, you should expect to pay around 250 to 300 dollars for a high-quality wallet.</p>\n\n<p>In case you need a wallet to use for a long time, it is a good idea that you should invest a decent amount of money on a wallet. A high quality wallet from a reputational brand with the premium quality such as cowhide leather will last for a long time. In addition, it is an accessory to show off your fashion sense and your social status.</p>\n\n<p style=\"text-align:center\"><img alt=\"f2\" height=\"400\" src=\"/storage/news/5.png\" /></p>\n\n<p>&nbsp;</p>\n'),('vi',11,'Các đương sự trên màn hình không phải là diễn viên','You should pay more attention when you choose your wallets. There are a lot of them on the market with the different designs and styles. When you choose carefully, you would be able to buy a wallet that is catered to your needs. Not to mention that it will help to enhance your style significantly.','<p>I have seen many people underestimating the power of their wallets. To them, they are just a functional item they use to carry. As a result, they often end up with the wallets which are not really suitable for them.</p>\n\n<p>You should pay more attention when you choose your wallets. There are a lot of them on the market with the different designs and styles. When you choose carefully, you would be able to buy a wallet that is catered to your needs. Not to mention that it will help to enhance your style significantly.</p>\n\n<p style=\"text-align:center\"><img alt=\"f4\" src=\"/storage/news/1.png\" /></p>\n\n<p><br />\n&nbsp;</p>\n\n\n\n<p><strong><em>For all of the reason above, here are 7 expert tips to help you pick up the right men&rsquo;s wallet for you:</em></strong></p>\n\n<h4><strong>Number 1: Choose A Neat Wallet</strong></h4>\n\n<p>The wallet is an essential accessory that you should go simple. Simplicity is the best in this case. A simple and neat wallet with the plain color and even&nbsp;<strong>minimalist style</strong>&nbsp;is versatile. It can be used for both formal and casual events. In addition, that wallet will go well with most of the clothes in your wardrobe.</p>\n\n<p>Keep in mind that a wallet will tell other people about your personality and your fashion sense as much as other clothes you put on. Hence, don&rsquo;t go cheesy on your wallet or else people will think that you have a funny and particular style.</p>\n\n<p style=\"text-align:center\"><img alt=\"f5\" src=\"/storage/news/2.png\" /></p>\n\n<p><br />\n&nbsp;</p>\n<hr />\n<h4><strong>Number 2: Choose The Right Size For Your Wallet</strong></h4>\n\n<p>You should avoid having an over-sized wallet. Don&rsquo;t think that you need to buy a big wallet because you have a lot to carry with you. In addition, a fat wallet is very ugly. It will make it harder for you to slide the wallet into your trousers&rsquo; pocket. In addition, it will create a bulge and ruin your look.</p>\n\n<p>Before you go on to buy a new wallet, clean out your wallet and place all of the items from your wallet on a table. Throw away things that you would never need any more such as the old bills or the expired gift cards. Remember to check your wallet on a frequent basis to get rid of all of the old stuff that you don&rsquo;t need anymore.</p>\n\n<p style=\"text-align:center\"><img alt=\"f1\" src=\"/storage/news/3.png\" /></p>\n\n<p><br />\n&nbsp;</p>\n\n<hr />\n<h4><strong>Number 3: Don&rsquo;t Limit Your Options Of Materials</strong></h4>\n\n<p>The types and designs of wallets are not the only things that you should consider when you go out searching for your best wallet. You have more than 1 option of material rather than leather to choose from as well.</p>\n\n<p>You can experiment with other available options such as cotton, polyester and canvas. They all have their own pros and cons. As a result, they will be suitable for different needs and requirements. You should think about them all in order to choose the material which you would like the most.</p>\n\n<p style=\"text-align:center\"><img alt=\"f6\" height=\"375\" src=\"/storage/news/4.png\" /></p>\n\n<p><br />\n&nbsp;</p>\n\n<hr />\n<h4><strong>Number 4: Consider A Wallet As A Long Term Investment</strong></h4>\n\n<p>Your wallet is indeed an investment that you should consider spending a decent amount of time and effort on it. Another factor that you need to consider is how much you want to spend on your wallet. The price ranges of wallets on the market vary a great deal. You can find a wallet which is as cheap as about 5 to 7 dollars. On the other hand, you should expect to pay around 250 to 300 dollars for a high-quality wallet.</p>\n\n<p>In case you need a wallet to use for a long time, it is a good idea that you should invest a decent amount of money on a wallet. A high quality wallet from a reputational brand with the premium quality such as cowhide leather will last for a long time. In addition, it is an accessory to show off your fashion sense and your social status.</p>\n\n<p style=\"text-align:center\"><img alt=\"f2\" height=\"400\" src=\"/storage/news/5.png\" /></p>\n\n<p>&nbsp;</p>\n');
/*!40000 ALTER TABLE `posts_translations` ENABLE KEYS */;
UNLOCK TABLES;

--
-- Table structure for table `revisions`
--

DROP TABLE IF EXISTS `revisions`;
/*!40101 SET @saved_cs_client     = @@character_set_client */;
/*!40101 SET character_set_client = utf8 */;
CREATE TABLE `revisions` (
  `id` bigint(20) unsigned NOT NULL AUTO_INCREMENT,
  `revisionable_type` varchar(191) COLLATE utf8mb4_unicode_ci NOT NULL,
  `revisionable_id` int(11) NOT NULL,
  `user_id` int(11) DEFAULT NULL,
  `key` varchar(191) COLLATE utf8mb4_unicode_ci NOT NULL,
  `old_value` text COLLATE utf8mb4_unicode_ci DEFAULT NULL,
  `new_value` text COLLATE utf8mb4_unicode_ci DEFAULT NULL,
  `created_at` timestamp NULL DEFAULT NULL,
  `updated_at` timestamp NULL DEFAULT NULL,
  PRIMARY KEY (`id`),
  KEY `revisions_revisionable_id_revisionable_type_index` (`revisionable_id`,`revisionable_type`)
) ENGINE=InnoDB DEFAULT CHARSET=utf8mb4 COLLATE=utf8mb4_unicode_ci;
/*!40101 SET character_set_client = @saved_cs_client */;

--
-- Dumping data for table `revisions`
--

LOCK TABLES `revisions` WRITE;
/*!40000 ALTER TABLE `revisions` DISABLE KEYS */;
/*!40000 ALTER TABLE `revisions` ENABLE KEYS */;
UNLOCK TABLES;

--
-- Table structure for table `role_users`
--

DROP TABLE IF EXISTS `role_users`;
/*!40101 SET @saved_cs_client     = @@character_set_client */;
/*!40101 SET character_set_client = utf8 */;
CREATE TABLE `role_users` (
  `id` bigint(20) unsigned NOT NULL AUTO_INCREMENT,
  `user_id` int(10) unsigned NOT NULL,
  `role_id` int(10) unsigned NOT NULL,
  `created_at` timestamp NULL DEFAULT NULL,
  `updated_at` timestamp NULL DEFAULT NULL,
  PRIMARY KEY (`id`),
  KEY `role_users_user_id_index` (`user_id`),
  KEY `role_users_role_id_index` (`role_id`)
) ENGINE=InnoDB DEFAULT CHARSET=utf8mb4 COLLATE=utf8mb4_unicode_ci;
/*!40101 SET character_set_client = @saved_cs_client */;

--
-- Dumping data for table `role_users`
--

LOCK TABLES `role_users` WRITE;
/*!40000 ALTER TABLE `role_users` DISABLE KEYS */;
/*!40000 ALTER TABLE `role_users` ENABLE KEYS */;
UNLOCK TABLES;

--
-- Table structure for table `roles`
--

DROP TABLE IF EXISTS `roles`;
/*!40101 SET @saved_cs_client     = @@character_set_client */;
/*!40101 SET character_set_client = utf8 */;
CREATE TABLE `roles` (
  `id` bigint(20) unsigned NOT NULL AUTO_INCREMENT,
  `slug` varchar(120) COLLATE utf8mb4_unicode_ci NOT NULL,
  `name` varchar(120) COLLATE utf8mb4_unicode_ci NOT NULL,
  `permissions` text COLLATE utf8mb4_unicode_ci DEFAULT NULL,
  `description` varchar(255) COLLATE utf8mb4_unicode_ci DEFAULT NULL,
  `is_default` tinyint(3) unsigned NOT NULL DEFAULT 0,
  `created_by` int(10) unsigned NOT NULL,
  `updated_by` int(10) unsigned NOT NULL,
  `created_at` timestamp NULL DEFAULT NULL,
  `updated_at` timestamp NULL DEFAULT NULL,
  PRIMARY KEY (`id`),
  UNIQUE KEY `roles_slug_unique` (`slug`),
  KEY `roles_created_by_index` (`created_by`),
  KEY `roles_updated_by_index` (`updated_by`)
) ENGINE=InnoDB DEFAULT CHARSET=utf8mb4 COLLATE=utf8mb4_unicode_ci;
/*!40101 SET character_set_client = @saved_cs_client */;

--
-- Dumping data for table `roles`
--

LOCK TABLES `roles` WRITE;
/*!40000 ALTER TABLE `roles` DISABLE KEYS */;
/*!40000 ALTER TABLE `roles` ENABLE KEYS */;
UNLOCK TABLES;

--
-- Table structure for table `settings`
--

DROP TABLE IF EXISTS `settings`;
/*!40101 SET @saved_cs_client     = @@character_set_client */;
/*!40101 SET character_set_client = utf8 */;
CREATE TABLE `settings` (
  `id` bigint(20) unsigned NOT NULL AUTO_INCREMENT,
  `key` varchar(191) COLLATE utf8mb4_unicode_ci NOT NULL,
  `value` text COLLATE utf8mb4_unicode_ci DEFAULT NULL,
  `created_at` timestamp NULL DEFAULT NULL,
  `updated_at` timestamp NULL DEFAULT NULL,
  PRIMARY KEY (`id`),
  UNIQUE KEY `settings_key_unique` (`key`)
) ENGINE=InnoDB AUTO_INCREMENT=153 DEFAULT CHARSET=utf8mb4 COLLATE=utf8mb4_unicode_ci;
/*!40101 SET character_set_client = @saved_cs_client */;

--
-- Dumping data for table `settings`
--

LOCK TABLES `settings` WRITE;
/*!40000 ALTER TABLE `settings` DISABLE KEYS */;
INSERT INTO `settings` VALUES (1,'activated_plugins','[\"language\",\"language-advanced\",\"ads\",\"analytics\",\"audit-log\",\"backup\",\"blog\",\"captcha\",\"contact\",\"cookie-consent\",\"ecommerce\",\"marketplace\",\"mollie\",\"newsletter\",\"payment\",\"paystack\",\"razorpay\",\"simple-slider\",\"social-login\",\"sslcommerz\",\"translation\",\"faq\"]',NULL,NULL),(2,'payment_cod_status','1',NULL,NULL),(3,'payment_bank_transfer_status','1',NULL,NULL),(4,'permalink-botble-blog-models-post','blog',NULL,NULL),(5,'permalink-botble-blog-models-category','blog',NULL,NULL),(6,'permalink-botble-blog-models-tag','tag',NULL,NULL),(7,'payment_cod_description','Please pay money directly to the postman, if you choose cash on delivery method (COD).',NULL,NULL),(8,'payment_bank_transfer_description','Please send money to our bank account: ACB - 1990 404 19.',NULL,NULL),(9,'plugins_ecommerce_customer_new_order_status','0',NULL,NULL),(10,'plugins_ecommerce_admin_new_order_status','0',NULL,NULL),(11,'sale_popup_display_pages','[\"public.index\"]',NULL,NULL),(12,'admin_email','[]',NULL,NULL),(13,'time_zone','UTC',NULL,NULL),(14,'locale_direction','ltr',NULL,NULL),(15,'enable_send_error_reporting_via_email','0',NULL,NULL),(16,'login_screen_backgrounds','[]',NULL,NULL),(17,'admin_title','Laravel',NULL,NULL),(18,'rich_editor','ckeditor',NULL,NULL),(19,'enable_change_admin_theme','0',NULL,NULL),(20,'enable_cache','0',NULL,NULL),(21,'cache_time','10',NULL,NULL),(22,'cache_admin_menu_enable','0',NULL,NULL),(23,'google_site_verification','',NULL,NULL),(24,'cache_time_site_map','3600',NULL,NULL),(25,'show_admin_bar','1',NULL,NULL),(26,'enable_faq_schema','0',NULL,NULL),(27,'google_analytics','',NULL,NULL),(28,'analytics_view_id','',NULL,NULL),(29,'analytics_service_account_credentials','',NULL,NULL),(30,'newsletter_mailchimp_api_key','',NULL,NULL),(31,'newsletter_mailchimp_list_id','',NULL,NULL),(32,'newsletter_sendgrid_api_key','',NULL,NULL),(33,'newsletter_sendgrid_list_id','',NULL,NULL),(34,'enable_captcha','0',NULL,NULL),(35,'captcha_type','v2',NULL,NULL),(36,'captcha_hide_badge','0',NULL,NULL),(37,'captcha_site_key','',NULL,NULL),(38,'captcha_secret','',NULL,NULL),(39,'simple_slider_using_assets','1',NULL,NULL),(40,'locale','en',NULL,NULL),(41,'default_admin_theme','default',NULL,NULL),(42,'admin_locale_direction','ltr',NULL,NULL),(93,'language_hide_default','1',NULL,NULL),(94,'language_switcher_display','dropdown',NULL,NULL),(95,'language_display','all',NULL,NULL),(96,'language_hide_languages','[]',NULL,NULL),(97,'ecommerce_store_name','Nest',NULL,NULL),(98,'ecommerce_store_phone','18006268',NULL,NULL),(99,'ecommerce_store_address','North Link Building, 10 Admiralty Street',NULL,NULL),(100,'ecommerce_store_state','Singapore',NULL,NULL),(101,'ecommerce_store_city','Singapore',NULL,NULL),(102,'ecommerce_store_country','SG',NULL,NULL),(103,'media_random_hash','a87b259998d2154312e3ef4a2e0f201c',NULL,NULL),(114,'theme','nest',NULL,NULL),(115,'admin_favicon','general/favicon.png',NULL,NULL),(116,'admin_logo','general/logo.png',NULL,NULL),(117,'theme-nest-site_title','Nest - Laravel Multipurpose eCommerce Script',NULL,NULL),(118,'theme-nest-copyright','Copyright © 2021 Nest all rights reserved. Powered by Botble.',NULL,NULL),(119,'theme-nest-favicon','general/favicon.png',NULL,NULL),(120,'theme-nest-logo','general/logo.png',NULL,NULL),(121,'theme-nest-preloader_image','general/loading.gif',NULL,NULL),(122,'theme-nest-seo_og_image','general/open-graph-image.png',NULL,NULL),(123,'theme-nest-address','562 Wellington Road, Street 32, San Francisco',NULL,NULL),(124,'theme-nest-hotline','1900 - 888',NULL,NULL),(125,'theme-nest-phone','+01 2222 365 /(+91) 01 2345 6789',NULL,NULL),(126,'theme-nest-working_hours','10:00 - 18:00, Mon - Sat',NULL,NULL),(127,'theme-nest-homepage_id','1',NULL,NULL),(128,'theme-nest-blog_page_id','5',NULL,NULL),(129,'theme-nest-cookie_consent_message','Your experience on this site will be improved by allowing cookies ',NULL,NULL),(130,'theme-nest-cookie_consent_learn_more_url','http://nest.test/cookie-policy',NULL,NULL),(131,'theme-nest-cookie_consent_learn_more_text','Cookie Policy',NULL,NULL),(132,'theme-nest-payment_methods','general/payment-methods.png',NULL,NULL),(133,'theme-nest-number_of_cross_sale_products_in_cart_page','4',NULL,NULL),(134,'theme-nest-mobile-header-message','<span>Grand opening, <strong>up to 15%</strong> off all items. Only <strong>3 days</strong> left</span>',NULL,NULL),(135,'theme-nest-blog_page_background','general/header-bg.png',NULL,NULL),(136,'theme-nest-blog_page_icon','general/category-1.png',NULL,NULL),(137,'theme-nest-image_in_login_page','general/login-1.png',NULL,NULL),(138,'theme-nest-number_of_products_per_page','12',NULL,NULL),(139,'theme-nest-preloader_enabled','yes',NULL,NULL),(140,'theme-nest-social_links','[[{\"key\":\"social-name\",\"value\":\"Facebook\"},{\"key\":\"social-icon\",\"value\":\"general\\/facebook.png\"},{\"key\":\"social-url\",\"value\":\"https:\\/\\/www.facebook.com\\/\"}],[{\"key\":\"social-name\",\"value\":\"Twitter\"},{\"key\":\"social-icon\",\"value\":\"general\\/twitter.png\"},{\"key\":\"social-url\",\"value\":\"https:\\/\\/www.twitter.com\\/\"}],[{\"key\":\"social-name\",\"value\":\"Instagram\"},{\"key\":\"social-icon\",\"value\":\"general\\/instagram.png\"},{\"key\":\"social-url\",\"value\":\"https:\\/\\/www.instagram.com\\/\"}],[{\"key\":\"social-name\",\"value\":\"Pinterest\"},{\"key\":\"social-icon\",\"value\":\"general\\/pinterest.png\"},{\"key\":\"social-url\",\"value\":\"https:\\/\\/www.pinterest.com\\/\"}],[{\"key\":\"social-name\",\"value\":\"Youtube\"},{\"key\":\"social-icon\",\"value\":\"general\\/youtube.png\"},{\"key\":\"social-url\",\"value\":\"https:\\/\\/www.youtube.com\\/\"}]]',NULL,NULL),(141,'theme-nest-header_messages','[[{\"key\":\"icon\",\"value\":\"fi-rs-bell\"},{\"key\":\"message\",\"value\":\"<b class=\\\"text-success\\\"> Trendy 25<\\/b> silver jewelry, save up 35% off today\"},{\"key\":\"link\",\"value\":\"\\/products\"},{\"key\":\"link_text\",\"value\":\"Shop now\"}],[{\"key\":\"icon\",\"value\":\"fi-rs-asterisk\"},{\"key\":\"message\",\"value\":\"<b class=\\\"text-danger\\\">Supper Value Deals<\\/b> - Save more with coupons\"},{\"key\":\"link\",\"value\":null},{\"key\":\"link_text\",\"value\":null}],[{\"key\":\"icon\",\"value\":\"fi-rs-angle-double-right\"},{\"key\":\"message\",\"value\":\"Get great devices up to 50% off\"},{\"key\":\"link\",\"value\":\"\\/products\"},{\"key\":\"link_text\",\"value\":\"View details\"}]]',NULL,NULL),(142,'theme-nest-contact_info_boxes','[[{\"key\":\"name\",\"value\":\"Head Office\"},{\"key\":\"address\",\"value\":\"205 North Michigan Avenue, Suite 810, Chicago, 60601, USA\"},{\"key\":\"phone\",\"value\":\"(+01) 234 567\"},{\"key\":\"email\",\"value\":\"office@botble.com\"}],[{\"key\":\"name\",\"value\":\"Our Studio\"},{\"key\":\"address\",\"value\":\"205 North Michigan Avenue, Suite 810, Chicago, 60601, USA\"},{\"key\":\"phone\",\"value\":\"(+01) 234 567\"},{\"key\":\"email\",\"value\":\"studio@botble.com\"}],[{\"key\":\"name\",\"value\":\"Our Shop\"},{\"key\":\"address\",\"value\":\"205 North Michigan Avenue, Suite 810, Chicago, 60601, USA\"},{\"key\":\"phone\",\"value\":\"(+01) 234 567\"},{\"key\":\"email\",\"value\":\"shop@botble.com\"}]]',NULL,NULL),(143,'theme-nest-vi-font_text','Roboto Condensed',NULL,NULL),(144,'theme-nest-vi-copyright','Bản quyền © 2021 Nest tất cả quyền đã được bảo hộ. Phát triển bởi Botble.',NULL,NULL),(145,'theme-nest-vi-working_hours','10:00 - 18:00, Thứ Hai - Thứ Bảy',NULL,NULL),(146,'theme-nest-vi-cookie_consent_message','Trải nghiệm của bạn trên trang web này sẽ được cải thiện bằng cách cho phép cookie ',NULL,NULL),(147,'theme-nest-vi-cookie_consent_learn_more_url','http://nest.test/cookie-policy',NULL,NULL),(148,'theme-nest-vi-cookie_consent_learn_more_text','Chính sách cookie',NULL,NULL),(149,'theme-nest-vi-homepage_id','1',NULL,NULL),(150,'theme-nest-vi-blog_page_id','5',NULL,NULL),(151,'theme-nest-vi-header_messages','[[{\"key\":\"icon\",\"value\":\"fi-rs-bell\"},{\"key\":\"message\",\"value\":\"<b class=\\\"text-success\\\">Trang s\\u1ee9c b\\u1ea1c 25 <\\/b> th\\u1eddi th\\u01b0\\u1ee3ng, ti\\u1ebft ki\\u1ec7m \\u0111\\u1ebfn 35%\"},{\"key\":\"link\",\"value\":\"\\/products\"},{\"key\":\"link_text\",\"value\":\"Mua ngay\"}],[{\"key\":\"icon\",\"value\":\"fi-rs-asterisk\"},{\"key\":\"message\",\"value\":\"<b class=\\\"text-danger\\\">\\u01afu \\u0111\\u00e3i si\\u00eau gi\\u00e1 tr\\u1ecb <\\/b> - Ti\\u1ebft ki\\u1ec7m h\\u01a1n v\\u1edbi phi\\u1ebfu th\\u01b0\\u1edfng\"},{\"key\":\"link\",\"value\":null},{\"key\":\"link_text\",\"value\":null}],[{\"key\":\"icon\",\"value\":\"fi-rs-angle-double-right\"},{\"key\":\"message\",\"value\":\"Nh\\u1eadn c\\u00e1c s\\u1ea3n ph\\u1ea9m tuy\\u1ec7t v\\u1eddi gi\\u1ea3m gi\\u00e1 t\\u1edbi 50%\"},{\"key\":\"link\",\"value\":\"\\/products\"},{\"key\":\"link_text\",\"value\":\"Xem chi ti\\u1ebft\"}]]',NULL,NULL),(152,'theme-nest-vi-contact_info_boxes','[[{\"key\":\"name\",\"value\":\"Tr\\u1ee5 s\\u1edf ch\\u00ednh\"},{\"key\":\"address\",\"value\":\"205 North Michigan Avenue, Suite 810, Chicago, 60601, USA\"},{\"key\":\"phone\",\"value\":\"(+01) 234 567\"},{\"key\":\"email\",\"value\":\"office@botble.com\"}],[{\"key\":\"name\",\"value\":\"Gian h\\u00e0ng tr\\u01b0ng b\\u00e0y\"},{\"key\":\"address\",\"value\":\"205 North Michigan Avenue, Suite 810, Chicago, 60601, USA\"},{\"key\":\"phone\",\"value\":\"(+01) 234 567\"},{\"key\":\"email\",\"value\":\"studio@botble.com\"}],[{\"key\":\"name\",\"value\":\"C\\u1eeda h\\u00e0ng\"},{\"key\":\"address\",\"value\":\"205 North Michigan Avenue, Suite 810, Chicago, 60601, USA\"},{\"key\":\"phone\",\"value\":\"(+01) 234 567\"},{\"key\":\"email\",\"value\":\"shop@botble.com\"}]]',NULL,NULL);
/*!40000 ALTER TABLE `settings` ENABLE KEYS */;
UNLOCK TABLES;

--
-- Table structure for table `simple_slider_items`
--

DROP TABLE IF EXISTS `simple_slider_items`;
/*!40101 SET @saved_cs_client     = @@character_set_client */;
/*!40101 SET character_set_client = utf8 */;
CREATE TABLE `simple_slider_items` (
  `id` bigint(20) unsigned NOT NULL AUTO_INCREMENT,
  `simple_slider_id` int(10) unsigned NOT NULL,
  `title` varchar(255) COLLATE utf8mb4_unicode_ci DEFAULT NULL,
  `image` varchar(255) COLLATE utf8mb4_unicode_ci NOT NULL,
  `link` varchar(255) COLLATE utf8mb4_unicode_ci DEFAULT NULL,
  `description` text COLLATE utf8mb4_unicode_ci DEFAULT NULL,
  `order` int(10) unsigned NOT NULL DEFAULT 0,
  `created_at` timestamp NULL DEFAULT NULL,
  `updated_at` timestamp NULL DEFAULT NULL,
  PRIMARY KEY (`id`)
) ENGINE=InnoDB AUTO_INCREMENT=35 DEFAULT CHARSET=utf8mb4 COLLATE=utf8mb4_unicode_ci;
/*!40101 SET character_set_client = @saved_cs_client */;

--
-- Dumping data for table `simple_slider_items`
--

LOCK TABLES `simple_slider_items` WRITE;
/*!40000 ALTER TABLE `simple_slider_items` DISABLE KEYS */;
INSERT INTO `simple_slider_items` VALUES (1,1,'Don’t miss amazing<br /> grocery deals','sliders/1-1.png','/products','Sign up for the daily newsletter',1,'2022-01-04 21:14:34','2022-01-04 21:14:34'),(2,1,'Fresh Vegetables<br />\n										Big discount','sliders/1-2.png','/products','Save up to 50% off on your first order',2,'2022-01-04 21:14:34','2022-01-04 21:14:34'),(3,2,'Don’t miss amazing<br /> grocery deals','sliders/2-1.png','/products','Sign up for the daily newsletter',1,'2022-01-04 21:14:34','2022-01-04 21:14:34'),(4,2,'Fresh Vegetables<br />\n										Big discount','sliders/2-2.png','/products','Save up to 50% off on your first order',2,'2022-01-04 21:14:34','2022-01-04 21:14:34'),(5,3,'Don’t miss amazing<br /> grocery deals','sliders/3-1.png','/products','Sign up for the daily newsletter',1,'2022-01-04 21:14:34','2022-01-04 21:14:34'),(6,3,'Fresh Vegetables<br />\n										Big discount','sliders/3-2.png','/products','Save up to 50% off on your first order',2,'2022-01-04 21:14:34','2022-01-04 21:14:34'),(7,4,'Don’t miss amazing<br /> grocery deals','sliders/4-1.png','/products','Sign up for the daily newsletter',1,'2022-01-04 21:14:34','2022-01-04 21:14:34'),(8,4,'Fresh Vegetables<br />\n										Big discount','sliders/4-2.png','/products','Save up to 50% off on your first order',2,'2022-01-04 21:14:34','2022-01-04 21:14:34'),(9,5,'Don’t miss amazing<br /> grocery deals','sliders/5-1.png','/products','Sign up for the daily newsletter',1,'2022-01-04 21:14:34','2022-01-04 21:14:34'),(10,5,'Fresh Vegetables<br />\n										Big discount','sliders/5-2.png','/products','Save up to 50% off on your first order',2,'2022-01-04 21:14:34','2022-01-04 21:14:34'),(11,6,'Don’t miss amazing<br /> grocery deals','sliders/6-1.png','/products','Sign up for the daily newsletter',1,'2022-01-04 21:14:34','2022-01-04 21:14:34'),(12,7,NULL,'sliders/thumbnail-1.jpg',NULL,NULL,1,'2022-01-04 21:14:34','2022-01-04 21:14:34'),(13,7,NULL,'sliders/thumbnail-2.jpg',NULL,NULL,2,'2022-01-04 21:14:34','2022-01-04 21:14:34'),(14,7,NULL,'sliders/thumbnail-3.jpg',NULL,NULL,3,'2022-01-04 21:14:34','2022-01-04 21:14:34'),(15,7,NULL,'sliders/thumbnail-4.jpg',NULL,NULL,4,'2022-01-04 21:14:34','2022-01-04 21:14:34'),(16,7,NULL,'sliders/thumbnail-5.jpg',NULL,NULL,5,'2022-01-04 21:14:34','2022-01-04 21:14:34'),(17,7,NULL,'sliders/thumbnail-6.jpg',NULL,NULL,6,'2022-01-04 21:14:34','2022-01-04 21:14:34'),(18,8,'Đừng bỏ lỡ <br /> tuyệt vời giao dịch hàng tạp hóa','sliders/1-1.png','/products','Tiết kiệm hơn với mã giảm giá 70%',1,'2022-01-04 21:14:34','2022-01-04 21:14:34'),(19,8,'Rau tươi <br />Giảm giá lớn','sliders/1-2.png','/products','Tiết kiệm đến 50% cho đơn đặt hàng đầu tiên của bạn',2,'2022-01-04 21:14:34','2022-01-04 21:14:34'),(20,9,'Đừng bỏ lỡ <br /> tuyệt vời giao dịch hàng tạp hóa','sliders/2-1.png','/products','Tiết kiệm hơn với mã giảm giá 70%',1,'2022-01-04 21:14:34','2022-01-04 21:14:34'),(21,9,'Rau tươi <br />Giảm giá lớn','sliders/2-2.png','/products','Tiết kiệm đến 50% cho đơn đặt hàng đầu tiên của bạn',2,'2022-01-04 21:14:34','2022-01-04 21:14:34'),(22,10,'Đừng bỏ lỡ <br /> tuyệt vời giao dịch hàng tạp hóa','sliders/3-1.png','/products','Tiết kiệm hơn với mã giảm giá 70%',1,'2022-01-04 21:14:34','2022-01-04 21:14:34'),(23,10,'Rau tươi <br />Giảm giá lớn','sliders/3-2.png','/products','Tiết kiệm đến 50% cho đơn đặt hàng đầu tiên của bạn',2,'2022-01-04 21:14:34','2022-01-04 21:14:34'),(24,11,'Đừng bỏ lỡ <br /> tuyệt vời giao dịch hàng tạp hóa','sliders/4-1.png','/products','Tiết kiệm hơn với mã giảm giá 70%',1,'2022-01-04 21:14:34','2022-01-04 21:14:34'),(25,11,'Rau tươi <br />Giảm giá lớn','sliders/4-2.png','/products','Tiết kiệm đến 50% cho đơn đặt hàng đầu tiên của bạn',2,'2022-01-04 21:14:34','2022-01-04 21:14:34'),(26,12,'Đừng bỏ lỡ <br /> tuyệt vời giao dịch hàng tạp hóa','sliders/5-1.png','/products','Tiết kiệm hơn với mã giảm giá 70%',1,'2022-01-04 21:14:34','2022-01-04 21:14:34'),(27,12,'Rau tươi <br />Giảm giá lớn','sliders/5-2.png','/products','Tiết kiệm đến 50% cho đơn đặt hàng đầu tiên của bạn',2,'2022-01-04 21:14:34','2022-01-04 21:14:34'),(28,13,'Đừng bỏ lỡ <br /> tuyệt vời giao dịch hàng tạp hóa','sliders/6-1.png','/products','Tiết kiệm hơn với mã giảm giá 70%',1,'2022-01-04 21:14:34','2022-01-04 21:14:34'),(29,14,NULL,'sliders/thumbnail-1.jpg',NULL,NULL,1,'2022-01-04 21:14:34','2022-01-04 21:14:34'),(30,14,NULL,'sliders/thumbnail-2.jpg',NULL,NULL,2,'2022-01-04 21:14:34','2022-01-04 21:14:34'),(31,14,NULL,'sliders/thumbnail-3.jpg',NULL,NULL,3,'2022-01-04 21:14:34','2022-01-04 21:14:34'),(32,14,NULL,'sliders/thumbnail-4.jpg',NULL,NULL,4,'2022-01-04 21:14:34','2022-01-04 21:14:34'),(33,14,NULL,'sliders/thumbnail-5.jpg',NULL,NULL,5,'2022-01-04 21:14:34','2022-01-04 21:14:34'),(34,14,NULL,'sliders/thumbnail-6.jpg',NULL,NULL,6,'2022-01-04 21:14:34','2022-01-04 21:14:34');
/*!40000 ALTER TABLE `simple_slider_items` ENABLE KEYS */;
UNLOCK TABLES;

--
-- Table structure for table `simple_sliders`
--

DROP TABLE IF EXISTS `simple_sliders`;
/*!40101 SET @saved_cs_client     = @@character_set_client */;
/*!40101 SET character_set_client = utf8 */;
CREATE TABLE `simple_sliders` (
  `id` bigint(20) unsigned NOT NULL AUTO_INCREMENT,
  `name` varchar(120) COLLATE utf8mb4_unicode_ci NOT NULL,
  `key` varchar(120) COLLATE utf8mb4_unicode_ci NOT NULL,
  `description` varchar(255) COLLATE utf8mb4_unicode_ci DEFAULT NULL,
  `status` varchar(60) COLLATE utf8mb4_unicode_ci NOT NULL DEFAULT 'published',
  `created_at` timestamp NULL DEFAULT NULL,
  `updated_at` timestamp NULL DEFAULT NULL,
  PRIMARY KEY (`id`)
) ENGINE=InnoDB AUTO_INCREMENT=15 DEFAULT CHARSET=utf8mb4 COLLATE=utf8mb4_unicode_ci;
/*!40101 SET character_set_client = @saved_cs_client */;

--
-- Dumping data for table `simple_sliders`
--

LOCK TABLES `simple_sliders` WRITE;
/*!40000 ALTER TABLE `simple_sliders` DISABLE KEYS */;
INSERT INTO `simple_sliders` VALUES (1,'Home slider 1','home-slider-1',NULL,'published','2022-01-04 21:14:34','2022-01-04 21:14:34'),(2,'Home slider 2','home-slider-2',NULL,'published','2022-01-04 21:14:34','2022-01-04 21:14:34'),(3,'Home slider 3','home-slider-3',NULL,'published','2022-01-04 21:14:34','2022-01-04 21:14:34'),(4,'Home slider 4','home-slider-4',NULL,'published','2022-01-04 21:14:34','2022-01-04 21:14:34'),(5,'Home slider 5','home-slider-5',NULL,'published','2022-01-04 21:14:34','2022-01-04 21:14:34'),(6,'Home slider 6','home-slider-6',NULL,'published','2022-01-04 21:14:34','2022-01-04 21:14:34'),(7,'Blog slider 1','blog-slider-1',NULL,'published','2022-01-04 21:14:34','2022-01-04 21:14:34'),(8,'Slider trang chủ 1','slider-trang-chu-1',NULL,'published','2022-01-04 21:14:34','2022-01-04 21:14:34'),(9,'Slider trang chủ 2','slider-trang-chu-2',NULL,'published','2022-01-04 21:14:34','2022-01-04 21:14:34'),(10,'Slider trang chủ 3','slider-trang-chu-3',NULL,'published','2022-01-04 21:14:34','2022-01-04 21:14:34'),(11,'Slider trang chủ 4','slider-trang-chu-4',NULL,'published','2022-01-04 21:14:34','2022-01-04 21:14:34'),(12,'Slider trang chủ 5','slider-trang-chu-5',NULL,'published','2022-01-04 21:14:34','2022-01-04 21:14:34'),(13,'Slider trang chủ 6','slider-trang-chu-6',NULL,'published','2022-01-04 21:14:34','2022-01-04 21:14:34'),(14,'Slider blog 1','slider-blog-1',NULL,'published','2022-01-04 21:14:34','2022-01-04 21:14:34');
/*!40000 ALTER TABLE `simple_sliders` ENABLE KEYS */;
UNLOCK TABLES;

--
-- Table structure for table `slugs`
--

DROP TABLE IF EXISTS `slugs`;
/*!40101 SET @saved_cs_client     = @@character_set_client */;
/*!40101 SET character_set_client = utf8 */;
CREATE TABLE `slugs` (
  `id` bigint(20) unsigned NOT NULL AUTO_INCREMENT,
  `key` varchar(255) COLLATE utf8mb4_unicode_ci NOT NULL,
  `reference_id` int(10) unsigned NOT NULL,
  `reference_type` varchar(255) COLLATE utf8mb4_unicode_ci NOT NULL,
  `prefix` varchar(120) COLLATE utf8mb4_unicode_ci DEFAULT '',
  `created_at` timestamp NULL DEFAULT NULL,
  `updated_at` timestamp NULL DEFAULT NULL,
  PRIMARY KEY (`id`)
) ENGINE=InnoDB AUTO_INCREMENT=94 DEFAULT CHARSET=utf8mb4 COLLATE=utf8mb4_unicode_ci;
/*!40101 SET character_set_client = @saved_cs_client */;

--
-- Dumping data for table `slugs`
--

LOCK TABLES `slugs` WRITE;
/*!40000 ALTER TABLE `slugs` DISABLE KEYS */;
INSERT INTO `slugs` VALUES (1,'perxsion',1,'Botble\\Ecommerce\\Models\\Brand','brands','2022-01-04 21:13:55','2022-01-04 21:13:55'),(2,'hiching',2,'Botble\\Ecommerce\\Models\\Brand','brands','2022-01-04 21:13:55','2022-01-04 21:13:55'),(3,'kepslo',3,'Botble\\Ecommerce\\Models\\Brand','brands','2022-01-04 21:13:55','2022-01-04 21:13:55'),(4,'groneba',4,'Botble\\Ecommerce\\Models\\Brand','brands','2022-01-04 21:13:55','2022-01-04 21:13:55'),(5,'babian',5,'Botble\\Ecommerce\\Models\\Brand','brands','2022-01-04 21:13:55','2022-01-04 21:13:55'),(6,'valorant',6,'Botble\\Ecommerce\\Models\\Brand','brands','2022-01-04 21:13:55','2022-01-04 21:13:55'),(7,'pure',7,'Botble\\Ecommerce\\Models\\Brand','brands','2022-01-04 21:13:55','2022-01-04 21:13:55'),(8,'milks-and-dairies',1,'Botble\\Ecommerce\\Models\\ProductCategory','product-categories','2022-01-04 21:14:01','2022-01-04 21:14:01'),(9,'clothing-beauty',2,'Botble\\Ecommerce\\Models\\ProductCategory','product-categories','2022-01-04 21:14:01','2022-01-04 21:14:01'),(10,'pet-toy',3,'Botble\\Ecommerce\\Models\\ProductCategory','product-categories','2022-01-04 21:14:01','2022-01-04 21:14:01'),(11,'baking-material',4,'Botble\\Ecommerce\\Models\\ProductCategory','product-categories','2022-01-04 21:14:01','2022-01-04 21:14:01'),(12,'fresh-fruit',5,'Botble\\Ecommerce\\Models\\ProductCategory','product-categories','2022-01-04 21:14:01','2022-01-04 21:14:01'),(13,'wines-drinks',6,'Botble\\Ecommerce\\Models\\ProductCategory','product-categories','2022-01-04 21:14:01','2022-01-04 21:14:01'),(14,'fresh-seafood',7,'Botble\\Ecommerce\\Models\\ProductCategory','product-categories','2022-01-04 21:14:01','2022-01-04 21:14:01'),(15,'fast-food',8,'Botble\\Ecommerce\\Models\\ProductCategory','product-categories','2022-01-04 21:14:01','2022-01-04 21:14:01'),(16,'vegetables',9,'Botble\\Ecommerce\\Models\\ProductCategory','product-categories','2022-01-04 21:14:01','2022-01-04 21:14:01'),(17,'bread-and-juice',10,'Botble\\Ecommerce\\Models\\ProductCategory','product-categories','2022-01-04 21:14:01','2022-01-04 21:14:01'),(18,'cake-milk',11,'Botble\\Ecommerce\\Models\\ProductCategory','product-categories','2022-01-04 21:14:01','2022-01-04 21:14:01'),(19,'coffee-teas',12,'Botble\\Ecommerce\\Models\\ProductCategory','product-categories','2022-01-04 21:14:01','2022-01-04 21:14:01'),(20,'pet-foods',13,'Botble\\Ecommerce\\Models\\ProductCategory','product-categories','2022-01-04 21:14:01','2022-01-04 21:14:01'),(21,'diet-foods',14,'Botble\\Ecommerce\\Models\\ProductCategory','product-categories','2022-01-04 21:14:01','2022-01-04 21:14:01'),(22,'wallet',1,'Botble\\Ecommerce\\Models\\ProductTag','product-tags','2022-01-04 21:14:01','2022-01-04 21:14:01'),(23,'bags',2,'Botble\\Ecommerce\\Models\\ProductTag','product-tags','2022-01-04 21:14:01','2022-01-04 21:14:01'),(24,'shoes',3,'Botble\\Ecommerce\\Models\\ProductTag','product-tags','2022-01-04 21:14:01','2022-01-04 21:14:01'),(25,'clothes',4,'Botble\\Ecommerce\\Models\\ProductTag','product-tags','2022-01-04 21:14:01','2022-01-04 21:14:01'),(26,'hand-bag',5,'Botble\\Ecommerce\\Models\\ProductTag','product-tags','2022-01-04 21:14:01','2022-01-04 21:14:01'),(27,'seeds-of-change-organic-quinoe',1,'Botble\\Ecommerce\\Models\\Product','products','2022-01-04 21:14:17','2022-01-04 21:14:17'),(28,'all-natural-italian-style-chicken-meatballs',2,'Botble\\Ecommerce\\Models\\Product','products','2022-01-04 21:14:17','2022-01-04 21:14:17'),(29,'angies-boomchickapop-sweet-salty-kettle-corn',3,'Botble\\Ecommerce\\Models\\Product','products','2022-01-04 21:14:17','2022-01-04 21:14:17'),(30,'foster-farms-takeout-crispy-classic',4,'Botble\\Ecommerce\\Models\\Product','products','2022-01-04 21:14:17','2022-01-04 21:14:17'),(31,'blue-diamond-almonds-lightly',5,'Botble\\Ecommerce\\Models\\Product','products','2022-01-04 21:14:17','2022-01-04 21:14:17'),(32,'chobani-complete-vanilla-greek',6,'Botble\\Ecommerce\\Models\\Product','products','2022-01-04 21:14:17','2022-01-04 21:14:17'),(33,'canada-dry-ginger-ale-2-l-bottle',7,'Botble\\Ecommerce\\Models\\Product','products','2022-01-04 21:14:17','2022-01-04 21:14:17'),(34,'encore-seafoods-stuffed-alaskan',8,'Botble\\Ecommerce\\Models\\Product','products','2022-01-04 21:14:17','2022-01-04 21:14:17'),(35,'gortons-beer-battered-fish-fillets',9,'Botble\\Ecommerce\\Models\\Product','products','2022-01-04 21:14:17','2022-01-04 21:14:17'),(36,'haagen-dazs-caramel-cone-ice-cream',10,'Botble\\Ecommerce\\Models\\Product','products','2022-01-04 21:14:17','2022-01-04 21:14:17'),(37,'nestle-original-coffee-mate-coffee-creamer',11,'Botble\\Ecommerce\\Models\\Product','products','2022-01-04 21:14:17','2022-01-04 21:14:17'),(38,'naturally-flavored-cinnamon-vanilla-light-roast-coffee',12,'Botble\\Ecommerce\\Models\\Product','products','2022-01-04 21:14:17','2022-01-04 21:14:17'),(39,'pepperidge-farm-farmhouse-hearty-white-bread',13,'Botble\\Ecommerce\\Models\\Product','products','2022-01-04 21:14:17','2022-01-04 21:14:17'),(40,'organic-frozen-triple-berry-blend',14,'Botble\\Ecommerce\\Models\\Product','products','2022-01-04 21:14:17','2022-01-04 21:14:17'),(41,'oroweat-country-buttermilk-bread',15,'Botble\\Ecommerce\\Models\\Product','products','2022-01-04 21:14:17','2022-01-04 21:14:17'),(42,'foster-farms-takeout-crispy-classic-buffalo-wings',16,'Botble\\Ecommerce\\Models\\Product','products','2022-01-04 21:14:17','2022-01-04 21:14:17'),(43,'angies-boomchickapop-sweet-salty-kettle-corn',17,'Botble\\Ecommerce\\Models\\Product','products','2022-01-04 21:14:17','2022-01-04 21:14:17'),(44,'all-natural-italian-style-chicken-meatballs',18,'Botble\\Ecommerce\\Models\\Product','products','2022-01-04 21:14:17','2022-01-04 21:14:17'),(45,'simply-lemonade-with-raspberry-juice',19,'Botble\\Ecommerce\\Models\\Product','products','2022-01-04 21:14:17','2022-01-04 21:14:17'),(46,'perdue-simply-smart-organics-gluten-free',20,'Botble\\Ecommerce\\Models\\Product','products','2022-01-04 21:14:17','2022-01-04 21:14:17'),(47,'chen-watermelon',21,'Botble\\Ecommerce\\Models\\Product','products','2022-01-04 21:14:17','2022-01-04 21:14:17'),(48,'organic-cage-free-grade-a-large-brown-eggs',22,'Botble\\Ecommerce\\Models\\Product','products','2022-01-04 21:14:17','2022-01-04 21:14:17'),(49,'colorful-banana',23,'Botble\\Ecommerce\\Models\\Product','products','2022-01-04 21:14:17','2022-01-04 21:14:17'),(50,'signature-wood-fired-mushroom-and-caramelized',24,'Botble\\Ecommerce\\Models\\Product','products','2022-01-04 21:14:17','2022-01-04 21:14:17'),(51,'ecommerce',1,'Botble\\Blog\\Models\\Category','blog','2022-01-04 21:14:42','2022-01-04 21:14:43'),(52,'fashion',2,'Botble\\Blog\\Models\\Category','blog','2022-01-04 21:14:42','2022-01-04 21:14:43'),(53,'electronic',3,'Botble\\Blog\\Models\\Category','blog','2022-01-04 21:14:42','2022-01-04 21:14:43'),(54,'commercial',4,'Botble\\Blog\\Models\\Category','blog','2022-01-04 21:14:42','2022-01-04 21:14:43'),(55,'general',1,'Botble\\Blog\\Models\\Tag','tag','2022-01-04 21:14:42','2022-01-04 21:14:43'),(56,'design',2,'Botble\\Blog\\Models\\Tag','tag','2022-01-04 21:14:42','2022-01-04 21:14:43'),(57,'fashion',3,'Botble\\Blog\\Models\\Tag','tag','2022-01-04 21:14:42','2022-01-04 21:14:43'),(58,'branding',4,'Botble\\Blog\\Models\\Tag','tag','2022-01-04 21:14:42','2022-01-04 21:14:43'),(59,'modern',5,'Botble\\Blog\\Models\\Tag','tag','2022-01-04 21:14:42','2022-01-04 21:14:43'),(60,'4-expert-tips-on-how-to-choose-the-right-mens-wallet',1,'Botble\\Blog\\Models\\Post','blog','2022-01-04 21:14:42','2022-01-04 21:14:43'),(61,'sexy-clutches-how-to-buy-wear-a-designer-clutch-bag',2,'Botble\\Blog\\Models\\Post','blog','2022-01-04 21:14:42','2022-01-04 21:14:43'),(62,'the-top-2020-handbag-trends-to-know',3,'Botble\\Blog\\Models\\Post','blog','2022-01-04 21:14:42','2022-01-04 21:14:43'),(63,'how-to-match-the-color-of-your-handbag-with-an-outfit',4,'Botble\\Blog\\Models\\Post','blog','2022-01-04 21:14:42','2022-01-04 21:14:43'),(64,'how-to-care-for-leather-bags',5,'Botble\\Blog\\Models\\Post','blog','2022-01-04 21:14:42','2022-01-04 21:14:43'),(65,'were-crushing-hard-on-summers-10-biggest-bag-trends',6,'Botble\\Blog\\Models\\Post','blog','2022-01-04 21:14:42','2022-01-04 21:14:43'),(66,'essential-qualities-of-highly-successful-music',7,'Botble\\Blog\\Models\\Post','blog','2022-01-04 21:14:42','2022-01-04 21:14:43'),(67,'9-things-i-love-about-shaving-my-head',8,'Botble\\Blog\\Models\\Post','blog','2022-01-04 21:14:42','2022-01-04 21:14:43'),(68,'why-teamwork-really-makes-the-dream-work',9,'Botble\\Blog\\Models\\Post','blog','2022-01-04 21:14:42','2022-01-04 21:14:43'),(69,'the-world-caters-to-average-people',10,'Botble\\Blog\\Models\\Post','blog','2022-01-04 21:14:42','2022-01-04 21:14:43'),(70,'the-litigants-on-the-screen-are-not-actors',11,'Botble\\Blog\\Models\\Post','blog','2022-01-04 21:14:42','2022-01-04 21:14:43'),(71,'homepage',1,'Botble\\Page\\Models\\Page','','2022-01-04 21:14:43','2022-01-04 21:14:43'),(72,'homepage-2',2,'Botble\\Page\\Models\\Page','','2022-01-04 21:14:43','2022-01-04 21:14:43'),(73,'homepage-3',3,'Botble\\Page\\Models\\Page','','2022-01-04 21:14:43','2022-01-04 21:14:43'),(74,'homepage-4',4,'Botble\\Page\\Models\\Page','','2022-01-04 21:14:43','2022-01-04 21:14:43'),(75,'blog',5,'Botble\\Page\\Models\\Page','','2022-01-04 21:14:43','2022-01-04 21:14:43'),(76,'contact',6,'Botble\\Page\\Models\\Page','','2022-01-04 21:14:43','2022-01-04 21:14:43'),(77,'about-us',7,'Botble\\Page\\Models\\Page','','2022-01-04 21:14:43','2022-01-04 21:14:43'),(78,'cookie-policy',8,'Botble\\Page\\Models\\Page','','2022-01-04 21:14:43','2022-01-04 21:14:43'),(79,'terms-conditions',9,'Botble\\Page\\Models\\Page','','2022-01-04 21:14:43','2022-01-04 21:14:43'),(80,'returns-exchanges',10,'Botble\\Page\\Models\\Page','','2022-01-04 21:14:43','2022-01-04 21:14:43'),(81,'shipping-delivery',11,'Botble\\Page\\Models\\Page','','2022-01-04 21:14:43','2022-01-04 21:14:43'),(82,'privacy-policy',12,'Botble\\Page\\Models\\Page','','2022-01-04 21:14:43','2022-01-04 21:14:43'),(83,'blog-list',13,'Botble\\Page\\Models\\Page','','2022-01-04 21:14:43','2022-01-04 21:14:43'),(84,'blog-big',14,'Botble\\Page\\Models\\Page','','2022-01-04 21:14:43','2022-01-04 21:14:43'),(85,'blog-wide',15,'Botble\\Page\\Models\\Page','','2022-01-04 21:14:43','2022-01-04 21:14:43'),(86,'homepage-5',16,'Botble\\Page\\Models\\Page','','2022-01-04 21:14:43','2022-01-04 21:14:43'),(87,'homepage-6',17,'Botble\\Page\\Models\\Page','','2022-01-04 21:14:43','2022-01-04 21:14:43'),(88,'faq',18,'Botble\\Page\\Models\\Page','','2022-01-04 21:14:43','2022-01-04 21:14:43'),(89,'gopro',1,'Botble\\Marketplace\\Models\\Store','stores','2022-01-04 21:14:57','2022-01-04 21:14:57'),(90,'global-office',2,'Botble\\Marketplace\\Models\\Store','stores','2022-01-04 21:14:57','2022-01-04 21:14:57'),(91,'young-shop',3,'Botble\\Marketplace\\Models\\Store','stores','2022-01-04 21:14:57','2022-01-04 21:14:57'),(92,'global-store',4,'Botble\\Marketplace\\Models\\Store','stores','2022-01-04 21:14:57','2022-01-04 21:14:57'),(93,'roberts-store',5,'Botble\\Marketplace\\Models\\Store','stores','2022-01-04 21:14:57','2022-01-04 21:14:57');
/*!40000 ALTER TABLE `slugs` ENABLE KEYS */;
UNLOCK TABLES;

--
-- Table structure for table `tags`
--

DROP TABLE IF EXISTS `tags`;
/*!40101 SET @saved_cs_client     = @@character_set_client */;
/*!40101 SET character_set_client = utf8 */;
CREATE TABLE `tags` (
  `id` bigint(20) unsigned NOT NULL AUTO_INCREMENT,
  `name` varchar(120) COLLATE utf8mb4_unicode_ci NOT NULL,
  `author_id` int(11) NOT NULL,
  `author_type` varchar(255) COLLATE utf8mb4_unicode_ci NOT NULL DEFAULT 'Botble\\ACL\\Models\\User',
  `description` varchar(400) COLLATE utf8mb4_unicode_ci DEFAULT '',
  `status` varchar(60) COLLATE utf8mb4_unicode_ci NOT NULL DEFAULT 'published',
  `created_at` timestamp NULL DEFAULT NULL,
  `updated_at` timestamp NULL DEFAULT NULL,
  PRIMARY KEY (`id`)
) ENGINE=InnoDB AUTO_INCREMENT=6 DEFAULT CHARSET=utf8mb4 COLLATE=utf8mb4_unicode_ci;
/*!40101 SET character_set_client = @saved_cs_client */;

--
-- Dumping data for table `tags`
--

LOCK TABLES `tags` WRITE;
/*!40000 ALTER TABLE `tags` DISABLE KEYS */;
INSERT INTO `tags` VALUES (1,'General',1,'Botble\\ACL\\Models\\User','','published','2022-01-04 21:14:42','2022-01-04 21:14:42'),(2,'Design',1,'Botble\\ACL\\Models\\User','','published','2022-01-04 21:14:42','2022-01-04 21:14:42'),(3,'Fashion',1,'Botble\\ACL\\Models\\User','','published','2022-01-04 21:14:42','2022-01-04 21:14:42'),(4,'Branding',1,'Botble\\ACL\\Models\\User','','published','2022-01-04 21:14:42','2022-01-04 21:14:42'),(5,'Modern',1,'Botble\\ACL\\Models\\User','','published','2022-01-04 21:14:42','2022-01-04 21:14:42');
/*!40000 ALTER TABLE `tags` ENABLE KEYS */;
UNLOCK TABLES;

--
-- Table structure for table `tags_translations`
--

DROP TABLE IF EXISTS `tags_translations`;
/*!40101 SET @saved_cs_client     = @@character_set_client */;
/*!40101 SET character_set_client = utf8 */;
CREATE TABLE `tags_translations` (
  `lang_code` varchar(191) COLLATE utf8mb4_unicode_ci NOT NULL,
  `tags_id` int(11) NOT NULL,
  `name` varchar(255) COLLATE utf8mb4_unicode_ci DEFAULT NULL,
  `description` varchar(400) COLLATE utf8mb4_unicode_ci DEFAULT NULL,
  PRIMARY KEY (`lang_code`,`tags_id`)
) ENGINE=InnoDB DEFAULT CHARSET=utf8mb4 COLLATE=utf8mb4_unicode_ci;
/*!40101 SET character_set_client = @saved_cs_client */;

--
-- Dumping data for table `tags_translations`
--

LOCK TABLES `tags_translations` WRITE;
/*!40000 ALTER TABLE `tags_translations` DISABLE KEYS */;
INSERT INTO `tags_translations` VALUES ('vi',1,'Chung',NULL),('vi',2,'Thiết kế',NULL),('vi',3,'Thời trang',NULL),('vi',4,'Thương hiệu',NULL),('vi',5,'Hiện đại',NULL);
/*!40000 ALTER TABLE `tags_translations` ENABLE KEYS */;
UNLOCK TABLES;

--
-- Table structure for table `translations`
--

DROP TABLE IF EXISTS `translations`;
/*!40101 SET @saved_cs_client     = @@character_set_client */;
/*!40101 SET character_set_client = utf8 */;
CREATE TABLE `translations` (
  `id` bigint(20) unsigned NOT NULL AUTO_INCREMENT,
  `status` int(11) NOT NULL DEFAULT 0,
  `locale` varchar(191) COLLATE utf8mb4_unicode_ci NOT NULL,
  `group` varchar(191) COLLATE utf8mb4_unicode_ci NOT NULL,
  `key` varchar(191) COLLATE utf8mb4_unicode_ci NOT NULL,
  `value` text COLLATE utf8mb4_unicode_ci DEFAULT NULL,
  `created_at` timestamp NULL DEFAULT NULL,
  `updated_at` timestamp NULL DEFAULT NULL,
  PRIMARY KEY (`id`)
) ENGINE=InnoDB AUTO_INCREMENT=4242 DEFAULT CHARSET=utf8mb4 COLLATE=utf8mb4_unicode_ci;
/*!40101 SET character_set_client = @saved_cs_client */;

--
-- Dumping data for table `translations`
--

LOCK TABLES `translations` WRITE;
/*!40000 ALTER TABLE `translations` DISABLE KEYS */;
INSERT INTO `translations` VALUES (1,0,'en','auth','failed','These credentials do not match our records.','2022-01-21 09:06:41','2022-01-21 09:07:19'),(2,0,'en','auth','password','The provided password is incorrect.','2022-01-21 09:06:41','2022-01-21 09:07:19'),(3,0,'en','auth','throttle','Too many login attempts. Please try again in :seconds seconds.','2022-01-21 09:06:41','2022-01-21 09:07:19'),(4,0,'en','pagination','previous','&laquo; Previous','2022-01-21 09:06:41','2022-01-21 09:07:19'),(5,0,'en','pagination','next','Next &raquo;','2022-01-21 09:06:41','2022-01-21 09:07:19'),(6,0,'en','passwords','reset','Your password has been reset!','2022-01-21 09:06:41','2022-01-21 09:07:19'),(7,0,'en','passwords','sent','We have emailed your password reset link!','2022-01-21 09:06:41','2022-01-21 09:07:19'),(8,0,'en','passwords','throttled','Please wait before retrying.','2022-01-21 09:06:41','2022-01-21 09:07:19'),(9,0,'en','passwords','token','This password reset token is invalid.','2022-01-21 09:06:41','2022-01-21 09:07:19'),(10,0,'en','passwords','user','We can\'t find a user with that email address.','2022-01-21 09:06:41','2022-01-21 09:07:19'),(11,0,'en','validation','accepted','The :attribute must be accepted.','2022-01-21 09:06:41','2022-01-21 09:07:19'),(12,0,'en','validation','accepted_if','The :attribute must be accepted when :other is :value.','2022-01-21 09:06:41','2022-01-21 09:07:19'),(13,0,'en','validation','active_url','The :attribute is not a valid URL.','2022-01-21 09:06:41','2022-01-21 09:07:19'),(14,0,'en','validation','after','The :attribute must be a date after :date.','2022-01-21 09:06:41','2022-01-21 09:07:19'),(15,0,'en','validation','after_or_equal','The :attribute must be a date after or equal to :date.','2022-01-21 09:06:41','2022-01-21 09:07:19'),(16,0,'en','validation','alpha','The :attribute must only contain letters.','2022-01-21 09:06:41','2022-01-21 09:07:19'),(17,0,'en','validation','alpha_dash','The :attribute must only contain letters, numbers, dashes and underscores.','2022-01-21 09:06:41','2022-01-21 09:07:19'),(18,0,'en','validation','alpha_num','The :attribute must only contain letters and numbers.','2022-01-21 09:06:41','2022-01-21 09:07:19'),(19,0,'en','validation','array','The :attribute must be an array.','2022-01-21 09:06:41','2022-01-21 09:07:19'),(20,0,'en','validation','before','The :attribute must be a date before :date.','2022-01-21 09:06:41','2022-01-21 09:07:19'),(21,0,'en','validation','before_or_equal','The :attribute must be a date before or equal to :date.','2022-01-21 09:06:41','2022-01-21 09:07:19'),(22,0,'en','validation','between.numeric','The :attribute must be between :min and :max.','2022-01-21 09:06:41','2022-01-21 09:07:19'),(23,0,'en','validation','between.file','The :attribute must be between :min and :max kilobytes.','2022-01-21 09:06:41','2022-01-21 09:07:19'),(24,0,'en','validation','between.string','The :attribute must be between :min and :max characters.','2022-01-21 09:06:41','2022-01-21 09:07:19'),(25,0,'en','validation','between.array','The :attribute must have between :min and :max items.','2022-01-21 09:06:41','2022-01-21 09:07:19'),(26,0,'en','validation','boolean','The :attribute field must be true or false.','2022-01-21 09:06:41','2022-01-21 09:07:19'),(27,0,'en','validation','confirmed','The :attribute confirmation does not match.','2022-01-21 09:06:41','2022-01-21 09:07:19'),(28,0,'en','validation','current_password','The password is incorrect.','2022-01-21 09:06:41','2022-01-21 09:07:19'),(29,0,'en','validation','date','The :attribute is not a valid date.','2022-01-21 09:06:41','2022-01-21 09:07:19'),(30,0,'en','validation','date_equals','The :attribute must be a date equal to :date.','2022-01-21 09:06:41','2022-01-21 09:07:19'),(31,0,'en','validation','date_format','The :attribute does not match the format :format.','2022-01-21 09:06:41','2022-01-21 09:07:19'),(32,0,'en','validation','declined','The :attribute must be declined.','2022-01-21 09:06:41','2022-01-21 09:07:19'),(33,0,'en','validation','declined_if','The :attribute must be declined when :other is :value.','2022-01-21 09:06:41','2022-01-21 09:07:19'),(34,0,'en','validation','different','The :attribute and :other must be different.','2022-01-21 09:06:41','2022-01-21 09:07:19'),(35,0,'en','validation','digits','The :attribute must be :digits digits.','2022-01-21 09:06:41','2022-01-21 09:07:19'),(36,0,'en','validation','digits_between','The :attribute must be between :min and :max digits.','2022-01-21 09:06:41','2022-01-21 09:07:19'),(37,0,'en','validation','dimensions','The :attribute has invalid image dimensions.','2022-01-21 09:06:41','2022-01-21 09:07:19'),(38,0,'en','validation','distinct','The :attribute field has a duplicate value.','2022-01-21 09:06:41','2022-01-21 09:07:19'),(39,0,'en','validation','email','The :attribute must be a valid email address.','2022-01-21 09:06:41','2022-01-21 09:07:19'),(40,0,'en','validation','ends_with','The :attribute must end with one of the following: :values.','2022-01-21 09:06:41','2022-01-21 09:07:19'),(41,0,'en','validation','enum','The selected :attribute is invalid.','2022-01-21 09:06:41','2022-01-21 09:07:19'),(42,0,'en','validation','exists','The selected :attribute is invalid.','2022-01-21 09:06:41','2022-01-21 09:07:19'),(43,0,'en','validation','file','The :attribute must be a file.','2022-01-21 09:06:41','2022-01-21 09:07:19'),(44,0,'en','validation','filled','The :attribute field must have a value.','2022-01-21 09:06:41','2022-01-21 09:07:19'),(45,0,'en','validation','gt.numeric','The :attribute must be greater than :value.','2022-01-21 09:06:41','2022-01-21 09:07:19'),(46,0,'en','validation','gt.file','The :attribute must be greater than :value kilobytes.','2022-01-21 09:06:41','2022-01-21 09:07:19'),(47,0,'en','validation','gt.string','The :attribute must be greater than :value characters.','2022-01-21 09:06:41','2022-01-21 09:07:19'),(48,0,'en','validation','gt.array','The :attribute must have more than :value items.','2022-01-21 09:06:41','2022-01-21 09:07:19'),(49,0,'en','validation','gte.numeric','The :attribute must be greater than or equal to :value.','2022-01-21 09:06:41','2022-01-21 09:07:19'),(50,0,'en','validation','gte.file','The :attribute must be greater than or equal to :value kilobytes.','2022-01-21 09:06:41','2022-01-21 09:07:19'),(51,0,'en','validation','gte.string','The :attribute must be greater than or equal to :value characters.','2022-01-21 09:06:41','2022-01-21 09:07:19'),(52,0,'en','validation','gte.array','The :attribute must have :value items or more.','2022-01-21 09:06:42','2022-01-21 09:07:19'),(53,0,'en','validation','image','The :attribute must be an image.','2022-01-21 09:06:42','2022-01-21 09:07:19'),(54,0,'en','validation','in','The selected :attribute is invalid.','2022-01-21 09:06:42','2022-01-21 09:07:19'),(55,0,'en','validation','in_array','The :attribute field does not exist in :other.','2022-01-21 09:06:42','2022-01-21 09:07:19'),(56,0,'en','validation','integer','The :attribute must be an integer.','2022-01-21 09:06:42','2022-01-21 09:07:19'),(57,0,'en','validation','ip','The :attribute must be a valid IP address.','2022-01-21 09:06:42','2022-01-21 09:07:19'),(58,0,'en','validation','ipv4','The :attribute must be a valid IPv4 address.','2022-01-21 09:06:42','2022-01-21 09:07:19'),(59,0,'en','validation','ipv6','The :attribute must be a valid IPv6 address.','2022-01-21 09:06:42','2022-01-21 09:07:19'),(60,0,'en','validation','mac_address','The :attribute must be a valid MAC address.','2022-01-21 09:06:42','2022-01-21 09:07:19'),(61,0,'en','validation','json','The :attribute must be a valid JSON string.','2022-01-21 09:06:42','2022-01-21 09:07:19'),(62,0,'en','validation','lt.numeric','The :attribute must be less than :value.','2022-01-21 09:06:42','2022-01-21 09:07:19'),(63,0,'en','validation','lt.file','The :attribute must be less than :value kilobytes.','2022-01-21 09:06:42','2022-01-21 09:07:19'),(64,0,'en','validation','lt.string','The :attribute must be less than :value characters.','2022-01-21 09:06:42','2022-01-21 09:07:19'),(65,0,'en','validation','lt.array','The :attribute must have less than :value items.','2022-01-21 09:06:42','2022-01-21 09:07:19'),(66,0,'en','validation','lte.numeric','The :attribute must be less than or equal to :value.','2022-01-21 09:06:42','2022-01-21 09:07:19'),(67,0,'en','validation','lte.file','The :attribute must be less than or equal to :value kilobytes.','2022-01-21 09:06:42','2022-01-21 09:07:19'),(68,0,'en','validation','lte.string','The :attribute must be less than or equal to :value characters.','2022-01-21 09:06:42','2022-01-21 09:07:19'),(69,0,'en','validation','lte.array','The :attribute must not have more than :value items.','2022-01-21 09:06:42','2022-01-21 09:07:19'),(70,0,'en','validation','max.numeric','The :attribute must not be greater than :max.','2022-01-21 09:06:42','2022-01-21 09:07:19'),(71,0,'en','validation','max.file','The :attribute must not be greater than :max kilobytes.','2022-01-21 09:06:42','2022-01-21 09:07:19'),(72,0,'en','validation','max.string','The :attribute must not be greater than :max characters.','2022-01-21 09:06:42','2022-01-21 09:07:19'),(73,0,'en','validation','max.array','The :attribute must not have more than :max items.','2022-01-21 09:06:42','2022-01-21 09:07:19'),(74,0,'en','validation','mimes','The :attribute must be a file of type: :values.','2022-01-21 09:06:42','2022-01-21 09:07:19'),(75,0,'en','validation','mimetypes','The :attribute must be a file of type: :values.','2022-01-21 09:06:42','2022-01-21 09:07:19'),(76,0,'en','validation','min.numeric','The :attribute must be at least :min.','2022-01-21 09:06:42','2022-01-21 09:07:19'),(77,0,'en','validation','min.file','The :attribute must be at least :min kilobytes.','2022-01-21 09:06:42','2022-01-21 09:07:19'),(78,0,'en','validation','min.string','The :attribute must be at least :min characters.','2022-01-21 09:06:42','2022-01-21 09:07:19'),(79,0,'en','validation','min.array','The :attribute must have at least :min items.','2022-01-21 09:06:42','2022-01-21 09:07:19'),(80,0,'en','validation','multiple_of','The :attribute must be a multiple of :value.','2022-01-21 09:06:42','2022-01-21 09:07:19'),(81,0,'en','validation','not_in','The selected :attribute is invalid.','2022-01-21 09:06:42','2022-01-21 09:07:19'),(82,0,'en','validation','not_regex','The :attribute format is invalid.','2022-01-21 09:06:42','2022-01-21 09:07:19'),(83,0,'en','validation','numeric','The :attribute must be a number.','2022-01-21 09:06:42','2022-01-21 09:07:19'),(84,0,'en','validation','password','The password is incorrect.','2022-01-21 09:06:42','2022-01-21 09:07:19'),(85,0,'en','validation','present','The :attribute field must be present.','2022-01-21 09:06:42','2022-01-21 09:07:19'),(86,0,'en','validation','prohibited','The :attribute field is prohibited.','2022-01-21 09:06:42','2022-01-21 09:07:19'),(87,0,'en','validation','prohibited_if','The :attribute field is prohibited when :other is :value.','2022-01-21 09:06:42','2022-01-21 09:07:19'),(88,0,'en','validation','prohibited_unless','The :attribute field is prohibited unless :other is in :values.','2022-01-21 09:06:42','2022-01-21 09:07:19'),(89,0,'en','validation','prohibits','The :attribute field prohibits :other from being present.','2022-01-21 09:06:42','2022-01-21 09:07:19'),(90,0,'en','validation','regex','The :attribute format is invalid.','2022-01-21 09:06:42','2022-01-21 09:07:19'),(91,0,'en','validation','required','The :attribute field is required.','2022-01-21 09:06:42','2022-01-21 09:07:19'),(92,0,'en','validation','required_if','The :attribute field is required when :other is :value.','2022-01-21 09:06:42','2022-01-21 09:07:19'),(93,0,'en','validation','required_unless','The :attribute field is required unless :other is in :values.','2022-01-21 09:06:42','2022-01-21 09:07:19'),(94,0,'en','validation','required_with','The :attribute field is required when :values is present.','2022-01-21 09:06:42','2022-01-21 09:07:19'),(95,0,'en','validation','required_with_all','The :attribute field is required when :values are present.','2022-01-21 09:06:42','2022-01-21 09:07:19'),(96,0,'en','validation','required_without','The :attribute field is required when :values is not present.','2022-01-21 09:06:42','2022-01-21 09:07:19'),(97,0,'en','validation','required_without_all','The :attribute field is required when none of :values are present.','2022-01-21 09:06:42','2022-01-21 09:07:19'),(98,0,'en','validation','same','The :attribute and :other must match.','2022-01-21 09:06:42','2022-01-21 09:07:19'),(99,0,'en','validation','size.numeric','The :attribute must be :size.','2022-01-21 09:06:42','2022-01-21 09:07:19'),(100,0,'en','validation','size.file','The :attribute must be :size kilobytes.','2022-01-21 09:06:42','2022-01-21 09:07:19'),(101,0,'en','validation','size.string','The :attribute must be :size characters.','2022-01-21 09:06:42','2022-01-21 09:07:19'),(102,0,'en','validation','size.array','The :attribute must contain :size items.','2022-01-21 09:06:42','2022-01-21 09:07:19'),(103,0,'en','validation','starts_with','The :attribute must start with one of the following: :values.','2022-01-21 09:06:42','2022-01-21 09:07:19'),(104,0,'en','validation','string','The :attribute must be a string.','2022-01-21 09:06:42','2022-01-21 09:07:19'),(105,0,'en','validation','timezone','The :attribute must be a valid timezone.','2022-01-21 09:06:42','2022-01-21 09:07:19'),(106,0,'en','validation','unique','The :attribute has already been taken.','2022-01-21 09:06:42','2022-01-21 09:07:19'),(107,0,'en','validation','uploaded','The :attribute failed to upload.','2022-01-21 09:06:42','2022-01-21 09:07:19'),(108,0,'en','validation','url','The :attribute must be a valid URL.','2022-01-21 09:06:42','2022-01-21 09:07:19'),(109,0,'en','validation','uuid','The :attribute must be a valid UUID.','2022-01-21 09:06:42','2022-01-21 09:07:19'),(110,0,'en','validation','custom.attribute-name.rule-name','custom-message','2022-01-21 09:06:42','2022-01-21 09:07:19'),(111,0,'en','core/acl/api','api_clients','API Clients','2022-01-21 09:06:42','2022-01-21 09:07:19'),(112,0,'en','core/acl/api','create_new_client','Create new client','2022-01-21 09:06:42','2022-01-21 09:07:19'),(113,0,'en','core/acl/api','create_new_client_success','Create new client successfully!','2022-01-21 09:06:42','2022-01-21 09:07:19'),(114,0,'en','core/acl/api','edit_client','Edit client \":name\"','2022-01-21 09:06:42','2022-01-21 09:07:19'),(115,0,'en','core/acl/api','edit_client_success','Updated client successfully!','2022-01-21 09:06:42','2022-01-21 09:07:19'),(116,0,'en','core/acl/api','delete_success','Deleted client successfully!','2022-01-21 09:06:42','2022-01-21 09:07:19'),(117,0,'en','core/acl/api','confirm_delete_title','Confirm delete client \":name\"','2022-01-21 09:06:42','2022-01-21 09:07:19'),(118,0,'en','core/acl/api','confirm_delete_description','Do you really want to delete client \":name\"?','2022-01-21 09:06:42','2022-01-21 09:07:19'),(119,0,'en','core/acl/api','cancel_delete','No','2022-01-21 09:06:42','2022-01-21 09:07:19'),(120,0,'en','core/acl/api','continue_delete','Yes, let\'s delete it!','2022-01-21 09:06:42','2022-01-21 09:07:19'),(121,0,'en','core/acl/api','name','Name','2022-01-21 09:06:42','2022-01-21 09:07:19'),(122,0,'en','core/acl/api','cancel','Cancel','2022-01-21 09:06:42','2022-01-21 09:07:19'),(123,0,'en','core/acl/api','save','Save','2022-01-21 09:06:42','2022-01-21 09:07:19'),(124,0,'en','core/acl/api','edit','Edit','2022-01-21 09:06:42','2022-01-21 09:07:19'),(125,0,'en','core/acl/api','delete','Delete','2022-01-21 09:06:42','2022-01-21 09:07:19'),(126,0,'en','core/acl/api','client_id','Client ID','2022-01-21 09:06:42','2022-01-21 09:07:19'),(127,0,'en','core/acl/api','secret','Secret','2022-01-21 09:06:42','2022-01-21 09:07:19'),(128,0,'en','core/acl/auth','login.username','Email/Username','2022-01-21 09:06:42','2022-01-21 09:07:19'),(129,0,'en','core/acl/auth','login.email','Email','2022-01-21 09:06:42','2022-01-21 09:07:19'),(130,0,'en','core/acl/auth','login.password','Password','2022-01-21 09:06:42','2022-01-21 09:07:19'),(131,0,'en','core/acl/auth','login.title','User Login','2022-01-21 09:06:42','2022-01-21 09:07:19'),(132,0,'en','core/acl/auth','login.remember','Remember me?','2022-01-21 09:06:42','2022-01-21 09:07:19'),(133,0,'en','core/acl/auth','login.login','Sign in','2022-01-21 09:06:42','2022-01-21 09:07:19'),(134,0,'en','core/acl/auth','login.placeholder.username','Please enter your username','2022-01-21 09:06:42','2022-01-21 09:07:19'),(135,0,'en','core/acl/auth','login.placeholder.email','Please enter your email','2022-01-21 09:06:42','2022-01-21 09:07:19'),(136,0,'en','core/acl/auth','login.success','Login successfully!','2022-01-21 09:06:42','2022-01-21 09:07:19'),(137,0,'en','core/acl/auth','login.fail','Wrong username or password.','2022-01-21 09:06:42','2022-01-21 09:07:19'),(138,0,'en','core/acl/auth','login.not_active','Your account has not been activated yet!','2022-01-21 09:06:42','2022-01-21 09:07:19'),(139,0,'en','core/acl/auth','login.banned','This account is banned.','2022-01-21 09:06:42','2022-01-21 09:07:19'),(140,0,'en','core/acl/auth','login.logout_success','Logout successfully!','2022-01-21 09:06:42','2022-01-21 09:07:19'),(141,0,'en','core/acl/auth','login.dont_have_account','You don\'t have account on this system, please contact administrator for more information!','2022-01-21 09:06:42','2022-01-21 09:07:19'),(142,0,'en','core/acl/auth','forgot_password.title','Forgot Password','2022-01-21 09:06:42','2022-01-21 09:07:19'),(143,0,'en','core/acl/auth','forgot_password.message','<p>Have you forgotten your password?</p><p>Please enter your email account. System will send a email with active link to reset your password.</p>','2022-01-21 09:06:42','2022-01-21 09:07:19'),(144,0,'en','core/acl/auth','forgot_password.submit','Submit','2022-01-21 09:06:42','2022-01-21 09:07:19'),(145,0,'en','core/acl/auth','reset.new_password','New password','2022-01-21 09:06:42','2022-01-21 09:07:19'),(146,0,'en','core/acl/auth','reset.password_confirmation','Confirm new password','2022-01-21 09:06:42','2022-01-21 09:07:19'),(147,0,'en','core/acl/auth','reset.email','Email','2022-01-21 09:06:42','2022-01-21 09:07:19'),(148,0,'en','core/acl/auth','reset.title','Reset your password','2022-01-21 09:06:42','2022-01-21 09:07:19'),(149,0,'en','core/acl/auth','reset.update','Update','2022-01-21 09:06:42','2022-01-21 09:07:19'),(150,0,'en','core/acl/auth','reset.wrong_token','This link is invalid or expired. Please try using reset form again.','2022-01-21 09:06:42','2022-01-21 09:07:19'),(151,0,'en','core/acl/auth','reset.user_not_found','This username is not exist.','2022-01-21 09:06:42','2022-01-21 09:07:19'),(152,0,'en','core/acl/auth','reset.success','Reset password successfully!','2022-01-21 09:06:42','2022-01-21 09:07:19'),(153,0,'en','core/acl/auth','reset.fail','Token is invalid, the reset password link has been expired!','2022-01-21 09:06:42','2022-01-21 09:07:19'),(154,0,'en','core/acl/auth','reset.reset.title','Email reset password','2022-01-21 09:06:42','2022-01-21 09:07:19'),(155,0,'en','core/acl/auth','reset.send.success','A email was sent to your email account. Please check and complete this action.','2022-01-21 09:06:42','2022-01-21 09:07:19'),(156,0,'en','core/acl/auth','reset.send.fail','Can not send email in this time. Please try again later.','2022-01-21 09:06:42','2022-01-21 09:07:19'),(157,0,'en','core/acl/auth','reset.new-password','New password','2022-01-21 09:06:42','2022-01-21 09:07:19'),(158,0,'en','core/acl/auth','email.reminder.title','Email reset password','2022-01-21 09:06:42','2022-01-21 09:07:19'),(159,0,'en','core/acl/auth','password_confirmation','Password confirm','2022-01-21 09:06:42','2022-01-21 09:07:19'),(160,0,'en','core/acl/auth','failed','Failed','2022-01-21 09:06:42','2022-01-21 09:07:19'),(161,0,'en','core/acl/auth','throttle','Throttle','2022-01-21 09:06:42','2022-01-21 09:07:19'),(162,0,'en','core/acl/auth','not_member','Not a member yet?','2022-01-21 09:06:42','2022-01-21 09:07:19'),(163,0,'en','core/acl/auth','register_now','Register now','2022-01-21 09:06:42','2022-01-21 09:07:19'),(164,0,'en','core/acl/auth','lost_your_password','Lost your password?','2022-01-21 09:06:42','2022-01-21 09:07:19'),(165,0,'en','core/acl/auth','login_title','Admin','2022-01-21 09:06:42','2022-01-21 09:07:19'),(166,0,'en','core/acl/auth','login_via_social','Login with social networks','2022-01-21 09:06:42','2022-01-21 09:07:19'),(167,0,'en','core/acl/auth','back_to_login','Back to login page','2022-01-21 09:06:42','2022-01-21 09:07:19'),(168,0,'en','core/acl/auth','sign_in_below','Sign In Below','2022-01-21 09:06:42','2022-01-21 09:07:19'),(169,0,'en','core/acl/auth','languages','Languages','2022-01-21 09:06:42','2022-01-21 09:07:19'),(170,0,'en','core/acl/auth','reset_password','Reset Password','2022-01-21 09:06:42','2022-01-21 09:07:19'),(171,0,'en','core/acl/auth','settings.email.title','ACL','2022-01-21 09:06:42','2022-01-21 09:07:19'),(172,0,'en','core/acl/auth','settings.email.description','ACL email configuration','2022-01-21 09:06:42','2022-01-21 09:07:19'),(173,0,'en','core/acl/permissions','notices.role_in_use','Cannot delete this role, it is still in use!','2022-01-21 09:06:42','2022-01-21 09:07:19'),(174,0,'en','core/acl/permissions','notices.role_delete_belong_user','You are not able to delete this role; it belongs to someone else!','2022-01-21 09:06:42','2022-01-21 09:07:19'),(175,0,'en','core/acl/permissions','notices.role_edit_belong_user','You are not able to edit this role; it belongs to someone else!','2022-01-21 09:06:42','2022-01-21 09:07:19'),(176,0,'en','core/acl/permissions','notices.delete_global_role','You are not allowed to delete global roles!','2022-01-21 09:06:42','2022-01-21 09:07:19'),(177,0,'en','core/acl/permissions','notices.delete_success','The selected role was deleted successfully!','2022-01-21 09:06:42','2022-01-21 09:07:19'),(178,0,'en','core/acl/permissions','notices.modified_success','The selected role was modified successfully!','2022-01-21 09:06:42','2022-01-21 09:07:19'),(179,0,'en','core/acl/permissions','notices.create_success','The new role was successfully created','2022-01-21 09:06:42','2022-01-21 09:07:19'),(180,0,'en','core/acl/permissions','notices.duplicated_success','The selected role was duplicated successfully','2022-01-21 09:06:42','2022-01-21 09:07:19'),(181,0,'en','core/acl/permissions','notices.no_select','Please select at least one record to take this action!','2022-01-21 09:06:42','2022-01-21 09:07:19'),(182,0,'en','core/acl/permissions','notices.not_found','Role not found','2022-01-21 09:06:42','2022-01-21 09:07:19'),(183,0,'en','core/acl/permissions','name','Name','2022-01-21 09:06:42','2022-01-21 09:07:19'),(184,0,'en','core/acl/permissions','current_role','Current Role','2022-01-21 09:06:42','2022-01-21 09:07:19'),(185,0,'en','core/acl/permissions','no_role_assigned','No role assigned','2022-01-21 09:06:42','2022-01-21 09:07:19'),(186,0,'en','core/acl/permissions','role_assigned','Assigned Role','2022-01-21 09:06:42','2022-01-21 09:07:19'),(187,0,'en','core/acl/permissions','create_role','Create New Role','2022-01-21 09:06:42','2022-01-21 09:07:19'),(188,0,'en','core/acl/permissions','role_name','Name','2022-01-21 09:06:42','2022-01-21 09:07:19'),(189,0,'en','core/acl/permissions','role_description','Description','2022-01-21 09:06:42','2022-01-21 09:07:19'),(190,0,'en','core/acl/permissions','permission_flags','Permission Flags','2022-01-21 09:06:42','2022-01-21 09:07:19'),(191,0,'en','core/acl/permissions','cancel','Cancel','2022-01-21 09:06:42','2022-01-21 09:07:19'),(192,0,'en','core/acl/permissions','reset','Reset','2022-01-21 09:06:42','2022-01-21 09:07:19'),(193,0,'en','core/acl/permissions','save','Save','2022-01-21 09:06:42','2022-01-21 09:07:19'),(194,0,'en','core/acl/permissions','global_role_msg','This is a global role and cannot be modified.  You can use the Duplicate button to make a copy of this role that you can then modify.','2022-01-21 09:06:42','2022-01-21 09:07:19'),(195,0,'en','core/acl/permissions','details','Details','2022-01-21 09:06:42','2022-01-21 09:07:19'),(196,0,'en','core/acl/permissions','duplicate','Duplicate','2022-01-21 09:06:42','2022-01-21 09:07:19'),(197,0,'en','core/acl/permissions','all','All Permissions','2022-01-21 09:06:42','2022-01-21 09:07:19'),(198,0,'en','core/acl/permissions','list_role','List Roles','2022-01-21 09:06:42','2022-01-21 09:07:19'),(199,0,'en','core/acl/permissions','created_on','Created On','2022-01-21 09:06:42','2022-01-21 09:07:19'),(200,0,'en','core/acl/permissions','created_by','Created By','2022-01-21 09:06:42','2022-01-21 09:07:19'),(201,0,'en','core/acl/permissions','actions','Actions','2022-01-21 09:06:42','2022-01-21 09:07:19'),(202,0,'en','core/acl/permissions','role_in_use','Cannot delete this role, it is still in use!','2022-01-21 09:06:42','2022-01-21 09:07:19'),(203,0,'en','core/acl/permissions','role_delete_belong_user','You are not able to delete this role; it belongs to someone else!','2022-01-21 09:06:42','2022-01-21 09:07:19'),(204,0,'en','core/acl/permissions','delete_global_role','Can not delete global role','2022-01-21 09:06:42','2022-01-21 09:07:19'),(205,0,'en','core/acl/permissions','delete_success','Delete role successfully','2022-01-21 09:06:42','2022-01-21 09:07:19'),(206,0,'en','core/acl/permissions','no_select','Please select at least one role to take this action!','2022-01-21 09:06:42','2022-01-21 09:07:19'),(207,0,'en','core/acl/permissions','not_found','No role found!','2022-01-21 09:06:42','2022-01-21 09:07:19'),(208,0,'en','core/acl/permissions','role_edit_belong_user','You are not able to edit this role; it belongs to someone else!','2022-01-21 09:06:42','2022-01-21 09:07:19'),(209,0,'en','core/acl/permissions','modified_success','Modified successfully','2022-01-21 09:06:42','2022-01-21 09:07:19'),(210,0,'en','core/acl/permissions','create_success','Create successfully','2022-01-21 09:06:42','2022-01-21 09:07:19'),(211,0,'en','core/acl/permissions','duplicated_success','Duplicated successfully','2022-01-21 09:06:42','2022-01-21 09:07:19'),(212,0,'en','core/acl/permissions','options','Options','2022-01-21 09:06:42','2022-01-21 09:07:19'),(213,0,'en','core/acl/permissions','access_denied_message','You are not allowed to do this action','2022-01-21 09:06:42','2022-01-21 09:07:19'),(214,0,'en','core/acl/permissions','roles','Roles','2022-01-21 09:06:42','2022-01-21 09:07:19'),(215,0,'en','core/acl/permissions','role_permission','Roles and Permissions','2022-01-21 09:06:42','2022-01-21 09:07:19'),(216,0,'en','core/acl/permissions','user_management','User Management','2022-01-21 09:06:42','2022-01-21 09:07:19'),(217,0,'en','core/acl/permissions','super_user_management','Super User Management','2022-01-21 09:06:42','2022-01-21 09:07:19'),(218,0,'en','core/acl/permissions','action_unauthorized','This action is unauthorized.','2022-01-21 09:06:42','2022-01-21 09:07:19'),(219,0,'en','core/acl/reminders','password','Passwords must be at least six characters and match the confirmation.','2022-01-21 09:06:42','2022-01-21 09:07:19'),(220,0,'en','core/acl/reminders','user','We can\'t find a user with that e-mail address.','2022-01-21 09:06:42','2022-01-21 09:07:19'),(221,0,'en','core/acl/reminders','token','This password reset token is invalid.','2022-01-21 09:06:42','2022-01-21 09:07:19'),(222,0,'en','core/acl/reminders','sent','Password reminder sent!','2022-01-21 09:06:42','2022-01-21 09:07:19'),(223,0,'en','core/acl/reminders','reset','Password has been reset!','2022-01-21 09:06:42','2022-01-21 09:07:19'),(224,0,'en','core/acl/users','delete_user_logged_in','Can\'t delete this user. This user is logged on!','2022-01-21 09:06:42','2022-01-21 09:07:19'),(225,0,'en','core/acl/users','no_select','Please select at least one record to take this action!','2022-01-21 09:06:42','2022-01-21 09:07:19'),(226,0,'en','core/acl/users','lock_user_logged_in','Can\'t lock this user. This user is logged on!','2022-01-21 09:06:42','2022-01-21 09:07:19'),(227,0,'en','core/acl/users','update_success','Update status successfully!','2022-01-21 09:06:42','2022-01-21 09:07:19'),(228,0,'en','core/acl/users','save_setting_failed','Something went wrong when save your setting','2022-01-21 09:06:42','2022-01-21 09:07:19'),(229,0,'en','core/acl/users','not_found','User not found','2022-01-21 09:06:42','2022-01-21 09:07:19'),(230,0,'en','core/acl/users','email_exist','That email address already belongs to an existing account','2022-01-21 09:06:42','2022-01-21 09:07:19'),(231,0,'en','core/acl/users','username_exist','That username address already belongs to an existing account','2022-01-21 09:06:42','2022-01-21 09:07:19'),(232,0,'en','core/acl/users','update_profile_success','Your profile changes were successfully saved','2022-01-21 09:06:42','2022-01-21 09:07:19'),(233,0,'en','core/acl/users','password_update_success','Password successfully changed','2022-01-21 09:06:42','2022-01-21 09:07:19'),(234,0,'en','core/acl/users','current_password_not_valid','Current password is not valid','2022-01-21 09:06:42','2022-01-21 09:07:19'),(235,0,'en','core/acl/users','user_exist_in','User is already a member','2022-01-21 09:06:42','2022-01-21 09:07:19'),(236,0,'en','core/acl/users','email','Email','2022-01-21 09:06:42','2022-01-21 09:07:19'),(237,0,'en','core/acl/users','role','Role','2022-01-21 09:06:42','2022-01-21 09:07:19'),(238,0,'en','core/acl/users','username','Username','2022-01-21 09:06:42','2022-01-21 09:07:19'),(239,0,'en','core/acl/users','last_name','Last Name','2022-01-21 09:06:42','2022-01-21 09:07:19'),(240,0,'en','core/acl/users','first_name','First Name','2022-01-21 09:06:42','2022-01-21 09:07:19'),(241,0,'en','core/acl/users','message','Message','2022-01-21 09:06:42','2022-01-21 09:07:19'),(242,0,'en','core/acl/users','cancel_btn','Cancel','2022-01-21 09:06:42','2022-01-21 09:07:19'),(243,0,'en','core/acl/users','change_password','Change password','2022-01-21 09:06:42','2022-01-21 09:07:19'),(244,0,'en','core/acl/users','current_password','Current password','2022-01-21 09:06:42','2022-01-21 09:07:19'),(245,0,'en','core/acl/users','new_password','New Password','2022-01-21 09:06:42','2022-01-21 09:07:19'),(246,0,'en','core/acl/users','confirm_new_password','Confirm New Password','2022-01-21 09:06:42','2022-01-21 09:07:19'),(247,0,'en','core/acl/users','password','Password','2022-01-21 09:06:42','2022-01-21 09:07:19'),(248,0,'en','core/acl/users','save','Save','2022-01-21 09:06:42','2022-01-21 09:07:19'),(249,0,'en','core/acl/users','cannot_delete','User could not be deleted','2022-01-21 09:06:42','2022-01-21 09:07:19'),(250,0,'en','core/acl/users','deleted','User deleted','2022-01-21 09:06:42','2022-01-21 09:07:19'),(251,0,'en','core/acl/users','last_login','Last Login','2022-01-21 09:06:42','2022-01-21 09:07:19'),(252,0,'en','core/acl/users','error_update_profile_image','Error when update profile image','2022-01-21 09:06:42','2022-01-21 09:07:19'),(253,0,'en','core/acl/users','email_reminder_template','<h3>Hello :name</h3><p>The system has received a request to restore the password for your account, to complete this task please click the link below.</p><p><a href=\":link\">Reset password now</a></p><p>If not you ask recover password, please ignore this email.</p><p>This email is valid for 60 minutes after receiving the email.</p>','2022-01-21 09:06:42','2022-01-21 09:07:19'),(254,0,'en','core/acl/users','change_profile_image','Change Profile Image','2022-01-21 09:06:42','2022-01-21 09:07:19'),(255,0,'en','core/acl/users','new_image','New Image','2022-01-21 09:06:42','2022-01-21 09:07:19'),(256,0,'en','core/acl/users','loading','Loading','2022-01-21 09:06:42','2022-01-21 09:07:19'),(257,0,'en','core/acl/users','close','Close','2022-01-21 09:06:42','2022-01-21 09:07:19'),(258,0,'en','core/acl/users','update','Update','2022-01-21 09:06:42','2022-01-21 09:07:19'),(259,0,'en','core/acl/users','read_image_failed','Failed to read the image file','2022-01-21 09:06:42','2022-01-21 09:07:19'),(260,0,'en','core/acl/users','users','Users','2022-01-21 09:06:42','2022-01-21 09:07:19'),(261,0,'en','core/acl/users','update_avatar_success','Update profile image successfully!','2022-01-21 09:06:42','2022-01-21 09:07:19'),(262,0,'en','core/acl/users','info.title','User profile','2022-01-21 09:06:42','2022-01-21 09:07:19'),(263,0,'en','core/acl/users','info.first_name','First Name','2022-01-21 09:06:42','2022-01-21 09:07:19'),(264,0,'en','core/acl/users','info.last_name','Last Name','2022-01-21 09:06:42','2022-01-21 09:07:19'),(265,0,'en','core/acl/users','info.email','Email','2022-01-21 09:06:42','2022-01-21 09:07:19'),(266,0,'en','core/acl/users','info.second_email','Secondary Email','2022-01-21 09:06:42','2022-01-21 09:07:19'),(267,0,'en','core/acl/users','info.address','Address','2022-01-21 09:06:42','2022-01-21 09:07:19'),(268,0,'en','core/acl/users','info.second_address','Secondary Address','2022-01-21 09:06:42','2022-01-21 09:07:19'),(269,0,'en','core/acl/users','info.birth_day','Date of birth','2022-01-21 09:06:42','2022-01-21 09:07:19'),(270,0,'en','core/acl/users','info.job','Job Position','2022-01-21 09:06:42','2022-01-21 09:07:19'),(271,0,'en','core/acl/users','info.mobile_number','Mobile Number','2022-01-21 09:06:42','2022-01-21 09:07:19'),(272,0,'en','core/acl/users','info.second_mobile_number','Secondary Phone','2022-01-21 09:06:42','2022-01-21 09:07:19'),(273,0,'en','core/acl/users','info.interes','Interests','2022-01-21 09:06:42','2022-01-21 09:07:19'),(274,0,'en','core/acl/users','info.about','About','2022-01-21 09:06:42','2022-01-21 09:07:19'),(275,0,'en','core/acl/users','gender.title','Gender','2022-01-21 09:06:42','2022-01-21 09:07:19'),(276,0,'en','core/acl/users','gender.male','Male','2022-01-21 09:06:42','2022-01-21 09:07:19'),(277,0,'en','core/acl/users','gender.female','Female','2022-01-21 09:06:42','2022-01-21 09:07:19'),(278,0,'en','core/acl/users','total_users','Total users','2022-01-21 09:06:42','2022-01-21 09:07:19'),(279,0,'en','core/acl/users','statuses.activated','Activated','2022-01-21 09:06:42','2022-01-21 09:07:19'),(280,0,'en','core/acl/users','statuses.deactivated','Deactivated','2022-01-21 09:06:42','2022-01-21 09:07:19'),(281,0,'en','core/acl/users','make_super','Make super','2022-01-21 09:06:42','2022-01-21 09:07:19'),(282,0,'en','core/acl/users','remove_super','Remove super','2022-01-21 09:06:42','2022-01-21 09:07:19'),(283,0,'en','core/acl/users','is_super','Is super?','2022-01-21 09:06:42','2022-01-21 09:07:19'),(284,0,'en','core/acl/users','email_placeholder','Ex: example@gmail.com','2022-01-21 09:06:42','2022-01-21 09:07:19'),(285,0,'en','core/acl/users','password_confirmation','Re-type password','2022-01-21 09:06:42','2022-01-21 09:07:19'),(286,0,'en','core/acl/users','select_role','Select role','2022-01-21 09:06:42','2022-01-21 09:07:19'),(287,0,'en','core/acl/users','create_new_user','Create a new user','2022-01-21 09:06:42','2022-01-21 09:07:19'),(288,0,'en','core/acl/users','cannot_delete_super_user','Permission denied. Cannot delete a super user!','2022-01-21 09:06:42','2022-01-21 09:07:19'),(289,0,'en','core/acl/users','assigned_role','Assigned Role','2022-01-21 09:06:42','2022-01-21 09:07:19'),(290,0,'en','core/acl/users','no_role_assigned','No role assigned','2022-01-21 09:06:42','2022-01-21 09:07:19'),(291,0,'en','core/acl/users','view_user_profile','View user\'s profile','2022-01-21 09:06:42','2022-01-21 09:07:19'),(292,0,'vi','core/acl/auth','login.username','Tên truy cập','2022-01-21 09:06:42','2022-01-21 09:07:19'),(293,0,'vi','core/acl/auth','login.password','Mật khẩu','2022-01-21 09:06:42','2022-01-21 09:07:19'),(294,0,'vi','core/acl/auth','login.title','Đăng nhập vào quản trị','2022-01-21 09:06:42','2022-01-21 09:07:19'),(295,0,'vi','core/acl/auth','login.remember','Nhớ mật khẩu?','2022-01-21 09:06:42','2022-01-21 09:07:19'),(296,0,'vi','core/acl/auth','login.login','Đăng nhập','2022-01-21 09:06:42','2022-01-21 09:07:19'),(297,0,'vi','core/acl/auth','login.placeholder.username','Vui lòng nhập tên truy cập','2022-01-21 09:06:42','2022-01-21 09:07:19'),(298,0,'vi','core/acl/auth','login.placeholder.email','Vui lòng nhập email','2022-01-21 09:06:42','2022-01-21 09:07:19'),(299,0,'vi','core/acl/auth','login.success','Đăng nhập thành công!','2022-01-21 09:06:42','2022-01-21 09:07:19'),(300,0,'vi','core/acl/auth','login.fail','Sai tên truy cập hoặc mật khẩu.','2022-01-21 09:06:42','2022-01-21 09:07:19'),(301,0,'vi','core/acl/auth','login.not_active','Tài khoản của bạn chưa được kích hoạt!','2022-01-21 09:06:42','2022-01-21 09:07:19'),(302,0,'vi','core/acl/auth','login.banned','Tài khoản này đã bị khóa.','2022-01-21 09:06:42','2022-01-21 09:07:19'),(303,0,'vi','core/acl/auth','login.logout_success','Đăng xuất thành công!','2022-01-21 09:06:42','2022-01-21 09:07:19'),(304,0,'vi','core/acl/auth','login.dont_have_account','Bạn không có tài khoản trong hệ thống, vui lòng liên hệ quản trị viên!','2022-01-21 09:06:42','2022-01-21 09:07:19'),(305,0,'vi','core/acl/auth','login.email','Email','2022-01-21 09:06:42','2022-01-21 09:07:19'),(306,0,'vi','core/acl/auth','forgot_password.title','Quên mật khẩu','2022-01-21 09:06:42','2022-01-21 09:07:19'),(307,0,'vi','core/acl/auth','forgot_password.message','<p>Quên mật khẩu?</p><p>Vui lòng nhập email đăng nhập tài khoản của bạn để hệ thống gửi liên kết khôi phục mật khẩu.</p>','2022-01-21 09:06:42','2022-01-21 09:07:19'),(308,0,'vi','core/acl/auth','forgot_password.submit','Hoàn tất','2022-01-21 09:06:42','2022-01-21 09:07:19'),(309,0,'vi','core/acl/auth','reset.new_password','Mật khẩu mới','2022-01-21 09:06:42','2022-01-21 09:07:19'),(310,0,'vi','core/acl/auth','reset.title','Khôi phục mật khẩu','2022-01-21 09:06:42','2022-01-21 09:07:19'),(311,0,'vi','core/acl/auth','reset.update','Cập nhật','2022-01-21 09:06:42','2022-01-21 09:07:19'),(312,0,'vi','core/acl/auth','reset.wrong_token','Liên kết này không chính xác hoặc đã hết hiệu lực, vui lòng yêu cầu khôi phục mật khẩu lại!','2022-01-21 09:06:42','2022-01-21 09:07:19'),(313,0,'vi','core/acl/auth','reset.user_not_found','Tên đăng nhập không tồn tại.','2022-01-21 09:06:42','2022-01-21 09:07:19'),(314,0,'vi','core/acl/auth','reset.success','Khôi phục mật khẩu thành công!','2022-01-21 09:06:42','2022-01-21 09:07:19'),(315,0,'vi','core/acl/auth','reset.fail','Token không hợp lệ hoặc liên kết khôi phục mật khẩu đã hết thời gian hiệu lực!','2022-01-21 09:06:42','2022-01-21 09:07:19'),(316,0,'vi','core/acl/auth','reset.reset.title','Email khôi phục mật khẩu','2022-01-21 09:06:42','2022-01-21 09:07:19'),(317,0,'vi','core/acl/auth','reset.send.success','Một email khôi phục mật khẩu đã được gửi tới email của bạn, vui lòng kiểm tra và hoàn tất yêu cầu.','2022-01-21 09:06:42','2022-01-21 09:07:19'),(318,0,'vi','core/acl/auth','reset.send.fail','Không thể gửi email trong lúc này. Vui lòng thực hiện lại sau.','2022-01-21 09:06:42','2022-01-21 09:07:19'),(319,0,'vi','core/acl/auth','reset.new-password','Mật khẩu mới','2022-01-21 09:06:42','2022-01-21 09:07:19'),(320,0,'vi','core/acl/auth','reset.email','Email','2022-01-21 09:06:42','2022-01-21 09:07:19'),(321,0,'vi','core/acl/auth','email.reminder.title','Email khôi phục mật khẩu','2022-01-21 09:06:42','2022-01-21 09:07:19'),(322,0,'vi','core/acl/auth','failed','Không thành công','2022-01-21 09:06:42','2022-01-21 09:07:19'),(323,0,'vi','core/acl/auth','throttle','Throttle','2022-01-21 09:06:42','2022-01-21 09:07:19'),(324,0,'vi','core/acl/auth','back_to_login','Quay lại trang đăng nhập','2022-01-21 09:06:42','2022-01-21 09:07:19'),(325,0,'vi','core/acl/auth','login_title','Đăng nhập vào quản trị','2022-01-21 09:06:42','2022-01-21 09:07:19'),(326,0,'vi','core/acl/auth','login_via_social','Đăng nhập thông qua mạng xã hội','2022-01-21 09:06:43','2022-01-21 09:07:19'),(327,0,'vi','core/acl/auth','lost_your_password','Quên mật khẩu?','2022-01-21 09:06:43','2022-01-21 09:07:19'),(328,0,'vi','core/acl/auth','not_member','Chưa là thành viên?','2022-01-21 09:06:43','2022-01-21 09:07:19'),(329,0,'vi','core/acl/auth','register_now','Đăng ký ngay','2022-01-21 09:06:43','2022-01-21 09:07:19'),(330,0,'vi','core/acl/permissions','notices.role_in_use','Không thể xóa quyền người dùng này vì nó đang được sử dụng!','2022-01-21 09:06:43','2022-01-21 09:07:19'),(331,0,'vi','core/acl/permissions','notices.role_delete_belong_user','Không thể xóa quyền hạn này vì nó thuộc về người khác!','2022-01-21 09:06:43','2022-01-21 09:07:19'),(332,0,'vi','core/acl/permissions','notices.role_edit_belong_user','Bạn không được phép sửa quyền này vì nó thuộc về người khác','2022-01-21 09:06:43','2022-01-21 09:07:19'),(333,0,'vi','core/acl/permissions','notices.delete_global_role','Bạn không thể xóa quyền người dùng hệ thống!','2022-01-21 09:06:43','2022-01-21 09:07:19'),(334,0,'vi','core/acl/permissions','notices.delete_success','Quyền người dùng đã được xóa!','2022-01-21 09:06:43','2022-01-21 09:07:19'),(335,0,'vi','core/acl/permissions','notices.modified_success','Quyền người dùng đã được cập nhật thành công!','2022-01-21 09:06:43','2022-01-21 09:07:19'),(336,0,'vi','core/acl/permissions','notices.create_success','Quyền người dùng mới đã được tạo thành công!','2022-01-21 09:06:43','2022-01-21 09:07:19'),(337,0,'vi','core/acl/permissions','notices.duplicated_success','Quyền người dùng đã được sao chép thành công!','2022-01-21 09:06:43','2022-01-21 09:07:19'),(338,0,'vi','core/acl/permissions','notices.no_select','Hãy chọn ít nhất một quyền người dùng để thực hiện hành động này!','2022-01-21 09:06:43','2022-01-21 09:07:19'),(339,0,'vi','core/acl/permissions','notices.not_found','Không tìm thấy quyền người dùng này','2022-01-21 09:06:43','2022-01-21 09:07:19'),(340,0,'vi','core/acl/permissions','name','Tên','2022-01-21 09:06:43','2022-01-21 09:07:19'),(341,0,'vi','core/acl/permissions','current_role','Quyền hiện tại','2022-01-21 09:06:43','2022-01-21 09:07:19'),(342,0,'vi','core/acl/permissions','no_role_assigned','Không có quyền hạn nào','2022-01-21 09:06:43','2022-01-21 09:07:19'),(343,0,'vi','core/acl/permissions','role_assigned','Quyền đã được gán','2022-01-21 09:06:43','2022-01-21 09:07:19'),(344,0,'vi','core/acl/permissions','create_role','Tạo quyền mới','2022-01-21 09:06:43','2022-01-21 09:07:19'),(345,0,'vi','core/acl/permissions','role_name','Tên','2022-01-21 09:06:43','2022-01-21 09:07:19'),(346,0,'vi','core/acl/permissions','role_description','Mô tả','2022-01-21 09:06:43','2022-01-21 09:07:19'),(347,0,'vi','core/acl/permissions','permission_flags','Cờ đánh dấu quyền hạn','2022-01-21 09:06:43','2022-01-21 09:07:19'),(348,0,'vi','core/acl/permissions','cancel','Hủy bỏ','2022-01-21 09:06:43','2022-01-21 09:07:19'),(349,0,'vi','core/acl/permissions','reset','Làm lại','2022-01-21 09:06:43','2022-01-21 09:07:19'),(350,0,'vi','core/acl/permissions','save','Lưu','2022-01-21 09:06:43','2022-01-21 09:07:19'),(351,0,'vi','core/acl/permissions','global_role_msg','Đây là một phân quyền toàn cục và không thể thay đổi.  Bạn có thể sử dụng nút \"Nhân bản\" để tạo một bản sao chép cho phân quyền này và chỉnh sửa.','2022-01-21 09:06:43','2022-01-21 09:07:19'),(352,0,'vi','core/acl/permissions','details','Chi tiết','2022-01-21 09:06:43','2022-01-21 09:07:19'),(353,0,'vi','core/acl/permissions','duplicate','Nhân bản','2022-01-21 09:06:43','2022-01-21 09:07:19'),(354,0,'vi','core/acl/permissions','all','Tất cả phân quyền','2022-01-21 09:06:43','2022-01-21 09:07:19'),(355,0,'vi','core/acl/permissions','list_role','Danh sách quyền','2022-01-21 09:06:43','2022-01-21 09:07:19'),(356,0,'vi','core/acl/permissions','created_on','Ngày tạo','2022-01-21 09:06:43','2022-01-21 09:07:19'),(357,0,'vi','core/acl/permissions','created_by','Được tạo bởi','2022-01-21 09:06:43','2022-01-21 09:07:19'),(358,0,'vi','core/acl/permissions','actions','Tác vụ','2022-01-21 09:06:43','2022-01-21 09:07:19'),(359,0,'vi','core/acl/permissions','create_success','Tạo thành công!','2022-01-21 09:06:43','2022-01-21 09:07:19'),(360,0,'vi','core/acl/permissions','delete_global_role','Không thể xóa quyền hệ thống','2022-01-21 09:06:43','2022-01-21 09:07:19'),(361,0,'vi','core/acl/permissions','delete_success','Xóa quyền thành công','2022-01-21 09:06:43','2022-01-21 09:07:19'),(362,0,'vi','core/acl/permissions','duplicated_success','Nhân bản thành công','2022-01-21 09:06:43','2022-01-21 09:07:19'),(363,0,'vi','core/acl/permissions','modified_success','Sửa thành công','2022-01-21 09:06:43','2022-01-21 09:07:19'),(364,0,'vi','core/acl/permissions','no_select','Hãy chọn ít nhất một quyền để thực hiện hành động này!','2022-01-21 09:06:43','2022-01-21 09:07:19'),(365,0,'vi','core/acl/permissions','not_found','Không tìm thấy quyền thành viên nào!','2022-01-21 09:06:43','2022-01-21 09:07:19'),(366,0,'vi','core/acl/permissions','options','Tùy chọn','2022-01-21 09:06:43','2022-01-21 09:07:19'),(367,0,'vi','core/acl/permissions','role_delete_belong_user','Không thể xóa quyền hạn này vì nó thuộc về người khác!','2022-01-21 09:06:43','2022-01-21 09:07:19'),(368,0,'vi','core/acl/permissions','role_edit_belong_user','Bạn không được phép sửa quyền này vì nó thuộc về người khác','2022-01-21 09:06:43','2022-01-21 09:07:19'),(369,0,'vi','core/acl/permissions','role_in_use','Không thể xóa quyền người dùng này vì nó đang được sử dụng!','2022-01-21 09:06:43','2022-01-21 09:07:19'),(370,0,'vi','core/acl/permissions','access_denied_message','Bạn không có quyền sử dụng chức năng này!','2022-01-21 09:06:43','2022-01-21 09:07:19'),(371,0,'vi','core/acl/permissions','roles','Quyền','2022-01-21 09:06:43','2022-01-21 09:07:19'),(372,0,'vi','core/acl/permissions','role_permission','Nhóm và phân quyền','2022-01-21 09:06:43','2022-01-21 09:07:19'),(373,0,'vi','core/acl/permissions','user_management','Quản lý người dùng hệ thống','2022-01-21 09:06:43','2022-01-21 09:07:19'),(374,0,'vi','core/acl/permissions','super_user_management','Quản lý người dùng cấp cao','2022-01-21 09:06:43','2022-01-21 09:07:19'),(375,0,'vi','core/acl/reminders','password','Mật khẩu phải ít nhất 6 kí tự và trùng khớp với mật khẩu xác nhận.','2022-01-21 09:06:43','2022-01-21 09:07:19'),(376,0,'vi','core/acl/reminders','user','Hệ thống không thể tìm thấy tài khoản với email này.','2022-01-21 09:06:43','2022-01-21 09:07:19'),(377,0,'vi','core/acl/reminders','token','Mã khôi phục mật khẩu này không hợp lệ.','2022-01-21 09:06:43','2022-01-21 09:07:19'),(378,0,'vi','core/acl/reminders','sent','Liên kết khôi phục mật khẩu đã được gửi!','2022-01-21 09:06:43','2022-01-21 09:07:19'),(379,0,'vi','core/acl/reminders','reset','Mật khẩu đã được thay đổi!','2022-01-21 09:06:43','2022-01-21 09:07:19'),(380,0,'vi','core/acl/users','delete_user_logged_in','Không thể xóa người dùng đang đăng nhập hệ thống!','2022-01-21 09:06:43','2022-01-21 09:07:19'),(381,0,'vi','core/acl/users','no_select','Hãy chọn ít nhất một trường để thực hiện hành động này!','2022-01-21 09:06:43','2022-01-21 09:07:19'),(382,0,'vi','core/acl/users','lock_user_logged_in','Không thể khóa người dùng đang đăng nhập hệ thống!','2022-01-21 09:06:43','2022-01-21 09:07:19'),(383,0,'vi','core/acl/users','update_success','Cập nhật trạng thái thành công!','2022-01-21 09:06:43','2022-01-21 09:07:19'),(384,0,'vi','core/acl/users','save_setting_failed','Có lỗi xảy ra trong quá trình lưu cài đặt của người dùng','2022-01-21 09:06:43','2022-01-21 09:07:19'),(385,0,'vi','core/acl/users','not_found','Không tìm thấy người dùng','2022-01-21 09:06:43','2022-01-21 09:07:19'),(386,0,'vi','core/acl/users','email_exist','Email này đã được sử dụng bởi người dùng khác trong hệ thống','2022-01-21 09:06:43','2022-01-21 09:07:19'),(387,0,'vi','core/acl/users','username_exist','Tên đăng nhập này đã được sử dụng bởi người dùng khác trong hệ thống','2022-01-21 09:06:43','2022-01-21 09:07:19'),(388,0,'vi','core/acl/users','update_profile_success','Thông tin tài khoản của bạn đã được cập nhật thành công','2022-01-21 09:06:43','2022-01-21 09:07:19'),(389,0,'vi','core/acl/users','password_update_success','Cập nhật mật khẩu thành công','2022-01-21 09:06:43','2022-01-21 09:07:19'),(390,0,'vi','core/acl/users','current_password_not_valid','Mật khẩu hiện tại không chính xác','2022-01-21 09:06:43','2022-01-21 09:07:19'),(391,0,'vi','core/acl/users','user_exist_in','Người dùng đã là thành viên','2022-01-21 09:06:43','2022-01-21 09:07:19'),(392,0,'vi','core/acl/users','email','Email','2022-01-21 09:06:43','2022-01-21 09:07:19'),(393,0,'vi','core/acl/users','username','Tên đăng nhập','2022-01-21 09:06:43','2022-01-21 09:07:19'),(394,0,'vi','core/acl/users','role','Phân quyền','2022-01-21 09:06:43','2022-01-21 09:07:19'),(395,0,'vi','core/acl/users','first_name','Họ','2022-01-21 09:06:43','2022-01-21 09:07:19'),(396,0,'vi','core/acl/users','last_name','Tên','2022-01-21 09:06:43','2022-01-21 09:07:19'),(397,0,'vi','core/acl/users','message','Thông điệp','2022-01-21 09:06:43','2022-01-21 09:07:19'),(398,0,'vi','core/acl/users','cancel_btn','Hủy bỏ','2022-01-21 09:06:43','2022-01-21 09:07:19'),(399,0,'vi','core/acl/users','password','Mật khẩu','2022-01-21 09:06:43','2022-01-21 09:07:19'),(400,0,'vi','core/acl/users','new_password','Mật khẩu mới','2022-01-21 09:06:43','2022-01-21 09:07:19'),(401,0,'vi','core/acl/users','save','Lưu','2022-01-21 09:06:43','2022-01-21 09:07:19'),(402,0,'vi','core/acl/users','confirm_new_password','Xác nhận mật khẩu mới','2022-01-21 09:06:43','2022-01-21 09:07:19'),(403,0,'vi','core/acl/users','deleted','Xóa thành viên thành công','2022-01-21 09:06:43','2022-01-21 09:07:19'),(404,0,'vi','core/acl/users','cannot_delete','Không thể xóa thành viên','2022-01-21 09:06:43','2022-01-21 09:07:19'),(405,0,'vi','core/acl/users','last_login','Lần cuối đăng nhập','2022-01-21 09:06:43','2022-01-21 09:07:19'),(406,0,'vi','core/acl/users','error_update_profile_image','Có lỗi trong quá trình đổi ảnh đại diện','2022-01-21 09:06:43','2022-01-21 09:07:19'),(407,0,'vi','core/acl/users','email_reminder_template','<h3>Xin chào :name</h3><p>Hệ thống vừa nhận được yêu cầu khôi phục mật khẩu cho tài khoản của bạn, để hoàn tất tác vụ này vui lòng click vào đường link bên dưới.</p><p><a href=\":link\">Khôi phục mật khẩu</a></p><p>Nếu không phải bạn yêu cầu khôi phục mật khẩu, vui lòng bỏ qua email này.</p><p>Email này có giá trị trong vòng 60 phút kể từ lúc nhận được email.</p>','2022-01-21 09:06:43','2022-01-21 09:07:19'),(408,0,'vi','core/acl/users','change_profile_image','Thay đổi ảnh đại diện','2022-01-21 09:06:43','2022-01-21 09:07:19'),(409,0,'vi','core/acl/users','new_image','Ảnh mới','2022-01-21 09:06:43','2022-01-21 09:07:19'),(410,0,'vi','core/acl/users','loading','Đang tải','2022-01-21 09:06:43','2022-01-21 09:07:19'),(411,0,'vi','core/acl/users','close','Đóng','2022-01-21 09:06:43','2022-01-21 09:07:19'),(412,0,'vi','core/acl/users','update','Cập nhật','2022-01-21 09:06:43','2022-01-21 09:07:19'),(413,0,'vi','core/acl/users','read_image_failed','Không đọc được nội dung của hình ảnh','2022-01-21 09:06:43','2022-01-21 09:07:19'),(414,0,'vi','core/acl/users','update_avatar_success','Cập nhật ảnh đại diện thành công!','2022-01-21 09:06:43','2022-01-21 09:07:19'),(415,0,'vi','core/acl/users','users','Quản trị viên','2022-01-21 09:06:43','2022-01-21 09:07:19'),(416,0,'vi','core/acl/users','info.title','Thông tin người dùng','2022-01-21 09:06:43','2022-01-21 09:07:19'),(417,0,'vi','core/acl/users','info.first_name','Họ','2022-01-21 09:06:43','2022-01-21 09:07:19'),(418,0,'vi','core/acl/users','info.last_name','Tên','2022-01-21 09:06:43','2022-01-21 09:07:19'),(419,0,'vi','core/acl/users','info.email','Email','2022-01-21 09:06:43','2022-01-21 09:07:19'),(420,0,'vi','core/acl/users','info.second_email','Email dự phòng','2022-01-21 09:06:43','2022-01-21 09:07:19'),(421,0,'vi','core/acl/users','info.address','Địa chỉ','2022-01-21 09:06:43','2022-01-21 09:07:19'),(422,0,'vi','core/acl/users','info.second_address','Địa chỉ dự phòng','2022-01-21 09:06:43','2022-01-21 09:07:19'),(423,0,'vi','core/acl/users','info.birth_day','Ngày sinh','2022-01-21 09:06:43','2022-01-21 09:07:19'),(424,0,'vi','core/acl/users','info.job','Nghề nghiệp','2022-01-21 09:06:43','2022-01-21 09:07:19'),(425,0,'vi','core/acl/users','info.mobile_number','Số điện thoại di động','2022-01-21 09:06:43','2022-01-21 09:07:19'),(426,0,'vi','core/acl/users','info.second_mobile_number','Số điện thoại dự phòng','2022-01-21 09:06:43','2022-01-21 09:07:19'),(427,0,'vi','core/acl/users','info.interes','Sở thích','2022-01-21 09:06:43','2022-01-21 09:07:19'),(428,0,'vi','core/acl/users','info.about','Giới thiệu','2022-01-21 09:06:43','2022-01-21 09:07:19'),(429,0,'vi','core/acl/users','gender.title','Giới tính','2022-01-21 09:06:43','2022-01-21 09:07:19'),(430,0,'vi','core/acl/users','gender.male','nam','2022-01-21 09:06:43','2022-01-21 09:07:19'),(431,0,'vi','core/acl/users','gender.female','nữ','2022-01-21 09:06:43','2022-01-21 09:07:19'),(432,0,'vi','core/acl/users','change_password','Thay đổi mật khẩu','2022-01-21 09:06:43','2022-01-21 09:07:19'),(433,0,'vi','core/acl/users','current_password','Mật khẩu hiện tại','2022-01-21 09:06:43','2022-01-21 09:07:19'),(434,0,'en','core/base/base','yes','Yes','2022-01-21 09:06:43','2022-01-21 09:07:19'),(435,0,'en','core/base/base','no','No','2022-01-21 09:06:43','2022-01-21 09:07:19'),(436,0,'en','core/base/base','is_default','Is default?','2022-01-21 09:06:43','2022-01-21 09:07:19'),(437,0,'en','core/base/base','proc_close_disabled_error','Function proc_close() is disabled. Please contact your hosting provider to enable\n    it. Or you can add to .env: CAN_EXECUTE_COMMAND=false to disable this feature.','2022-01-21 09:06:43','2022-01-21 09:07:19'),(438,0,'en','core/base/base','email_template.header','Email template header','2022-01-21 09:06:43','2022-01-21 09:07:19'),(439,0,'en','core/base/base','email_template.footer','Email template footer','2022-01-21 09:06:43','2022-01-21 09:07:19'),(440,0,'en','core/base/base','email_template.site_title','Site title','2022-01-21 09:06:43','2022-01-21 09:07:19'),(441,0,'en','core/base/base','email_template.site_url','Site URL','2022-01-21 09:06:43','2022-01-21 09:07:19'),(442,0,'en','core/base/base','email_template.site_logo','Site Logo','2022-01-21 09:06:43','2022-01-21 09:07:19'),(443,0,'en','core/base/base','email_template.date_time','Current date time','2022-01-21 09:06:43','2022-01-21 09:07:19'),(444,0,'en','core/base/base','email_template.date_year','Current year','2022-01-21 09:06:43','2022-01-21 09:07:19'),(445,0,'en','core/base/base','email_template.site_admin_email','Site admin email','2022-01-21 09:06:43','2022-01-21 09:07:19'),(446,0,'en','core/base/base','change_image','Change image','2022-01-21 09:06:43','2022-01-21 09:07:19'),(447,0,'en','core/base/base','delete_image','Delete image','2022-01-21 09:06:43','2022-01-21 09:07:19'),(448,0,'en','core/base/base','preview_image','Preview image','2022-01-21 09:06:43','2022-01-21 09:07:19'),(449,0,'en','core/base/base','image','Image','2022-01-21 09:06:43','2022-01-21 09:07:19'),(450,0,'en','core/base/base','using_button','Using button','2022-01-21 09:06:43','2022-01-21 09:07:19'),(451,0,'en','core/base/base','select_image','Select image','2022-01-21 09:06:43','2022-01-21 09:07:19'),(452,0,'en','core/base/base','to_add_more_image','to add more images','2022-01-21 09:06:43','2022-01-21 09:07:19'),(453,0,'en','core/base/base','add_image','Add image','2022-01-21 09:06:43','2022-01-21 09:07:19'),(454,0,'en','core/base/base','tools','Tools','2022-01-21 09:06:43','2022-01-21 09:07:19'),(455,0,'en','core/base/cache','cache_management','Cache management','2022-01-21 09:06:43','2022-01-21 09:07:19'),(456,0,'en','core/base/cache','cache_commands','Clear cache commands','2022-01-21 09:06:43','2022-01-21 09:07:19'),(457,0,'en','core/base/cache','commands.clear_cms_cache.title','Clear all CMS cache','2022-01-21 09:06:43','2022-01-21 09:07:19'),(458,0,'en','core/base/cache','commands.clear_cms_cache.description','Clear CMS caching: database caching, static blocks... Run this command when you don\'t see the changes after updating data.','2022-01-21 09:06:43','2022-01-21 09:07:19'),(459,0,'en','core/base/cache','commands.clear_cms_cache.success_msg','Cache cleaned','2022-01-21 09:06:43','2022-01-21 09:07:19'),(460,0,'en','core/base/cache','commands.refresh_compiled_views.title','Refresh compiled views','2022-01-21 09:06:43','2022-01-21 09:07:19'),(461,0,'en','core/base/cache','commands.refresh_compiled_views.description','Clear compiled views to make views up to date.','2022-01-21 09:06:43','2022-01-21 09:07:19'),(462,0,'en','core/base/cache','commands.refresh_compiled_views.success_msg','Cache view refreshed','2022-01-21 09:06:43','2022-01-21 09:07:19'),(463,0,'en','core/base/cache','commands.clear_config_cache.title','Clear config cache','2022-01-21 09:06:43','2022-01-21 09:07:19'),(464,0,'en','core/base/cache','commands.clear_config_cache.description','You might need to refresh the config caching when you change something on production environment.','2022-01-21 09:06:43','2022-01-21 09:07:19'),(465,0,'en','core/base/cache','commands.clear_config_cache.success_msg','Config cache cleaned','2022-01-21 09:06:43','2022-01-21 09:07:19'),(466,0,'en','core/base/cache','commands.clear_route_cache.title','Clear route cache','2022-01-21 09:06:43','2022-01-21 09:07:19'),(467,0,'en','core/base/cache','commands.clear_route_cache.description','Clear cache routing.','2022-01-21 09:06:43','2022-01-21 09:07:19'),(468,0,'en','core/base/cache','commands.clear_route_cache.success_msg','The route cache has been cleaned','2022-01-21 09:06:43','2022-01-21 09:07:19'),(469,0,'en','core/base/cache','commands.clear_log.title','Clear log','2022-01-21 09:06:43','2022-01-21 09:07:19'),(470,0,'en','core/base/cache','commands.clear_log.description','Clear system log files','2022-01-21 09:06:43','2022-01-21 09:07:19'),(471,0,'en','core/base/cache','commands.clear_log.success_msg','The system log has been cleaned','2022-01-21 09:06:43','2022-01-21 09:07:19'),(472,0,'en','core/base/enums','statuses.draft','Draft','2022-01-21 09:06:43','2022-01-21 09:07:19'),(473,0,'en','core/base/enums','statuses.pending','Pending','2022-01-21 09:06:43','2022-01-21 09:07:19'),(474,0,'en','core/base/enums','statuses.published','Published','2022-01-21 09:06:43','2022-01-21 09:07:19'),(475,0,'en','core/base/errors','401_title','Permission Denied','2022-01-21 09:06:43','2022-01-21 09:07:19'),(476,0,'en','core/base/errors','401_msg','<li>You have not been granted access to the section by the administrator.</li>\n	                <li>You may have the wrong account type.</li>\n	                <li>You are not authorized to view the requested resource.</li>\n	                <li>Your subscription may have expired.</li>','2022-01-21 09:06:43','2022-01-21 09:07:19'),(477,0,'en','core/base/errors','404_title','Page could not be found','2022-01-21 09:06:43','2022-01-21 09:07:19'),(478,0,'en','core/base/errors','404_msg','<li>The page you requested does not exist.</li>\n	                <li>The link you clicked is no longer.</li>\n	                <li>The page may have moved to a new location.</li>\n	                <li>An error may have occurred.</li>\n	                <li>You are not authorized to view the requested resource.</li>','2022-01-21 09:06:43','2022-01-21 09:07:19'),(479,0,'en','core/base/errors','500_title','Page could not be loaded','2022-01-21 09:06:43','2022-01-21 09:07:19'),(480,0,'en','core/base/errors','500_msg','<li>The page you requested does not exist.</li>\n	                <li>The link you clicked is no longer.</li>\n	                <li>The page may have moved to a new location.</li>\n	                <li>An error may have occurred.</li>\n	                <li>You are not authorized to view the requested resource.</li>','2022-01-21 09:06:43','2022-01-21 09:07:19'),(481,0,'en','core/base/errors','reasons','This may have occurred because of several reasons','2022-01-21 09:06:43','2022-01-21 09:07:19'),(482,0,'en','core/base/errors','try_again','Please try again in a few minutes, or alternatively return to the homepage by <a href=\"http://nest.test/admin\">clicking here</a>.','2022-01-21 09:06:43','2022-01-21 09:07:19'),(483,0,'en','core/base/errors','not_found','Not Found','2022-01-21 09:06:43','2022-01-21 09:07:19'),(484,0,'en','core/base/forms','choose_image','Choose image','2022-01-21 09:06:43','2022-01-21 09:07:19'),(485,0,'en','core/base/forms','actions','Actions','2022-01-21 09:06:43','2022-01-21 09:07:19'),(486,0,'en','core/base/forms','save','Save','2022-01-21 09:06:43','2022-01-21 09:07:19'),(487,0,'en','core/base/forms','save_and_continue','Save & Edit','2022-01-21 09:06:43','2022-01-21 09:07:19'),(488,0,'en','core/base/forms','image','Image','2022-01-21 09:06:43','2022-01-21 09:07:19'),(489,0,'en','core/base/forms','image_placeholder','Insert path of image or click upload button','2022-01-21 09:06:43','2022-01-21 09:07:19'),(490,0,'en','core/base/forms','create','Create','2022-01-21 09:06:43','2022-01-21 09:07:19'),(491,0,'en','core/base/forms','edit','Edit','2022-01-21 09:06:43','2022-01-21 09:07:19'),(492,0,'en','core/base/forms','permalink','Permalink','2022-01-21 09:06:43','2022-01-21 09:07:19'),(493,0,'en','core/base/forms','ok','OK','2022-01-21 09:06:43','2022-01-21 09:07:19'),(494,0,'en','core/base/forms','cancel','Cancel','2022-01-21 09:06:43','2022-01-21 09:07:19'),(495,0,'en','core/base/forms','character_remain','character(s) remain','2022-01-21 09:06:43','2022-01-21 09:07:19'),(496,0,'en','core/base/forms','template','Template','2022-01-21 09:06:43','2022-01-21 09:07:19'),(497,0,'en','core/base/forms','choose_file','Choose file','2022-01-21 09:06:43','2022-01-21 09:07:19'),(498,0,'en','core/base/forms','file','File','2022-01-21 09:06:43','2022-01-21 09:07:19'),(499,0,'en','core/base/forms','content','Content','2022-01-21 09:06:43','2022-01-21 09:07:19'),(500,0,'en','core/base/forms','description','Description','2022-01-21 09:06:43','2022-01-21 09:07:19'),(501,0,'en','core/base/forms','name','Name','2022-01-21 09:06:43','2022-01-21 09:07:19'),(502,0,'en','core/base/forms','slug','Slug','2022-01-21 09:06:43','2022-01-21 09:07:19'),(503,0,'en','core/base/forms','title','Title','2022-01-21 09:06:43','2022-01-21 09:07:19'),(504,0,'en','core/base/forms','value','Value','2022-01-21 09:06:43','2022-01-21 09:07:19'),(505,0,'en','core/base/forms','name_placeholder','Name','2022-01-21 09:06:43','2022-01-21 09:07:19'),(506,0,'en','core/base/forms','alias_placeholder','Alias','2022-01-21 09:06:43','2022-01-21 09:07:19'),(507,0,'en','core/base/forms','description_placeholder','Short description','2022-01-21 09:06:43','2022-01-21 09:07:19'),(508,0,'en','core/base/forms','parent','Parent','2022-01-21 09:06:43','2022-01-21 09:07:19'),(509,0,'en','core/base/forms','icon','Icon','2022-01-21 09:06:43','2022-01-21 09:07:19'),(510,0,'en','core/base/forms','icon_placeholder','Ex: fa fa-home','2022-01-21 09:06:43','2022-01-21 09:07:19'),(511,0,'en','core/base/forms','order_by','Order by','2022-01-21 09:06:43','2022-01-21 09:07:19'),(512,0,'en','core/base/forms','order_by_placeholder','Order by','2022-01-21 09:06:44','2022-01-21 09:07:19'),(513,0,'en','core/base/forms','is_featured','Is featured?','2022-01-21 09:06:44','2022-01-21 09:07:19'),(514,0,'en','core/base/forms','is_default','Is default?','2022-01-21 09:06:44','2022-01-21 09:07:19'),(515,0,'en','core/base/forms','update','Update','2022-01-21 09:06:44','2022-01-21 09:07:19'),(516,0,'en','core/base/forms','publish','Publish','2022-01-21 09:06:44','2022-01-21 09:07:19'),(517,0,'en','core/base/forms','remove_image','Remove image','2022-01-21 09:06:44','2022-01-21 09:07:19'),(518,0,'en','core/base/forms','remove_file','Remove file','2022-01-21 09:06:44','2022-01-21 09:07:19'),(519,0,'en','core/base/forms','order','Order','2022-01-21 09:06:44','2022-01-21 09:07:19'),(520,0,'en','core/base/forms','alias','Alias','2022-01-21 09:06:44','2022-01-21 09:07:19'),(521,0,'en','core/base/forms','basic_information','Basic information','2022-01-21 09:06:44','2022-01-21 09:07:19'),(522,0,'en','core/base/forms','short_code','Shortcode','2022-01-21 09:06:44','2022-01-21 09:07:19'),(523,0,'en','core/base/forms','add_short_code','Add a shortcode','2022-01-21 09:06:44','2022-01-21 09:07:19'),(524,0,'en','core/base/forms','add','Add','2022-01-21 09:06:44','2022-01-21 09:07:19'),(525,0,'en','core/base/forms','link','Link','2022-01-21 09:06:44','2022-01-21 09:07:19'),(526,0,'en','core/base/forms','show_hide_editor','Show/Hide Editor','2022-01-21 09:06:44','2022-01-21 09:07:19'),(527,0,'en','core/base/forms','basic_info_title','Basic information','2022-01-21 09:06:44','2022-01-21 09:07:19'),(528,0,'en','core/base/forms','expand_all','Expand all','2022-01-21 09:06:44','2022-01-21 09:07:19'),(529,0,'en','core/base/forms','collapse_all','Collapse all','2022-01-21 09:06:44','2022-01-21 09:07:19'),(530,0,'en','core/base/forms','view_new_tab','Open in new tab','2022-01-21 09:06:44','2022-01-21 09:07:19'),(531,0,'en','core/base/layouts','platform_admin','Platform Administration','2022-01-21 09:06:44','2022-01-21 09:07:19'),(532,0,'en','core/base/layouts','dashboard','Dashboard','2022-01-21 09:06:44','2022-01-21 09:07:19'),(533,0,'en','core/base/layouts','widgets','Widgets','2022-01-21 09:06:44','2022-01-21 09:07:19'),(534,0,'en','core/base/layouts','plugins','Plugins','2022-01-21 09:06:44','2022-01-21 09:07:19'),(535,0,'en','core/base/layouts','settings','Settings','2022-01-21 09:06:44','2022-01-21 09:07:19'),(536,0,'en','core/base/layouts','setting_general','General','2022-01-21 09:06:44','2022-01-21 09:07:19'),(537,0,'en','core/base/layouts','setting_email','Email','2022-01-21 09:06:44','2022-01-21 09:07:19'),(538,0,'en','core/base/layouts','system_information','System information','2022-01-21 09:06:44','2022-01-21 09:07:19'),(539,0,'en','core/base/layouts','theme','Theme','2022-01-21 09:06:44','2022-01-21 09:07:19'),(540,0,'en','core/base/layouts','copyright','Copyright :year &copy; :company. Version: <span>:version</span>','2022-01-21 09:06:44','2022-01-21 09:07:19'),(541,0,'en','core/base/layouts','profile','Profile','2022-01-21 09:06:44','2022-01-21 09:07:19'),(542,0,'en','core/base/layouts','logout','Logout','2022-01-21 09:06:44','2022-01-21 09:07:19'),(543,0,'en','core/base/layouts','no_search_result','No results found, please try with different keywords.','2022-01-21 09:06:44','2022-01-21 09:07:19'),(544,0,'en','core/base/layouts','home','Home','2022-01-21 09:06:44','2022-01-21 09:07:19'),(545,0,'en','core/base/layouts','search','Search','2022-01-21 09:06:44','2022-01-21 09:07:19'),(546,0,'en','core/base/layouts','add_new','Add new','2022-01-21 09:06:44','2022-01-21 09:07:19'),(547,0,'en','core/base/layouts','n_a','N/A','2022-01-21 09:06:44','2022-01-21 09:07:19'),(548,0,'en','core/base/layouts','page_loaded_time','Page loaded in','2022-01-21 09:06:44','2022-01-21 09:07:19'),(549,0,'en','core/base/layouts','view_website','View website','2022-01-21 09:06:44','2022-01-21 09:07:19'),(550,0,'en','core/base/mail','send-fail','Send email failed','2022-01-21 09:06:44','2022-01-21 09:07:19'),(551,0,'en','core/base/notices','create_success_message','Created successfully','2022-01-21 09:06:44','2022-01-21 09:07:20'),(552,0,'en','core/base/notices','update_success_message','Updated successfully','2022-01-21 09:06:44','2022-01-21 09:07:20'),(553,0,'en','core/base/notices','delete_success_message','Deleted successfully','2022-01-21 09:06:44','2022-01-21 09:07:20'),(554,0,'en','core/base/notices','success_header','Success!','2022-01-21 09:06:44','2022-01-21 09:07:20'),(555,0,'en','core/base/notices','error_header','Error!','2022-01-21 09:06:44','2022-01-21 09:07:20'),(556,0,'en','core/base/notices','no_select','Please select at least one record to perform this action!','2022-01-21 09:06:44','2022-01-21 09:07:20'),(557,0,'en','core/base/notices','processing_request','We are processing your request.','2022-01-21 09:06:44','2022-01-21 09:07:20'),(558,0,'en','core/base/notices','error','Error!','2022-01-21 09:06:44','2022-01-21 09:07:20'),(559,0,'en','core/base/notices','success','Success!','2022-01-21 09:06:44','2022-01-21 09:07:20'),(560,0,'en','core/base/notices','info','Info!','2022-01-21 09:06:44','2022-01-21 09:07:20'),(561,0,'en','core/base/notices','enum.validate_message','The :attribute value you have entered is invalid.','2022-01-21 09:06:44','2022-01-21 09:07:20'),(562,0,'en','core/base/system','no_select','Please select at least one record to take this action!','2022-01-21 09:06:44','2022-01-21 09:07:20'),(563,0,'en','core/base/system','cannot_find_user','Unable to find specified user','2022-01-21 09:06:44','2022-01-21 09:07:20'),(564,0,'en','core/base/system','supper_revoked','Super user access revoked','2022-01-21 09:06:44','2022-01-21 09:07:20'),(565,0,'en','core/base/system','cannot_revoke_yourself','Can not revoke supper user access permission yourself!','2022-01-21 09:06:44','2022-01-21 09:07:20'),(566,0,'en','core/base/system','cant_remove_supper','You don\'t has permission to remove this super user','2022-01-21 09:06:44','2022-01-21 09:07:20'),(567,0,'en','core/base/system','cant_find_user_with_email','Unable to find user with specified email address','2022-01-21 09:06:44','2022-01-21 09:07:20'),(568,0,'en','core/base/system','supper_granted','Super user access granted','2022-01-21 09:06:44','2022-01-21 09:07:20'),(569,0,'en','core/base/system','delete_log_success','Delete log file successfully!','2022-01-21 09:06:44','2022-01-21 09:07:20'),(570,0,'en','core/base/system','get_member_success','Member list retrieved successfully','2022-01-21 09:06:44','2022-01-21 09:07:20'),(571,0,'en','core/base/system','error_occur','The following errors occurred','2022-01-21 09:06:44','2022-01-21 09:07:20'),(572,0,'en','core/base/system','user_management','User Management','2022-01-21 09:06:44','2022-01-21 09:07:20'),(573,0,'en','core/base/system','user_management_description','Manage users.','2022-01-21 09:06:44','2022-01-21 09:07:20'),(574,0,'en','core/base/system','role_and_permission','Roles and Permissions','2022-01-21 09:06:44','2022-01-21 09:07:20'),(575,0,'en','core/base/system','role_and_permission_description','Manage the available roles.','2022-01-21 09:06:44','2022-01-21 09:07:20'),(576,0,'en','core/base/system','user.list_super','List Super Users','2022-01-21 09:06:44','2022-01-21 09:07:20'),(577,0,'en','core/base/system','user.email','Email','2022-01-21 09:06:44','2022-01-21 09:07:20'),(578,0,'en','core/base/system','user.last_login','Last Login','2022-01-21 09:06:44','2022-01-21 09:07:20'),(579,0,'en','core/base/system','user.username','Username','2022-01-21 09:06:44','2022-01-21 09:07:20'),(580,0,'en','core/base/system','user.add_user','Add Super User','2022-01-21 09:06:44','2022-01-21 09:07:20'),(581,0,'en','core/base/system','user.cancel','Cancel','2022-01-21 09:06:44','2022-01-21 09:07:20'),(582,0,'en','core/base/system','user.create','Create','2022-01-21 09:06:44','2022-01-21 09:07:20'),(583,0,'en','core/base/system','options.features','Feature Access Control','2022-01-21 09:06:44','2022-01-21 09:07:20'),(584,0,'en','core/base/system','options.feature_description','Manage the available.','2022-01-21 09:06:44','2022-01-21 09:07:20'),(585,0,'en','core/base/system','options.manage_super','Super User Management','2022-01-21 09:06:44','2022-01-21 09:07:20'),(586,0,'en','core/base/system','options.manage_super_description','Add/remove super users.','2022-01-21 09:06:44','2022-01-21 09:07:20'),(587,0,'en','core/base/system','options.info','System information','2022-01-21 09:06:44','2022-01-21 09:07:20'),(588,0,'en','core/base/system','options.info_description','All information about current system configuration.','2022-01-21 09:06:44','2022-01-21 09:07:20'),(589,0,'en','core/base/system','info.title','System information','2022-01-21 09:06:44','2022-01-21 09:07:20'),(590,0,'en','core/base/system','info.cache','Cache','2022-01-21 09:06:44','2022-01-21 09:07:20'),(591,0,'en','core/base/system','info.locale','Active locale','2022-01-21 09:06:44','2022-01-21 09:07:20'),(592,0,'en','core/base/system','info.environment','Environment','2022-01-21 09:06:44','2022-01-21 09:07:20'),(593,0,'en','core/base/system','disabled_in_demo_mode','You cannot do it in demo mode!','2022-01-21 09:06:44','2022-01-21 09:07:20'),(594,0,'en','core/base/system','report_description','Please share this information for troubleshooting','2022-01-21 09:06:44','2022-01-21 09:07:20'),(595,0,'en','core/base/system','get_system_report','Get System Report','2022-01-21 09:06:44','2022-01-21 09:07:20'),(596,0,'en','core/base/system','system_environment','System Environment','2022-01-21 09:06:44','2022-01-21 09:07:20'),(597,0,'en','core/base/system','framework_version','Framework Version','2022-01-21 09:06:44','2022-01-21 09:07:20'),(598,0,'en','core/base/system','timezone','Timezone','2022-01-21 09:06:44','2022-01-21 09:07:20'),(599,0,'en','core/base/system','debug_mode','Debug Mode','2022-01-21 09:06:44','2022-01-21 09:07:20'),(600,0,'en','core/base/system','storage_dir_writable','Storage Dir Writable','2022-01-21 09:06:44','2022-01-21 09:07:20'),(601,0,'en','core/base/system','cache_dir_writable','Cache Dir Writable','2022-01-21 09:06:44','2022-01-21 09:07:20'),(602,0,'en','core/base/system','app_size','App Size','2022-01-21 09:06:44','2022-01-21 09:07:20'),(603,0,'en','core/base/system','server_environment','Server Environment','2022-01-21 09:06:44','2022-01-21 09:07:20'),(604,0,'en','core/base/system','php_version','PHP Version','2022-01-21 09:06:44','2022-01-21 09:07:20'),(605,0,'en','core/base/system','php_version_error','PHP must be >= :version','2022-01-21 09:06:44','2022-01-21 09:07:20'),(606,0,'en','core/base/system','server_software','Server Software','2022-01-21 09:06:44','2022-01-21 09:07:20'),(607,0,'en','core/base/system','server_os','Server OS','2022-01-21 09:06:44','2022-01-21 09:07:20'),(608,0,'en','core/base/system','database','Database','2022-01-21 09:06:44','2022-01-21 09:07:20'),(609,0,'en','core/base/system','ssl_installed','SSL Installed','2022-01-21 09:06:44','2022-01-21 09:07:20'),(610,0,'en','core/base/system','cache_driver','Cache Driver','2022-01-21 09:06:44','2022-01-21 09:07:20'),(611,0,'en','core/base/system','session_driver','Session Driver','2022-01-21 09:06:44','2022-01-21 09:07:20'),(612,0,'en','core/base/system','queue_connection','Queue Connection','2022-01-21 09:06:44','2022-01-21 09:07:20'),(613,0,'en','core/base/system','mbstring_ext','Mbstring Ext','2022-01-21 09:06:44','2022-01-21 09:07:20'),(614,0,'en','core/base/system','openssl_ext','OpenSSL Ext','2022-01-21 09:06:44','2022-01-21 09:07:20'),(615,0,'en','core/base/system','pdo_ext','PDO Ext','2022-01-21 09:06:44','2022-01-21 09:07:20'),(616,0,'en','core/base/system','curl_ext','CURL Ext','2022-01-21 09:06:44','2022-01-21 09:07:20'),(617,0,'en','core/base/system','exif_ext','Exif Ext','2022-01-21 09:06:44','2022-01-21 09:07:20'),(618,0,'en','core/base/system','file_info_ext','File info Ext','2022-01-21 09:06:44','2022-01-21 09:07:20'),(619,0,'en','core/base/system','tokenizer_ext','Tokenizer Ext','2022-01-21 09:06:44','2022-01-21 09:07:20'),(620,0,'en','core/base/system','extra_stats','Extra Stats','2022-01-21 09:06:44','2022-01-21 09:07:20'),(621,0,'en','core/base/system','installed_packages','Installed packages and their version numbers','2022-01-21 09:06:44','2022-01-21 09:07:20'),(622,0,'en','core/base/system','extra_information','Extra Information','2022-01-21 09:06:44','2022-01-21 09:07:20'),(623,0,'en','core/base/system','copy_report','Copy Report','2022-01-21 09:06:44','2022-01-21 09:07:20'),(624,0,'en','core/base/system','package_name','Package Name','2022-01-21 09:06:44','2022-01-21 09:07:20'),(625,0,'en','core/base/system','dependency_name','Dependency Name','2022-01-21 09:06:44','2022-01-21 09:07:20'),(626,0,'en','core/base/system','version','Version','2022-01-21 09:06:44','2022-01-21 09:07:20'),(627,0,'en','core/base/system','cms_version','CMS Version','2022-01-21 09:06:44','2022-01-21 09:07:20'),(628,0,'en','core/base/system','imagick_or_gd_ext','Imagick/GD Ext','2022-01-21 09:06:44','2022-01-21 09:07:20'),(629,0,'en','core/base/system','updater','System Updater','2022-01-21 09:06:44','2022-01-21 09:07:20'),(630,0,'en','core/base/system','zip','Zip Ext','2022-01-21 09:06:44','2022-01-21 09:07:20'),(631,0,'en','core/base/tables','id','ID','2022-01-21 09:06:44','2022-01-21 09:07:20'),(632,0,'en','core/base/tables','name','Name','2022-01-21 09:06:44','2022-01-21 09:07:20'),(633,0,'en','core/base/tables','slug','Slug','2022-01-21 09:06:44','2022-01-21 09:07:20'),(634,0,'en','core/base/tables','title','Title','2022-01-21 09:06:44','2022-01-21 09:07:20'),(635,0,'en','core/base/tables','order_by','Order By','2022-01-21 09:06:44','2022-01-21 09:07:20'),(636,0,'en','core/base/tables','order','Order','2022-01-21 09:06:44','2022-01-21 09:07:20'),(637,0,'en','core/base/tables','status','Status','2022-01-21 09:06:44','2022-01-21 09:07:20'),(638,0,'en','core/base/tables','created_at','Created At','2022-01-21 09:06:44','2022-01-21 09:07:20'),(639,0,'en','core/base/tables','updated_at','Updated At','2022-01-21 09:06:44','2022-01-21 09:07:20'),(640,0,'en','core/base/tables','description','Description','2022-01-21 09:06:44','2022-01-21 09:07:20'),(641,0,'en','core/base/tables','operations','Operations','2022-01-21 09:06:44','2022-01-21 09:07:20'),(642,0,'en','core/base/tables','url','URL','2022-01-21 09:06:44','2022-01-21 09:07:20'),(643,0,'en','core/base/tables','author','Author','2022-01-21 09:06:44','2022-01-21 09:07:20'),(644,0,'en','core/base/tables','notes','Notes','2022-01-21 09:06:44','2022-01-21 09:07:20'),(645,0,'en','core/base/tables','column','Column','2022-01-21 09:06:44','2022-01-21 09:07:20'),(646,0,'en','core/base/tables','origin','Origin','2022-01-21 09:06:44','2022-01-21 09:07:20'),(647,0,'en','core/base/tables','after_change','After changes','2022-01-21 09:06:44','2022-01-21 09:07:20'),(648,0,'en','core/base/tables','views','Views','2022-01-21 09:06:44','2022-01-21 09:07:20'),(649,0,'en','core/base/tables','browser','Browser','2022-01-21 09:06:44','2022-01-21 09:07:20'),(650,0,'en','core/base/tables','session','Session','2022-01-21 09:06:44','2022-01-21 09:07:20'),(651,0,'en','core/base/tables','activated','activated','2022-01-21 09:06:44','2022-01-21 09:07:20'),(652,0,'en','core/base/tables','deactivated','deactivated','2022-01-21 09:06:44','2022-01-21 09:07:20'),(653,0,'en','core/base/tables','is_featured','Is featured','2022-01-21 09:06:44','2022-01-21 09:07:20'),(654,0,'en','core/base/tables','edit','Edit','2022-01-21 09:06:44','2022-01-21 09:07:20'),(655,0,'en','core/base/tables','delete','Delete','2022-01-21 09:06:44','2022-01-21 09:07:20'),(656,0,'en','core/base/tables','restore','Restore','2022-01-21 09:06:45','2022-01-21 09:07:20'),(657,0,'en','core/base/tables','activate','Activate','2022-01-21 09:06:45','2022-01-21 09:07:20'),(658,0,'en','core/base/tables','deactivate','Deactivate','2022-01-21 09:06:45','2022-01-21 09:07:20'),(659,0,'en','core/base/tables','excel','Excel','2022-01-21 09:06:45','2022-01-21 09:07:20'),(660,0,'en','core/base/tables','export','Export','2022-01-21 09:06:45','2022-01-21 09:07:20'),(661,0,'en','core/base/tables','csv','CSV','2022-01-21 09:06:45','2022-01-21 09:07:20'),(662,0,'en','core/base/tables','pdf','PDF','2022-01-21 09:06:45','2022-01-21 09:07:20'),(663,0,'en','core/base/tables','print','Print','2022-01-21 09:06:45','2022-01-21 09:07:20'),(664,0,'en','core/base/tables','reset','Reset','2022-01-21 09:06:45','2022-01-21 09:07:20'),(665,0,'en','core/base/tables','reload','Reload','2022-01-21 09:06:45','2022-01-21 09:07:20'),(666,0,'en','core/base/tables','display','Display','2022-01-21 09:06:45','2022-01-21 09:07:20'),(667,0,'en','core/base/tables','all','All','2022-01-21 09:06:45','2022-01-21 09:07:20'),(668,0,'en','core/base/tables','add_new','Add New','2022-01-21 09:06:45','2022-01-21 09:07:20'),(669,0,'en','core/base/tables','action','Actions','2022-01-21 09:06:45','2022-01-21 09:07:20'),(670,0,'en','core/base/tables','delete_entry','Delete','2022-01-21 09:06:45','2022-01-21 09:07:20'),(671,0,'en','core/base/tables','view','View Detail','2022-01-21 09:06:45','2022-01-21 09:07:20'),(672,0,'en','core/base/tables','save','Save','2022-01-21 09:06:45','2022-01-21 09:07:20'),(673,0,'en','core/base/tables','show_from','Show from','2022-01-21 09:06:45','2022-01-21 09:07:20'),(674,0,'en','core/base/tables','to','to','2022-01-21 09:06:45','2022-01-21 09:07:20'),(675,0,'en','core/base/tables','in','in','2022-01-21 09:06:45','2022-01-21 09:07:20'),(676,0,'en','core/base/tables','records','records','2022-01-21 09:06:45','2022-01-21 09:07:20'),(677,0,'en','core/base/tables','no_data','No data to display','2022-01-21 09:06:45','2022-01-21 09:07:20'),(678,0,'en','core/base/tables','no_record','No record','2022-01-21 09:06:45','2022-01-21 09:07:20'),(679,0,'en','core/base/tables','confirm_delete','Confirm delete','2022-01-21 09:06:45','2022-01-21 09:07:20'),(680,0,'en','core/base/tables','confirm_delete_msg','Do you really want to delete this record?','2022-01-21 09:06:45','2022-01-21 09:07:20'),(681,0,'en','core/base/tables','confirm_delete_many_msg','Do you really want to delete selected record(s)?','2022-01-21 09:06:45','2022-01-21 09:07:20'),(682,0,'en','core/base/tables','cancel','Cancel','2022-01-21 09:06:45','2022-01-21 09:07:20'),(683,0,'en','core/base/tables','template','Template','2022-01-21 09:06:45','2022-01-21 09:07:20'),(684,0,'en','core/base/tables','email','Email','2022-01-21 09:06:45','2022-01-21 09:07:20'),(685,0,'en','core/base/tables','last_login','Last login','2022-01-21 09:06:45','2022-01-21 09:07:20'),(686,0,'en','core/base/tables','shortcode','Shortcode','2022-01-21 09:06:45','2022-01-21 09:07:20'),(687,0,'en','core/base/tables','image','Image','2022-01-21 09:06:45','2022-01-21 09:07:20'),(688,0,'en','core/base/tables','bulk_changes','Bulk changes','2022-01-21 09:06:45','2022-01-21 09:07:20'),(689,0,'en','core/base/tables','submit','Submit','2022-01-21 09:06:45','2022-01-21 09:07:20'),(690,0,'en','core/base/tables','please_select_record','Please select at least one record to perform this action!','2022-01-21 09:06:45','2022-01-21 09:07:20'),(691,0,'en','core/base/tabs','detail','Detail','2022-01-21 09:06:45','2022-01-21 09:07:20'),(692,0,'en','core/base/tabs','file','Files','2022-01-21 09:06:45','2022-01-21 09:07:20'),(693,0,'en','core/base/tabs','record_note','Record Note','2022-01-21 09:06:45','2022-01-21 09:07:20'),(694,0,'en','core/base/tabs','revision','Revision History','2022-01-21 09:06:45','2022-01-21 09:07:20'),(695,0,'vi','core/base/cache','cache_management','Quản lý bộ nhớ đệm','2022-01-21 09:06:45','2022-01-21 09:07:19'),(696,0,'vi','core/base/cache','cache_commands','Các lệnh xoá bộ nhớ đệm cơ bản','2022-01-21 09:06:45','2022-01-21 09:07:19'),(697,0,'vi','core/base/cache','commands.clear_cms_cache.title','Xóa tất cả bộ đệm hiện có của ứng dụng','2022-01-21 09:06:45','2022-01-21 09:07:19'),(698,0,'vi','core/base/cache','commands.clear_cms_cache.description','Xóa các bộ nhớ đệm của ứng dụng: cơ sở dữ liệu, nội dung tĩnh... Chạy lệnh này khi bạn thử cập nhật dữ liệu nhưng giao diện không thay đổi','2022-01-21 09:06:45','2022-01-21 09:07:19'),(699,0,'vi','core/base/cache','commands.clear_cms_cache.success_msg','Bộ đệm đã được xóa','2022-01-21 09:06:45','2022-01-21 09:07:19'),(700,0,'vi','core/base/cache','commands.refresh_compiled_views.title','Làm mới bộ đệm giao diện','2022-01-21 09:06:45','2022-01-21 09:07:19'),(701,0,'vi','core/base/cache','commands.refresh_compiled_views.description','Làm mới bộ đệm giao diện giúp phần giao diện luôn mới nhất','2022-01-21 09:06:45','2022-01-21 09:07:19'),(702,0,'vi','core/base/cache','commands.refresh_compiled_views.success_msg','Bộ đệm giao diện đã được làm mới','2022-01-21 09:06:45','2022-01-21 09:07:19'),(703,0,'vi','core/base/cache','commands.clear_config_cache.title','Xóa bộ nhớ đệm của phần cấu hình','2022-01-21 09:06:45','2022-01-21 09:07:19'),(704,0,'vi','core/base/cache','commands.clear_config_cache.description','Bạn cần làm mới bộ đệm cấu hình khi bạn tạo ra sự thay đổi nào đó ở môi trường thành phẩm.','2022-01-21 09:06:45','2022-01-21 09:07:19'),(705,0,'vi','core/base/cache','commands.clear_config_cache.success_msg','Bộ đệm cấu hình đã được xóa','2022-01-21 09:06:45','2022-01-21 09:07:19'),(706,0,'vi','core/base/cache','commands.clear_route_cache.title','Xoá cache đường dẫn','2022-01-21 09:06:45','2022-01-21 09:07:19'),(707,0,'vi','core/base/cache','commands.clear_route_cache.description','Cần thực hiện thao tác này khi thấy không xuất hiện đường dẫn mới.','2022-01-21 09:06:45','2022-01-21 09:07:19'),(708,0,'vi','core/base/cache','commands.clear_route_cache.success_msg','Bộ đệm điều hướng đã bị xóa','2022-01-21 09:06:45','2022-01-21 09:07:19'),(709,0,'vi','core/base/cache','commands.clear_log.description','Xoá lịch sử lỗi','2022-01-21 09:06:45','2022-01-21 09:07:19'),(710,0,'vi','core/base/cache','commands.clear_log.success_msg','Lịch sử lỗi đã được làm sạch','2022-01-21 09:06:45','2022-01-21 09:07:19'),(711,0,'vi','core/base/cache','commands.clear_log.title','Xoá lịch sử lỗi','2022-01-21 09:06:45','2022-01-21 09:07:19'),(712,0,'vi','core/base/enums','statuses.draft','Bản nháp','2022-01-21 09:06:45','2022-01-21 09:07:19'),(713,0,'vi','core/base/enums','statuses.pending','Đang chờ xử lý','2022-01-21 09:06:45','2022-01-21 09:07:19'),(714,0,'vi','core/base/errors','401_title','Bạn không có quyền truy cập trang này','2022-01-21 09:06:45','2022-01-21 09:07:19'),(715,0,'vi','core/base/errors','401_msg','<li>Bạn không được cấp quyền truy cập bởi quản trị viên.</li>\n	                <li>Bạn sử dụng sai loại tài khoản.</li>\n	                <li>Bạn không được cấp quyền để có thể truy cập trang này</li>','2022-01-21 09:06:45','2022-01-21 09:07:19'),(716,0,'vi','core/base/errors','404_title','Không tìm thấy trang yêu cầu','2022-01-21 09:06:45','2022-01-21 09:07:19'),(717,0,'vi','core/base/errors','404_msg','<li>Trang bạn yêu cầu không tồn tại.</li>\n	                <li>Liên kết bạn vừa nhấn không còn được sử dụng.</li>\n	                <li>Trang này có thể đã được chuyển sang vị trí khác.</li>\n	                <li>Có thể có lỗi xảy ra.</li>\n	                <li>Bạn không được cấp quyền để có thể truy cập trang này</li>','2022-01-21 09:06:45','2022-01-21 09:07:19'),(718,0,'vi','core/base/errors','500_title','Không thể tải trang','2022-01-21 09:06:45','2022-01-21 09:07:19'),(719,0,'vi','core/base/errors','500_msg','<li>Trang bạn yêu cầu không tồn tại.</li>\n	                <li>Liên kết bạn vừa nhấn không còn được sử dụng.</li>\n	                <li>Trang này có thể đã được chuyển sang vị trí khác.</li>\n	                <li>Có thể có lỗi xảy ra.</li>\n	                <li>Bạn không được cấp quyền để có thể truy cập trang này</li>','2022-01-21 09:06:45','2022-01-21 09:07:19'),(720,0,'vi','core/base/errors','reasons','Điều này có thể xảy ra vì nhiều lý do.','2022-01-21 09:06:45','2022-01-21 09:07:19'),(721,0,'vi','core/base/errors','try_again','Vui lòng thử lại trong vài phút, hoặc quay trở lại trang chủ bằng cách <a href=\"http://cms.local/admin\"> nhấn vào đây </a>.','2022-01-21 09:06:45','2022-01-21 09:07:19'),(722,0,'vi','core/base/forms','choose_image','Chọn ảnh','2022-01-21 09:06:45','2022-01-21 09:07:19'),(723,0,'vi','core/base/forms','actions','Tác vụ','2022-01-21 09:06:45','2022-01-21 09:07:19'),(724,0,'vi','core/base/forms','save','Lưu','2022-01-21 09:06:45','2022-01-21 09:07:19'),(725,0,'vi','core/base/forms','save_and_continue','Lưu & chỉnh sửa','2022-01-21 09:06:45','2022-01-21 09:07:19'),(726,0,'vi','core/base/forms','image','Hình ảnh','2022-01-21 09:06:45','2022-01-21 09:07:19'),(727,0,'vi','core/base/forms','image_placeholder','Chèn đường dẫn hình ảnh hoặc nhấn nút để chọn hình','2022-01-21 09:06:45','2022-01-21 09:07:19'),(728,0,'vi','core/base/forms','create','Tạo mới','2022-01-21 09:06:45','2022-01-21 09:07:19'),(729,0,'vi','core/base/forms','edit','Sửa','2022-01-21 09:06:45','2022-01-21 09:07:19'),(730,0,'vi','core/base/forms','permalink','Đường dẫn','2022-01-21 09:06:45','2022-01-21 09:07:19'),(731,0,'vi','core/base/forms','ok','OK','2022-01-21 09:06:45','2022-01-21 09:07:19'),(732,0,'vi','core/base/forms','cancel','Hủy bỏ','2022-01-21 09:06:45','2022-01-21 09:07:19'),(733,0,'vi','core/base/forms','character_remain','kí tự còn lại','2022-01-21 09:06:45','2022-01-21 09:07:19'),(734,0,'vi','core/base/forms','template','Template','2022-01-21 09:06:45','2022-01-21 09:07:19'),(735,0,'vi','core/base/forms','choose_file','Chọn tập tin','2022-01-21 09:06:45','2022-01-21 09:07:19'),(736,0,'vi','core/base/forms','file','Tập tin','2022-01-21 09:06:45','2022-01-21 09:07:19'),(737,0,'vi','core/base/forms','content','Nội dung','2022-01-21 09:06:45','2022-01-21 09:07:19'),(738,0,'vi','core/base/forms','description','Mô tả','2022-01-21 09:06:45','2022-01-21 09:07:19'),(739,0,'vi','core/base/forms','name','Tên','2022-01-21 09:06:45','2022-01-21 09:07:19'),(740,0,'vi','core/base/forms','name_placeholder','Nhập tên','2022-01-21 09:06:45','2022-01-21 09:07:19'),(741,0,'vi','core/base/forms','description_placeholder','Mô tả ngắn','2022-01-21 09:06:45','2022-01-21 09:07:19'),(742,0,'vi','core/base/forms','parent','Cha','2022-01-21 09:06:45','2022-01-21 09:07:19'),(743,0,'vi','core/base/forms','icon','Biểu tượng','2022-01-21 09:06:45','2022-01-21 09:07:19'),(744,0,'vi','core/base/forms','order_by','Sắp xếp','2022-01-21 09:06:45','2022-01-21 09:07:19'),(745,0,'vi','core/base/forms','order_by_placeholder','Sắp xếp','2022-01-21 09:06:45','2022-01-21 09:07:19'),(746,0,'vi','core/base/forms','slug','Slug','2022-01-21 09:06:45','2022-01-21 09:07:19'),(747,0,'vi','core/base/forms','is_featured','Nổi bật?','2022-01-21 09:06:45','2022-01-21 09:07:19'),(748,0,'vi','core/base/forms','is_default','Mặc định?','2022-01-21 09:06:45','2022-01-21 09:07:19'),(749,0,'vi','core/base/forms','icon_placeholder','Ví dụ: fa fa-home','2022-01-21 09:06:45','2022-01-21 09:07:19'),(750,0,'vi','core/base/forms','update','Cập nhật','2022-01-21 09:06:45','2022-01-21 09:07:19'),(751,0,'vi','core/base/forms','publish','Xuất bản','2022-01-21 09:06:45','2022-01-21 09:07:19'),(752,0,'vi','core/base/forms','remove_image','Xoá ảnh','2022-01-21 09:06:45','2022-01-21 09:07:19'),(753,0,'vi','core/base/forms','add','Thêm','2022-01-21 09:06:45','2022-01-21 09:07:19'),(754,0,'vi','core/base/forms','add_short_code','Thêm shortcode','2022-01-21 09:06:45','2022-01-21 09:07:19'),(755,0,'vi','core/base/forms','alias','Mã thay thế','2022-01-21 09:06:45','2022-01-21 09:07:19'),(756,0,'vi','core/base/forms','alias_placeholder','Mã thay thế','2022-01-21 09:06:45','2022-01-21 09:07:19'),(757,0,'vi','core/base/forms','basic_information','Thông tin cơ bản','2022-01-21 09:06:45','2022-01-21 09:07:19'),(758,0,'vi','core/base/forms','link','Liên kết','2022-01-21 09:06:45','2022-01-21 09:07:19'),(759,0,'vi','core/base/forms','order','Thứ tự','2022-01-21 09:06:45','2022-01-21 09:07:19'),(760,0,'vi','core/base/forms','short_code','Shortcode','2022-01-21 09:06:45','2022-01-21 09:07:19'),(761,0,'vi','core/base/forms','title','Tiêu đề','2022-01-21 09:06:45','2022-01-21 09:07:19'),(762,0,'vi','core/base/forms','value','Giá trị','2022-01-21 09:06:45','2022-01-21 09:07:19'),(763,0,'vi','core/base/forms','show_hide_editor','Ẩn/Hiện trình soạn thảo','2022-01-21 09:06:45','2022-01-21 09:07:19'),(764,0,'vi','core/base/forms','basic_info_title','Thông tin cơ bản','2022-01-21 09:06:45','2022-01-21 09:07:19'),(765,0,'vi','core/base/layouts','platform_admin','Quản trị hệ thống','2022-01-21 09:06:45','2022-01-21 09:07:19'),(766,0,'vi','core/base/layouts','dashboard','Bảng điều khiển','2022-01-21 09:06:45','2022-01-21 09:07:19'),(767,0,'vi','core/base/layouts','widgets','Tiện ích','2022-01-21 09:06:45','2022-01-21 09:07:19'),(768,0,'vi','core/base/layouts','plugins','Tiện ích mở rộng','2022-01-21 09:06:45','2022-01-21 09:07:19'),(769,0,'vi','core/base/layouts','settings','Cài đặt','2022-01-21 09:06:45','2022-01-21 09:07:19'),(770,0,'vi','core/base/layouts','setting_general','Cơ bản','2022-01-21 09:06:45','2022-01-21 09:07:19'),(771,0,'vi','core/base/layouts','system_information','Thông tin hệ thống','2022-01-21 09:06:45','2022-01-21 09:07:19'),(772,0,'vi','core/base/layouts','theme','Giao diện','2022-01-21 09:06:45','2022-01-21 09:07:19'),(773,0,'vi','core/base/layouts','copyright','Bản quyền :year &copy; :company. Phiên bản: <span>:version</span>','2022-01-21 09:06:45','2022-01-21 09:07:19'),(774,0,'vi','core/base/layouts','profile','Thông tin cá nhân','2022-01-21 09:06:45','2022-01-21 09:07:19'),(775,0,'vi','core/base/layouts','logout','Đăng xuất','2022-01-21 09:06:45','2022-01-21 09:07:19'),(776,0,'vi','core/base/layouts','no_search_result','Không có kết quả tìm kiếm, hãy thử lại với từ khóa khác.','2022-01-21 09:06:45','2022-01-21 09:07:19'),(777,0,'vi','core/base/layouts','home','Trang chủ','2022-01-21 09:06:45','2022-01-21 09:07:19'),(778,0,'vi','core/base/layouts','search','Tìm kiếm','2022-01-21 09:06:45','2022-01-21 09:07:19'),(779,0,'vi','core/base/layouts','add_new','Thêm mới','2022-01-21 09:06:45','2022-01-21 09:07:19'),(780,0,'vi','core/base/layouts','n_a','N/A','2022-01-21 09:06:45','2022-01-21 09:07:19'),(781,0,'vi','core/base/layouts','page_loaded_time','Trang tải xong trong','2022-01-21 09:06:45','2022-01-21 09:07:19'),(782,0,'vi','core/base/layouts','view_website','Xem trang ngoài','2022-01-21 09:06:45','2022-01-21 09:07:19'),(783,0,'vi','core/base/layouts','setting_email','Email','2022-01-21 09:06:45','2022-01-21 09:07:19'),(784,0,'vi','core/base/mail','send-fail','Gửi email không thành công','2022-01-21 09:06:45','2022-01-21 09:07:19'),(785,0,'vi','core/base/notices','create_success_message','Tạo thành công','2022-01-21 09:06:45','2022-01-21 09:07:20'),(786,0,'vi','core/base/notices','update_success_message','Cập nhật thành công','2022-01-21 09:06:45','2022-01-21 09:07:20'),(787,0,'vi','core/base/notices','delete_success_message','Xóa thành công','2022-01-21 09:06:45','2022-01-21 09:07:20'),(788,0,'vi','core/base/notices','success_header','Thành công!','2022-01-21 09:06:45','2022-01-21 09:07:20'),(789,0,'vi','core/base/notices','error_header','Lỗi!','2022-01-21 09:06:45','2022-01-21 09:07:20'),(790,0,'vi','core/base/notices','no_select','Chọn ít nhất 1 trường để thực hiện hành động này!','2022-01-21 09:06:45','2022-01-21 09:07:20'),(791,0,'vi','core/base/notices','processing_request','Hệ thống đang xử lý yêu cầu.','2022-01-21 09:06:45','2022-01-21 09:07:20'),(792,0,'vi','core/base/notices','error','Lỗi!','2022-01-21 09:06:45','2022-01-21 09:07:20'),(793,0,'vi','core/base/notices','success','Thành công!','2022-01-21 09:06:45','2022-01-21 09:07:20'),(794,0,'vi','core/base/notices','info','Thông tin!','2022-01-21 09:06:45','2022-01-21 09:07:20'),(795,0,'vi','core/base/system','no_select','Hãy chọn ít nhất 1 trường để thực hiện hành động này!','2022-01-21 09:06:45','2022-01-21 09:07:20'),(796,0,'vi','core/base/system','cannot_find_user','Không thể tải được thông tin người dùng','2022-01-21 09:06:45','2022-01-21 09:07:20'),(797,0,'vi','core/base/system','supper_revoked','Quyền quản trị viên cao nhất đã được gỡ bỏ','2022-01-21 09:06:45','2022-01-21 09:07:20'),(798,0,'vi','core/base/system','cannot_revoke_yourself','Không thể gỡ bỏ quyền quản trị cấp cao của chính bạn!','2022-01-21 09:06:45','2022-01-21 09:07:20'),(799,0,'vi','core/base/system','cant_remove_supper','Bạn không có quyền xóa quản trị viên cấp cao','2022-01-21 09:06:45','2022-01-21 09:07:20'),(800,0,'vi','core/base/system','cant_find_user_with_email','Không thể tìm thấy người dùng với email này','2022-01-21 09:06:45','2022-01-21 09:07:20'),(801,0,'vi','core/base/system','supper_granted','Quyền quản trị cao nhất đã được gán','2022-01-21 09:06:45','2022-01-21 09:07:20'),(802,0,'vi','core/base/system','delete_log_success','Xóa tập tin log thành công!','2022-01-21 09:06:45','2022-01-21 09:07:20'),(803,0,'vi','core/base/system','get_member_success','Hiển thị danh sách thành viên thành công','2022-01-21 09:06:45','2022-01-21 09:07:20'),(804,0,'vi','core/base/system','error_occur','Có lỗi dưới đây','2022-01-21 09:06:45','2022-01-21 09:07:20'),(805,0,'vi','core/base/system','role_and_permission','Phân quyền hệ thống','2022-01-21 09:06:45','2022-01-21 09:07:20'),(806,0,'vi','core/base/system','role_and_permission_description','Quản lý những phân quyền trong hệ thống','2022-01-21 09:06:45','2022-01-21 09:07:20'),(807,0,'vi','core/base/system','user.list_super','Danh sách quản trị viên cấp cao','2022-01-21 09:06:45','2022-01-21 09:07:20'),(808,0,'vi','core/base/system','user.username','Tên đăng nhập','2022-01-21 09:06:45','2022-01-21 09:07:20'),(809,0,'vi','core/base/system','user.email','Email','2022-01-21 09:06:45','2022-01-21 09:07:20'),(810,0,'vi','core/base/system','user.last_login','Đăng nhập lần cuối	','2022-01-21 09:06:45','2022-01-21 09:07:20'),(811,0,'vi','core/base/system','user.add_user','Thêm quản trị viên cấp cao','2022-01-21 09:06:45','2022-01-21 09:07:20'),(812,0,'vi','core/base/system','user.cancel','Hủy bỏ','2022-01-21 09:06:45','2022-01-21 09:07:20'),(813,0,'vi','core/base/system','user.create','Thêm','2022-01-21 09:06:45','2022-01-21 09:07:20'),(814,0,'vi','core/base/system','options.features','Kiểm soát truy cập các tính năng','2022-01-21 09:06:45','2022-01-21 09:07:20'),(815,0,'vi','core/base/system','options.feature_description','Bật/tắt các tính năng.','2022-01-21 09:06:45','2022-01-21 09:07:20'),(816,0,'vi','core/base/system','options.manage_super','Quản lý quản trị viên cấp cao','2022-01-21 09:06:45','2022-01-21 09:07:20'),(817,0,'vi','core/base/system','options.manage_super_description','Thêm/xóa quản trị viên cấp cao','2022-01-21 09:06:45','2022-01-21 09:07:20'),(818,0,'vi','core/base/system','options.info','Thông tin hệ thống','2022-01-21 09:06:45','2022-01-21 09:07:20'),(819,0,'vi','core/base/system','options.info_description','Những thông tin về cấu hình hiện tại của hệ thống.','2022-01-21 09:06:45','2022-01-21 09:07:20'),(820,0,'vi','core/base/system','info.title','Thông tin hệ thống','2022-01-21 09:06:45','2022-01-21 09:07:20'),(821,0,'vi','core/base/system','info.cache','Bộ nhớ đệm','2022-01-21 09:06:45','2022-01-21 09:07:20'),(822,0,'vi','core/base/system','info.environment','Môi trường','2022-01-21 09:06:45','2022-01-21 09:07:20'),(823,0,'vi','core/base/system','info.locale','Ngôn ngữ hệ thống','2022-01-21 09:06:45','2022-01-21 09:07:20'),(824,0,'vi','core/base/system','user_management','Quản lý thành viên','2022-01-21 09:06:45','2022-01-21 09:07:20'),(825,0,'vi','core/base/system','user_management_description','Quản lý người dùng trong hệ thống','2022-01-21 09:06:45','2022-01-21 09:07:20'),(826,0,'vi','core/base/system','app_size','Kích thước ứng dụng','2022-01-21 09:06:45','2022-01-21 09:07:20'),(827,0,'vi','core/base/system','cache_dir_writable','Có thể ghi bộ nhớ đệm','2022-01-21 09:06:45','2022-01-21 09:07:20'),(828,0,'vi','core/base/system','cache_driver','Loại lưu trữ bộ nhớ đệm','2022-01-21 09:06:45','2022-01-21 09:07:20'),(829,0,'vi','core/base/system','copy_report','Sao chép báo cáo','2022-01-21 09:06:45','2022-01-21 09:07:20'),(830,0,'vi','core/base/system','curl_ext','CURL Ext','2022-01-21 09:06:45','2022-01-21 09:07:20'),(831,0,'vi','core/base/system','database','Hệ thống dữ liệu','2022-01-21 09:06:45','2022-01-21 09:07:20'),(832,0,'vi','core/base/system','debug_mode','Chế độ sửa lỗi','2022-01-21 09:06:45','2022-01-21 09:07:20'),(833,0,'vi','core/base/system','dependency_name','Tên gói','2022-01-21 09:06:45','2022-01-21 09:07:20'),(834,0,'vi','core/base/system','exif_ext','Exif Ext','2022-01-21 09:06:45','2022-01-21 09:07:20'),(835,0,'vi','core/base/system','extra_information','Thông tin mở rộng','2022-01-21 09:06:45','2022-01-21 09:07:20'),(836,0,'vi','core/base/system','extra_stats','Thống kê thêm','2022-01-21 09:06:45','2022-01-21 09:07:20'),(837,0,'vi','core/base/system','file_info_ext','File info Ext','2022-01-21 09:06:45','2022-01-21 09:07:20'),(838,0,'vi','core/base/system','framework_version','Phiên bản framework','2022-01-21 09:06:45','2022-01-21 09:07:20'),(839,0,'vi','core/base/system','get_system_report','Lấy thông tin hệ thống','2022-01-21 09:06:45','2022-01-21 09:07:20'),(840,0,'vi','core/base/system','installed_packages','Các gói đã cài đặt và phiên bản','2022-01-21 09:06:45','2022-01-21 09:07:20'),(841,0,'vi','core/base/system','mbstring_ext','Mbstring Ext','2022-01-21 09:06:45','2022-01-21 09:07:20'),(842,0,'vi','core/base/system','openssl_ext','OpenSSL Ext','2022-01-21 09:06:45','2022-01-21 09:07:20'),(843,0,'vi','core/base/system','package_name','Tên gói','2022-01-21 09:06:45','2022-01-21 09:07:20'),(844,0,'vi','core/base/system','pdo_ext','PDO Ext','2022-01-21 09:06:45','2022-01-21 09:07:20'),(845,0,'vi','core/base/system','php_version','Phiên bản PHP','2022-01-21 09:06:45','2022-01-21 09:07:20'),(846,0,'vi','core/base/system','report_description','Vui lòng chia sẻ thông tin này nhằm mục đích điều tra nguyên nhân gây lỗi','2022-01-21 09:06:45','2022-01-21 09:07:20'),(847,0,'vi','core/base/system','server_environment','Môi trường máy chủ','2022-01-21 09:06:45','2022-01-21 09:07:20'),(848,0,'vi','core/base/system','server_os','Hệ điều hành của máy chủ','2022-01-21 09:06:45','2022-01-21 09:07:20'),(849,0,'vi','core/base/system','server_software','Phần mềm','2022-01-21 09:06:45','2022-01-21 09:07:20'),(850,0,'vi','core/base/system','session_driver','Loại lưu trữ phiên làm việc','2022-01-21 09:06:45','2022-01-21 09:07:20'),(851,0,'vi','core/base/system','ssl_installed','Đã cài đặt chứng chỉ SSL','2022-01-21 09:06:45','2022-01-21 09:07:20'),(852,0,'vi','core/base/system','storage_dir_writable','Có thể lưu trữ dữ liệu tạm','2022-01-21 09:06:45','2022-01-21 09:07:20'),(853,0,'vi','core/base/system','system_environment','Môi trường hệ thống','2022-01-21 09:06:45','2022-01-21 09:07:20'),(854,0,'vi','core/base/system','timezone','Múi giờ','2022-01-21 09:06:45','2022-01-21 09:07:20'),(855,0,'vi','core/base/system','tokenizer_ext','Tokenizer Ext','2022-01-21 09:06:45','2022-01-21 09:07:20'),(856,0,'vi','core/base/system','version','Phiên bản','2022-01-21 09:06:45','2022-01-21 09:07:20'),(857,0,'vi','core/base/system','cms_version','Phiên bản CMS','2022-01-21 09:06:45','2022-01-21 09:07:20'),(858,0,'vi','core/base/tables','id','ID','2022-01-21 09:06:45','2022-01-21 09:07:20'),(859,0,'vi','core/base/tables','name','Tên','2022-01-21 09:06:45','2022-01-21 09:07:20'),(860,0,'vi','core/base/tables','order_by','Thứ tự','2022-01-21 09:06:45','2022-01-21 09:07:20'),(861,0,'vi','core/base/tables','status','Trạng thái','2022-01-21 09:06:45','2022-01-21 09:07:20'),(862,0,'vi','core/base/tables','created_at','Ngày tạo','2022-01-21 09:06:46','2022-01-21 09:07:20'),(863,0,'vi','core/base/tables','updated_at','Ngày cập nhật','2022-01-21 09:06:46','2022-01-21 09:07:20'),(864,0,'vi','core/base/tables','operations','Tác vụ','2022-01-21 09:06:46','2022-01-21 09:07:20'),(865,0,'vi','core/base/tables','url','URL','2022-01-21 09:06:46','2022-01-21 09:07:20'),(866,0,'vi','core/base/tables','author','Người tạo','2022-01-21 09:06:46','2022-01-21 09:07:20'),(867,0,'vi','core/base/tables','column','Cột','2022-01-21 09:06:46','2022-01-21 09:07:20'),(868,0,'vi','core/base/tables','origin','Bản cũ','2022-01-21 09:06:46','2022-01-21 09:07:20'),(869,0,'vi','core/base/tables','after_change','Sau khi thay đổi','2022-01-21 09:06:46','2022-01-21 09:07:20'),(870,0,'vi','core/base/tables','notes','Ghi chú','2022-01-21 09:06:46','2022-01-21 09:07:20'),(871,0,'vi','core/base/tables','activated','kích hoạt','2022-01-21 09:06:46','2022-01-21 09:07:20'),(872,0,'vi','core/base/tables','browser','Trình duyệt','2022-01-21 09:06:46','2022-01-21 09:07:20'),(873,0,'vi','core/base/tables','deactivated','hủy kích hoạt','2022-01-21 09:06:46','2022-01-21 09:07:20'),(874,0,'vi','core/base/tables','description','Mô tả','2022-01-21 09:06:46','2022-01-21 09:07:20'),(875,0,'vi','core/base/tables','session','Phiên','2022-01-21 09:06:46','2022-01-21 09:07:20'),(876,0,'vi','core/base/tables','views','Lượt xem','2022-01-21 09:06:46','2022-01-21 09:07:20'),(877,0,'vi','core/base/tables','restore','Khôi phục','2022-01-21 09:06:46','2022-01-21 09:07:20'),(878,0,'vi','core/base/tables','edit','Sửa','2022-01-21 09:06:46','2022-01-21 09:07:20'),(879,0,'vi','core/base/tables','delete','Xóa','2022-01-21 09:06:46','2022-01-21 09:07:20'),(880,0,'vi','core/base/tables','action','Hành động','2022-01-21 09:06:46','2022-01-21 09:07:20'),(881,0,'vi','core/base/tables','activate','Kích hoạt','2022-01-21 09:06:46','2022-01-21 09:07:20'),(882,0,'vi','core/base/tables','add_new','Thêm mới','2022-01-21 09:06:46','2022-01-21 09:07:20'),(883,0,'vi','core/base/tables','all','Tất cả','2022-01-21 09:06:46','2022-01-21 09:07:20'),(884,0,'vi','core/base/tables','cancel','Hủy bỏ','2022-01-21 09:06:46','2022-01-21 09:07:20'),(885,0,'vi','core/base/tables','confirm_delete','Xác nhận xóa','2022-01-21 09:06:46','2022-01-21 09:07:20'),(886,0,'vi','core/base/tables','confirm_delete_msg','Bạn có chắc chắn muốn xóa bản ghi này?','2022-01-21 09:06:46','2022-01-21 09:07:20'),(887,0,'vi','core/base/tables','csv','CSV','2022-01-21 09:06:46','2022-01-21 09:07:20'),(888,0,'vi','core/base/tables','deactivate','Hủy kích hoạt','2022-01-21 09:06:46','2022-01-21 09:07:20'),(889,0,'vi','core/base/tables','delete_entry','Xóa bản ghi','2022-01-21 09:06:46','2022-01-21 09:07:20'),(890,0,'vi','core/base/tables','display','Hiển thị','2022-01-21 09:06:46','2022-01-21 09:07:20'),(891,0,'vi','core/base/tables','excel','Excel','2022-01-21 09:06:46','2022-01-21 09:07:20'),(892,0,'vi','core/base/tables','export','Xuất bản','2022-01-21 09:06:46','2022-01-21 09:07:20'),(893,0,'vi','core/base/tables','in','trong tổng số','2022-01-21 09:06:46','2022-01-21 09:07:20'),(894,0,'vi','core/base/tables','no_data','Không có dữ liệu để hiển thị','2022-01-21 09:06:46','2022-01-21 09:07:20'),(895,0,'vi','core/base/tables','no_record','Không có dữ liệu','2022-01-21 09:06:46','2022-01-21 09:07:20'),(896,0,'vi','core/base/tables','pdf','PDF','2022-01-21 09:06:46','2022-01-21 09:07:20'),(897,0,'vi','core/base/tables','print','In','2022-01-21 09:06:46','2022-01-21 09:07:20'),(898,0,'vi','core/base/tables','records','bản ghi','2022-01-21 09:06:46','2022-01-21 09:07:20'),(899,0,'vi','core/base/tables','reload','Tải lại','2022-01-21 09:06:46','2022-01-21 09:07:20'),(900,0,'vi','core/base/tables','reset','Làm mới','2022-01-21 09:06:46','2022-01-21 09:07:20'),(901,0,'vi','core/base/tables','save','Lưu','2022-01-21 09:06:46','2022-01-21 09:07:20'),(902,0,'vi','core/base/tables','show_from','Hiển thị từ','2022-01-21 09:06:46','2022-01-21 09:07:20'),(903,0,'vi','core/base/tables','template','Giao diện','2022-01-21 09:06:46','2022-01-21 09:07:20'),(904,0,'vi','core/base/tables','to','đến','2022-01-21 09:06:46','2022-01-21 09:07:20'),(905,0,'vi','core/base/tables','view','Xem chi tiết','2022-01-21 09:06:46','2022-01-21 09:07:20'),(906,0,'vi','core/base/tables','email','Email','2022-01-21 09:06:46','2022-01-21 09:07:20'),(907,0,'vi','core/base/tables','image','Hình ảnh','2022-01-21 09:06:46','2022-01-21 09:07:20'),(908,0,'vi','core/base/tables','is_featured','Nổi bật','2022-01-21 09:06:46','2022-01-21 09:07:20'),(909,0,'vi','core/base/tables','last_login','Lần cuối đăng nhập','2022-01-21 09:06:46','2022-01-21 09:07:20'),(910,0,'vi','core/base/tables','order','Thứ tự','2022-01-21 09:06:46','2022-01-21 09:07:20'),(911,0,'vi','core/base/tables','shortcode','Shortcode','2022-01-21 09:06:46','2022-01-21 09:07:20'),(912,0,'vi','core/base/tables','slug','Slug','2022-01-21 09:06:46','2022-01-21 09:07:20'),(913,0,'vi','core/base/tables','title','Tiêu đề','2022-01-21 09:06:46','2022-01-21 09:07:20'),(914,0,'vi','core/base/tabs','detail','Chi tiết','2022-01-21 09:06:46','2022-01-21 09:07:20'),(915,0,'vi','core/base/tabs','file','Tập tin','2022-01-21 09:06:46','2022-01-21 09:07:20'),(916,0,'vi','core/base/tabs','record_note','Ghi chú','2022-01-21 09:06:46','2022-01-21 09:07:20'),(917,0,'vi','core/base/tabs','revision','Lịch sử thay đổi','2022-01-21 09:06:46','2022-01-21 09:07:20'),(918,0,'en','core/dashboard/dashboard','update_position_success','Update widget position successfully!','2022-01-21 09:06:46','2022-01-21 09:07:20'),(919,0,'en','core/dashboard/dashboard','hide_success','Update widget successfully!','2022-01-21 09:06:46','2022-01-21 09:07:20'),(920,0,'en','core/dashboard/dashboard','confirm_hide','Are you sure?','2022-01-21 09:06:46','2022-01-21 09:07:20'),(921,0,'en','core/dashboard/dashboard','hide_message','Do you really want to hide this widget? It will be disappear on Dashboard!','2022-01-21 09:06:46','2022-01-21 09:07:20'),(922,0,'en','core/dashboard/dashboard','confirm_hide_btn','Yes, hide this widget','2022-01-21 09:06:46','2022-01-21 09:07:20'),(923,0,'en','core/dashboard/dashboard','cancel_hide_btn','Cancel','2022-01-21 09:06:46','2022-01-21 09:07:20'),(924,0,'en','core/dashboard/dashboard','collapse_expand','Collapse/Expand','2022-01-21 09:06:46','2022-01-21 09:07:20'),(925,0,'en','core/dashboard/dashboard','hide','Hide','2022-01-21 09:06:46','2022-01-21 09:07:20'),(926,0,'en','core/dashboard/dashboard','reload','Reload','2022-01-21 09:06:46','2022-01-21 09:07:20'),(927,0,'en','core/dashboard/dashboard','save_setting_success','Save widget settings successfully!','2022-01-21 09:06:46','2022-01-21 09:07:20'),(928,0,'en','core/dashboard/dashboard','widget_not_exists','Widget is not exits!','2022-01-21 09:06:46','2022-01-21 09:07:20'),(929,0,'en','core/dashboard/dashboard','manage_widgets','Manage Widgets','2022-01-21 09:06:46','2022-01-21 09:07:20'),(930,0,'en','core/dashboard/dashboard','fullscreen','Full screen','2022-01-21 09:06:46','2022-01-21 09:07:20'),(931,0,'en','core/dashboard/dashboard','title','Dashboard','2022-01-21 09:06:46','2022-01-21 09:07:20'),(932,0,'en','core/dashboard/dashboard','predefined_ranges.today','Today','2022-01-21 09:06:46','2022-01-21 09:07:20'),(933,0,'en','core/dashboard/dashboard','predefined_ranges.yesterday','Yesterday','2022-01-21 09:06:46','2022-01-21 09:07:20'),(934,0,'en','core/dashboard/dashboard','predefined_ranges.this_week','This Week','2022-01-21 09:06:46','2022-01-21 09:07:20'),(935,0,'en','core/dashboard/dashboard','predefined_ranges.last_7_days','Last 7 Days','2022-01-21 09:06:46','2022-01-21 09:07:20'),(936,0,'en','core/dashboard/dashboard','predefined_ranges.this_month','This Month','2022-01-21 09:06:46','2022-01-21 09:07:20'),(937,0,'en','core/dashboard/dashboard','predefined_ranges.last_30_days','Last 30 Days','2022-01-21 09:06:46','2022-01-21 09:07:20'),(938,0,'en','core/dashboard/dashboard','predefined_ranges.this_year','This Year','2022-01-21 09:06:46','2022-01-21 09:07:20'),(939,0,'vi','core/dashboard/dashboard','cancel_hide_btn','Hủy bỏ','2022-01-21 09:06:46','2022-01-21 09:07:20'),(940,0,'vi','core/dashboard/dashboard','collapse_expand','Mở rộng','2022-01-21 09:06:46','2022-01-21 09:07:20'),(941,0,'vi','core/dashboard/dashboard','confirm_hide','Bạn có chắc?','2022-01-21 09:06:46','2022-01-21 09:07:20'),(942,0,'vi','core/dashboard/dashboard','confirm_hide_btn','Vâng, ẩn tiện ích này','2022-01-21 09:06:46','2022-01-21 09:07:20'),(943,0,'vi','core/dashboard/dashboard','hide','Ẩn','2022-01-21 09:06:46','2022-01-21 09:07:20'),(944,0,'vi','core/dashboard/dashboard','hide_message','Bạn có chắc chắn muốn ẩn tiện ích này? Nó sẽ không được hiển thị trên trang chủ nữa!','2022-01-21 09:06:46','2022-01-21 09:07:20'),(945,0,'vi','core/dashboard/dashboard','hide_success','Ẩn tiện ích thành công!','2022-01-21 09:06:46','2022-01-21 09:07:20'),(946,0,'vi','core/dashboard/dashboard','manage_widgets','Quản lý tiện ích','2022-01-21 09:06:46','2022-01-21 09:07:20'),(947,0,'vi','core/dashboard/dashboard','reload','Làm mới','2022-01-21 09:06:46','2022-01-21 09:07:20'),(948,0,'vi','core/dashboard/dashboard','save_setting_success','Lưu tiện ích thành công','2022-01-21 09:06:46','2022-01-21 09:07:20'),(949,0,'vi','core/dashboard/dashboard','update_position_success','Cập nhật vị trí tiện ích thành công!','2022-01-21 09:06:46','2022-01-21 09:07:20'),(950,0,'vi','core/dashboard/dashboard','widget_not_exists','Tiện ích này không tồn tại!','2022-01-21 09:06:46','2022-01-21 09:07:20'),(951,0,'vi','core/dashboard/dashboard','fullscreen','Toàn màn hình','2022-01-21 09:06:46','2022-01-21 09:07:20'),(952,0,'vi','core/dashboard/dashboard','title','Trang quản trị','2022-01-21 09:06:46','2022-01-21 09:07:20'),(953,0,'en','core/media/media','filter','Filter','2022-01-21 09:06:46','2022-01-21 09:07:20'),(954,0,'en','core/media/media','everything','Everything','2022-01-21 09:06:46','2022-01-21 09:07:20'),(955,0,'en','core/media/media','image','Image','2022-01-21 09:06:46','2022-01-21 09:07:20'),(956,0,'en','core/media/media','video','Video','2022-01-21 09:06:46','2022-01-21 09:07:20'),(957,0,'en','core/media/media','document','Document','2022-01-21 09:06:46','2022-01-21 09:07:20'),(958,0,'en','core/media/media','view_in','View in','2022-01-21 09:06:46','2022-01-21 09:07:20'),(959,0,'en','core/media/media','all_media','All media','2022-01-21 09:06:46','2022-01-21 09:07:20'),(960,0,'en','core/media/media','trash','Trash','2022-01-21 09:06:46','2022-01-21 09:07:20'),(961,0,'en','core/media/media','recent','Recent','2022-01-21 09:06:46','2022-01-21 09:07:20'),(962,0,'en','core/media/media','favorites','Favorites','2022-01-21 09:06:46','2022-01-21 09:07:20'),(963,0,'en','core/media/media','upload','Upload','2022-01-21 09:06:46','2022-01-21 09:07:20'),(964,0,'en','core/media/media','create_folder','Create folder','2022-01-21 09:06:46','2022-01-21 09:07:20'),(965,0,'en','core/media/media','refresh','Refresh','2022-01-21 09:06:46','2022-01-21 09:07:20'),(966,0,'en','core/media/media','empty_trash','Empty trash','2022-01-21 09:06:46','2022-01-21 09:07:20'),(967,0,'en','core/media/media','search_file_and_folder','Search file and folder','2022-01-21 09:06:46','2022-01-21 09:07:20'),(968,0,'en','core/media/media','sort','Sort','2022-01-21 09:06:46','2022-01-21 09:07:20'),(969,0,'en','core/media/media','file_name_asc','File name - ASC','2022-01-21 09:06:46','2022-01-21 09:07:20'),(970,0,'en','core/media/media','file_name_desc','File name - DESC','2022-01-21 09:06:46','2022-01-21 09:07:20'),(971,0,'en','core/media/media','uploaded_date_asc','Uploaded date - ASC','2022-01-21 09:06:46','2022-01-21 09:07:20'),(972,0,'en','core/media/media','uploaded_date_desc','Uploaded date - DESC','2022-01-21 09:06:46','2022-01-21 09:07:20'),(973,0,'en','core/media/media','size_asc','Size - ASC','2022-01-21 09:06:46','2022-01-21 09:07:20'),(974,0,'en','core/media/media','size_desc','Size - DESC','2022-01-21 09:06:46','2022-01-21 09:07:20'),(975,0,'en','core/media/media','actions','Actions','2022-01-21 09:06:46','2022-01-21 09:07:20'),(976,0,'en','core/media/media','nothing_is_selected','Nothing is selected','2022-01-21 09:06:46','2022-01-21 09:07:20'),(977,0,'en','core/media/media','insert','Insert','2022-01-21 09:06:46','2022-01-21 09:07:20'),(978,0,'en','core/media/media','folder_name','Folder name','2022-01-21 09:06:46','2022-01-21 09:07:20'),(979,0,'en','core/media/media','create','Create','2022-01-21 09:06:46','2022-01-21 09:07:20'),(980,0,'en','core/media/media','rename','Rename','2022-01-21 09:06:46','2022-01-21 09:07:20'),(981,0,'en','core/media/media','close','Close','2022-01-21 09:06:46','2022-01-21 09:07:20'),(982,0,'en','core/media/media','save_changes','Save changes','2022-01-21 09:06:46','2022-01-21 09:07:20'),(983,0,'en','core/media/media','move_to_trash','Move items to trash','2022-01-21 09:06:46','2022-01-21 09:07:20'),(984,0,'en','core/media/media','confirm_trash','Are you sure you want to move these items to trash?','2022-01-21 09:06:46','2022-01-21 09:07:20'),(985,0,'en','core/media/media','confirm','Confirm','2022-01-21 09:06:46','2022-01-21 09:07:20'),(986,0,'en','core/media/media','confirm_delete','Delete item(s)','2022-01-21 09:06:46','2022-01-21 09:07:20'),(987,0,'en','core/media/media','confirm_delete_description','Your request cannot rollback. Are you sure you wanna delete these items?','2022-01-21 09:06:46','2022-01-21 09:07:20'),(988,0,'en','core/media/media','empty_trash_title','Empty trash','2022-01-21 09:06:46','2022-01-21 09:07:20'),(989,0,'en','core/media/media','empty_trash_description','Your request cannot rollback. Are you sure you wanna remove all items in trash?','2022-01-21 09:06:46','2022-01-21 09:07:20'),(990,0,'en','core/media/media','up_level','Up one level','2022-01-21 09:06:46','2022-01-21 09:07:20'),(991,0,'en','core/media/media','upload_progress','Upload progress','2022-01-21 09:06:46','2022-01-21 09:07:20'),(992,0,'en','core/media/media','folder_created','Folder is created successfully!','2022-01-21 09:06:46','2022-01-21 09:07:20'),(993,0,'en','core/media/media','gallery','Media gallery','2022-01-21 09:06:46','2022-01-21 09:07:20'),(994,0,'en','core/media/media','trash_error','Error when delete selected item(s)','2022-01-21 09:06:46','2022-01-21 09:07:20'),(995,0,'en','core/media/media','trash_success','Moved selected item(s) to trash successfully!','2022-01-21 09:06:46','2022-01-21 09:07:20'),(996,0,'en','core/media/media','restore_error','Error when restore selected item(s)','2022-01-21 09:06:46','2022-01-21 09:07:20'),(997,0,'en','core/media/media','restore_success','Restore selected item(s) successfully!','2022-01-21 09:06:46','2022-01-21 09:07:20'),(998,0,'en','core/media/media','copy_success','Copied selected item(s) successfully!','2022-01-21 09:06:46','2022-01-21 09:07:20'),(999,0,'en','core/media/media','delete_success','Deleted selected item(s) successfully!','2022-01-21 09:06:46','2022-01-21 09:07:20'),(1000,0,'en','core/media/media','favorite_success','Favorite selected item(s) successfully!','2022-01-21 09:06:46','2022-01-21 09:07:20'),(1001,0,'en','core/media/media','remove_favorite_success','Remove selected item(s) from favorites successfully!','2022-01-21 09:06:46','2022-01-21 09:07:20'),(1002,0,'en','core/media/media','rename_error','Error when rename item(s)','2022-01-21 09:06:46','2022-01-21 09:07:20'),(1003,0,'en','core/media/media','rename_success','Rename selected item(s) successfully!','2022-01-21 09:06:46','2022-01-21 09:07:20'),(1004,0,'en','core/media/media','empty_trash_success','Empty trash successfully!','2022-01-21 09:06:46','2022-01-21 09:07:20'),(1005,0,'en','core/media/media','invalid_action','Invalid action!','2022-01-21 09:06:46','2022-01-21 09:07:20'),(1006,0,'en','core/media/media','file_not_exists','File is not exists!','2022-01-21 09:06:46','2022-01-21 09:07:20'),(1007,0,'en','core/media/media','download_file_error','Error when downloading files!','2022-01-21 09:06:46','2022-01-21 09:07:20'),(1008,0,'en','core/media/media','missing_zip_archive_extension','Please enable ZipArchive extension to download file!','2022-01-21 09:06:46','2022-01-21 09:07:20'),(1009,0,'en','core/media/media','can_not_download_file','Can not download this file!','2022-01-21 09:06:46','2022-01-21 09:07:20'),(1010,0,'en','core/media/media','invalid_request','Invalid request!','2022-01-21 09:06:46','2022-01-21 09:07:20'),(1011,0,'en','core/media/media','add_success','Add item successfully!','2022-01-21 09:06:46','2022-01-21 09:07:20'),(1012,0,'en','core/media/media','file_too_big','File too big. Max file upload is :size bytes','2022-01-21 09:06:46','2022-01-21 09:07:20'),(1013,0,'en','core/media/media','can_not_detect_file_type','File type is not allowed or can not detect file type!','2022-01-21 09:06:46','2022-01-21 09:07:20'),(1014,0,'en','core/media/media','upload_failed','The file is NOT uploaded completely. The server allows max upload file size is :size . Please check your file size OR try to upload again in case of having network errors','2022-01-21 09:06:46','2022-01-21 09:07:20'),(1015,0,'en','core/media/media','menu_name','Media','2022-01-21 09:06:46','2022-01-21 09:07:20'),(1016,0,'en','core/media/media','add','Add media','2022-01-21 09:06:46','2022-01-21 09:07:20'),(1017,0,'en','core/media/media','javascript.name','Name','2022-01-21 09:06:46','2022-01-21 09:07:20'),(1018,0,'en','core/media/media','javascript.url','URL','2022-01-21 09:06:46','2022-01-21 09:07:20'),(1019,0,'en','core/media/media','javascript.full_url','Full URL','2022-01-21 09:06:46','2022-01-21 09:07:20'),(1020,0,'en','core/media/media','javascript.size','Size','2022-01-21 09:06:46','2022-01-21 09:07:20'),(1021,0,'en','core/media/media','javascript.mime_type','Type','2022-01-21 09:06:46','2022-01-21 09:07:20'),(1022,0,'en','core/media/media','javascript.created_at','Uploaded at','2022-01-21 09:06:46','2022-01-21 09:07:20'),(1023,0,'en','core/media/media','javascript.updated_at','Modified at','2022-01-21 09:06:46','2022-01-21 09:07:20'),(1024,0,'en','core/media/media','javascript.nothing_selected','Nothing is selected','2022-01-21 09:06:46','2022-01-21 09:07:20'),(1025,0,'en','core/media/media','javascript.visit_link','Open link','2022-01-21 09:06:46','2022-01-21 09:07:20'),(1026,0,'en','core/media/media','javascript.no_item.all_media.icon','fas fa-cloud-upload-alt','2022-01-21 09:06:46','2022-01-21 09:07:20'),(1027,0,'en','core/media/media','javascript.no_item.all_media.title','Drop files and folders here','2022-01-21 09:06:46','2022-01-21 09:07:20'),(1028,0,'en','core/media/media','javascript.no_item.all_media.message','Or use the upload button above','2022-01-21 09:06:46','2022-01-21 09:07:20'),(1029,0,'en','core/media/media','javascript.no_item.trash.icon','fas fa-trash-alt','2022-01-21 09:06:46','2022-01-21 09:07:20'),(1030,0,'en','core/media/media','javascript.no_item.trash.title','There is nothing in your trash currently','2022-01-21 09:06:46','2022-01-21 09:07:20'),(1031,0,'en','core/media/media','javascript.no_item.trash.message','Delete files to move them to trash automatically. Delete files from trash to remove them permanently','2022-01-21 09:06:46','2022-01-21 09:07:20'),(1032,0,'en','core/media/media','javascript.no_item.favorites.icon','fas fa-star','2022-01-21 09:06:46','2022-01-21 09:07:20'),(1033,0,'en','core/media/media','javascript.no_item.favorites.title','You have not added anything to your favorites yet','2022-01-21 09:06:46','2022-01-21 09:07:20'),(1034,0,'en','core/media/media','javascript.no_item.favorites.message','Add files to favorites to easily find them later','2022-01-21 09:06:46','2022-01-21 09:07:20'),(1035,0,'en','core/media/media','javascript.no_item.recent.icon','far fa-clock','2022-01-21 09:06:46','2022-01-21 09:07:20'),(1036,0,'en','core/media/media','javascript.no_item.recent.title','You did not opened anything yet','2022-01-21 09:06:46','2022-01-21 09:07:20'),(1037,0,'en','core/media/media','javascript.no_item.recent.message','All recent files that you opened will be appeared here','2022-01-21 09:06:46','2022-01-21 09:07:20'),(1038,0,'en','core/media/media','javascript.no_item.default.icon','fas fa-sync','2022-01-21 09:06:46','2022-01-21 09:07:20'),(1039,0,'en','core/media/media','javascript.no_item.default.title','No items','2022-01-21 09:06:46','2022-01-21 09:07:20'),(1040,0,'en','core/media/media','javascript.no_item.default.message','This directory has no item','2022-01-21 09:06:46','2022-01-21 09:07:20'),(1041,0,'en','core/media/media','javascript.clipboard.success','These file links has been copied to clipboard','2022-01-21 09:06:46','2022-01-21 09:07:20'),(1042,0,'en','core/media/media','javascript.message.error_header','Error','2022-01-21 09:06:46','2022-01-21 09:07:20'),(1043,0,'en','core/media/media','javascript.message.success_header','Success','2022-01-21 09:06:46','2022-01-21 09:07:20'),(1044,0,'en','core/media/media','javascript.download.error','No files selected or cannot download these files','2022-01-21 09:06:46','2022-01-21 09:07:20'),(1045,0,'en','core/media/media','javascript.actions_list.basic.preview','Preview','2022-01-21 09:06:46','2022-01-21 09:07:20'),(1046,0,'en','core/media/media','javascript.actions_list.file.copy_link','Copy link','2022-01-21 09:06:46','2022-01-21 09:07:20'),(1047,0,'en','core/media/media','javascript.actions_list.file.rename','Rename','2022-01-21 09:06:46','2022-01-21 09:07:20'),(1048,0,'en','core/media/media','javascript.actions_list.file.make_copy','Make a copy','2022-01-21 09:06:46','2022-01-21 09:07:20'),(1049,0,'en','core/media/media','javascript.actions_list.user.favorite','Add to favorite','2022-01-21 09:06:46','2022-01-21 09:07:20'),(1050,0,'en','core/media/media','javascript.actions_list.user.remove_favorite','Remove favorite','2022-01-21 09:06:46','2022-01-21 09:07:20'),(1051,0,'en','core/media/media','javascript.actions_list.other.download','Download','2022-01-21 09:06:46','2022-01-21 09:07:20'),(1052,0,'en','core/media/media','javascript.actions_list.other.trash','Move to trash','2022-01-21 09:06:46','2022-01-21 09:07:20'),(1053,0,'en','core/media/media','javascript.actions_list.other.delete','Delete permanently','2022-01-21 09:06:46','2022-01-21 09:07:20'),(1054,0,'en','core/media/media','javascript.actions_list.other.restore','Restore','2022-01-21 09:06:46','2022-01-21 09:07:20'),(1055,0,'en','core/media/media','name_invalid','The folder name has invalid character(s).','2022-01-21 09:06:46','2022-01-21 09:07:20'),(1056,0,'en','core/media/media','url_invalid','Please provide a valid URL','2022-01-21 09:06:46','2022-01-21 09:07:20'),(1057,0,'en','core/media/media','path_invalid','Please provide a valid path','2022-01-21 09:06:46','2022-01-21 09:07:20'),(1058,0,'en','core/media/media','download_link','Download','2022-01-21 09:06:46','2022-01-21 09:07:20'),(1059,0,'en','core/media/media','url','URL','2022-01-21 09:06:46','2022-01-21 09:07:20'),(1060,0,'en','core/media/media','download_explain','Enter one URL per line.','2022-01-21 09:06:46','2022-01-21 09:07:20'),(1061,0,'en','core/media/media','downloading','Downloading...','2022-01-21 09:06:46','2022-01-21 09:07:20'),(1062,0,'vi','core/media/media','filter','Lọc','2022-01-21 09:06:46','2022-01-21 09:07:20'),(1063,0,'vi','core/media/media','everything','Tất cả','2022-01-21 09:06:46','2022-01-21 09:07:20'),(1064,0,'vi','core/media/media','image','Hình ảnh','2022-01-21 09:06:46','2022-01-21 09:07:20'),(1065,0,'vi','core/media/media','video','Phim','2022-01-21 09:06:46','2022-01-21 09:07:20'),(1066,0,'vi','core/media/media','document','Tài liệu','2022-01-21 09:06:46','2022-01-21 09:07:20'),(1067,0,'vi','core/media/media','view_in','Chế độ xem','2022-01-21 09:06:46','2022-01-21 09:07:20'),(1068,0,'vi','core/media/media','all_media','Tất cả tập tin','2022-01-21 09:06:46','2022-01-21 09:07:20'),(1069,0,'vi','core/media/media','trash','Thùng rác','2022-01-21 09:06:46','2022-01-21 09:07:20'),(1070,0,'vi','core/media/media','recent','Gần đây','2022-01-21 09:06:46','2022-01-21 09:07:20'),(1071,0,'vi','core/media/media','favorites','Được gắn dấu sao','2022-01-21 09:06:46','2022-01-21 09:07:20'),(1072,0,'vi','core/media/media','upload','Tải lên','2022-01-21 09:06:46','2022-01-21 09:07:20'),(1073,0,'vi','core/media/media','create_folder','Tạo thư mục','2022-01-21 09:06:46','2022-01-21 09:07:20'),(1074,0,'vi','core/media/media','refresh','Làm mới','2022-01-21 09:06:46','2022-01-21 09:07:20'),(1075,0,'vi','core/media/media','empty_trash','Dọn thùng rác','2022-01-21 09:06:46','2022-01-21 09:07:20'),(1076,0,'vi','core/media/media','search_file_and_folder','Tìm kiếm tập tin và thư mục','2022-01-21 09:06:46','2022-01-21 09:07:20'),(1077,0,'vi','core/media/media','sort','Sắp xếp','2022-01-21 09:06:46','2022-01-21 09:07:20'),(1078,0,'vi','core/media/media','file_name_asc','Tên tập tin - ASC','2022-01-21 09:06:46','2022-01-21 09:07:20'),(1079,0,'vi','core/media/media','file_name_desc','Tên tập tin - DESC','2022-01-21 09:06:46','2022-01-21 09:07:20'),(1080,0,'vi','core/media/media','uploaded_date_asc','Ngày tải lên - ASC','2022-01-21 09:06:46','2022-01-21 09:07:20'),(1081,0,'vi','core/media/media','uploaded_date_desc','Ngày tải lên - DESC','2022-01-21 09:06:46','2022-01-21 09:07:20'),(1082,0,'vi','core/media/media','size_asc','Kích thước - ASC','2022-01-21 09:06:46','2022-01-21 09:07:20'),(1083,0,'vi','core/media/media','size_desc','Kích thước - DESC','2022-01-21 09:06:46','2022-01-21 09:07:20'),(1084,0,'vi','core/media/media','actions','Hành động','2022-01-21 09:06:46','2022-01-21 09:07:20'),(1085,0,'vi','core/media/media','nothing_is_selected','Không có tập tin nào được chọn','2022-01-21 09:06:46','2022-01-21 09:07:20'),(1086,0,'vi','core/media/media','insert','Chèn','2022-01-21 09:06:46','2022-01-21 09:07:20'),(1087,0,'vi','core/media/media','folder_name','Tên thư mục','2022-01-21 09:06:46','2022-01-21 09:07:20'),(1088,0,'vi','core/media/media','create','Tạo','2022-01-21 09:06:46','2022-01-21 09:07:20'),(1089,0,'vi','core/media/media','rename','Đổi tên','2022-01-21 09:06:46','2022-01-21 09:07:20'),(1090,0,'vi','core/media/media','close','Đóng','2022-01-21 09:06:46','2022-01-21 09:07:20'),(1091,0,'vi','core/media/media','save_changes','Lưu thay đổi','2022-01-21 09:06:46','2022-01-21 09:07:20'),(1092,0,'vi','core/media/media','move_to_trash','Đưa vào thùng rác','2022-01-21 09:06:46','2022-01-21 09:07:20'),(1093,0,'vi','core/media/media','confirm_trash','Bạn có chắc chắn muốn bỏ những tập tin này vào thùng rác?','2022-01-21 09:06:46','2022-01-21 09:07:20'),(1094,0,'vi','core/media/media','confirm','Xác nhận','2022-01-21 09:06:46','2022-01-21 09:07:20'),(1095,0,'vi','core/media/media','confirm_delete','Xóa tập tin','2022-01-21 09:06:46','2022-01-21 09:07:20'),(1096,0,'vi','core/media/media','confirm_delete_description','Hành động này không thể khôi phục. Bạn có chắc chắn muốn xóa các tập tin này?','2022-01-21 09:06:46','2022-01-21 09:07:20'),(1097,0,'vi','core/media/media','empty_trash_title','Dọn sạch thùng rác','2022-01-21 09:06:46','2022-01-21 09:07:20'),(1098,0,'vi','core/media/media','empty_trash_description','Hành động này không thể khôi phục. Bạn có chắc chắn muốn dọn sạch thùng rác?','2022-01-21 09:06:46','2022-01-21 09:07:20'),(1099,0,'vi','core/media/media','up_level','Quay lại một cấp','2022-01-21 09:06:46','2022-01-21 09:07:20'),(1100,0,'vi','core/media/media','upload_progress','Tiến trình tải lên','2022-01-21 09:06:46','2022-01-21 09:07:20'),(1101,0,'vi','core/media/media','folder_created','Tạo thư mục thành công!','2022-01-21 09:06:46','2022-01-21 09:07:20'),(1102,0,'vi','core/media/media','gallery','Thư viện tập tin','2022-01-21 09:06:46','2022-01-21 09:07:20'),(1103,0,'vi','core/media/media','trash_error','Có lỗi khi xóa tập tin/thư mục','2022-01-21 09:06:46','2022-01-21 09:07:20'),(1104,0,'vi','core/media/media','trash_success','Xóa tập tin/thư mục thành công!','2022-01-21 09:06:46','2022-01-21 09:07:20'),(1105,0,'vi','core/media/media','restore_error','Có lỗi trong quá trình khôi phục','2022-01-21 09:06:46','2022-01-21 09:07:20'),(1106,0,'vi','core/media/media','restore_success','Khôi phục thành công!','2022-01-21 09:06:46','2022-01-21 09:07:20'),(1107,0,'vi','core/media/media','copy_success','Sao chép thành công!','2022-01-21 09:06:46','2022-01-21 09:07:20'),(1108,0,'vi','core/media/media','delete_success','Xóa thành công!','2022-01-21 09:06:46','2022-01-21 09:07:20'),(1109,0,'vi','core/media/media','favorite_success','Thêm dấu sao thành công!','2022-01-21 09:06:46','2022-01-21 09:07:20'),(1110,0,'vi','core/media/media','remove_favorite_success','Bỏ dấu sao thành công!','2022-01-21 09:06:46','2022-01-21 09:07:20'),(1111,0,'vi','core/media/media','rename_error','Có lỗi trong quá trình đổi tên','2022-01-21 09:06:46','2022-01-21 09:07:20'),(1112,0,'vi','core/media/media','rename_success','Đổi tên thành công!','2022-01-21 09:06:46','2022-01-21 09:07:20'),(1113,0,'vi','core/media/media','invalid_action','Hành động không hợp lệ!','2022-01-21 09:06:46','2022-01-21 09:07:20'),(1114,0,'vi','core/media/media','file_not_exists','Tập tin không tồn tại!','2022-01-21 09:06:46','2022-01-21 09:07:20'),(1115,0,'vi','core/media/media','download_file_error','Có lỗi trong quá trình tải xuống tập tin!','2022-01-21 09:06:46','2022-01-21 09:07:20'),(1116,0,'vi','core/media/media','missing_zip_archive_extension','Hãy bật ZipArchive extension để tải tập tin!','2022-01-21 09:06:46','2022-01-21 09:07:20'),(1117,0,'vi','core/media/media','can_not_download_file','Không thể tải tập tin!','2022-01-21 09:06:46','2022-01-21 09:07:20'),(1118,0,'vi','core/media/media','invalid_request','Yêu cầu không hợp lệ!','2022-01-21 09:06:46','2022-01-21 09:07:20'),(1119,0,'vi','core/media/media','add_success','Thêm thành công!','2022-01-21 09:06:46','2022-01-21 09:07:20'),(1120,0,'vi','core/media/media','file_too_big','Tập tin quá lớn. Giới hạn tải lên là :size bytes','2022-01-21 09:06:46','2022-01-21 09:07:20'),(1121,0,'vi','core/media/media','can_not_detect_file_type','Loại tập tin không hợp lệ hoặc không thể xác định loại tập tin!','2022-01-21 09:06:46','2022-01-21 09:07:20'),(1122,0,'vi','core/media/media','upload_failed','The file is NOT uploaded completely. The server allows max upload file size is :size . Please check your file size OR try to upload again in case of having network errors','2022-01-21 09:06:46','2022-01-21 09:07:20'),(1123,0,'vi','core/media/media','menu_name','Quản lý tập tin','2022-01-21 09:06:46','2022-01-21 09:07:20'),(1124,0,'vi','core/media/media','add','Thêm tập tin','2022-01-21 09:06:46','2022-01-21 09:07:20'),(1125,0,'vi','core/media/media','javascript.name','Tên','2022-01-21 09:06:46','2022-01-21 09:07:20'),(1126,0,'vi','core/media/media','javascript.url','Đường dẫn','2022-01-21 09:06:46','2022-01-21 09:07:20'),(1127,0,'vi','core/media/media','javascript.full_url','Đường dẫn tuyệt đối','2022-01-21 09:06:46','2022-01-21 09:07:20'),(1128,0,'vi','core/media/media','javascript.size','Kích thước','2022-01-21 09:06:46','2022-01-21 09:07:20'),(1129,0,'vi','core/media/media','javascript.mime_type','Loại','2022-01-21 09:06:46','2022-01-21 09:07:20'),(1130,0,'vi','core/media/media','javascript.created_at','Được tải lên lúc','2022-01-21 09:06:46','2022-01-21 09:07:20'),(1131,0,'vi','core/media/media','javascript.updated_at','Được chỉnh sửa lúc','2022-01-21 09:06:46','2022-01-21 09:07:20'),(1132,0,'vi','core/media/media','javascript.nothing_selected','Bạn chưa chọn tập tin nào','2022-01-21 09:06:46','2022-01-21 09:07:20'),(1133,0,'vi','core/media/media','javascript.visit_link','Mở liên kết','2022-01-21 09:06:46','2022-01-21 09:07:20'),(1134,0,'vi','core/media/media','javascript.no_item.all_media.icon','fas fa-cloud-upload-alt','2022-01-21 09:06:46','2022-01-21 09:07:20'),(1135,0,'vi','core/media/media','javascript.no_item.all_media.title','Bạn có thể kéo thả tập tin vào đây để tải lên','2022-01-21 09:06:46','2022-01-21 09:07:20'),(1136,0,'vi','core/media/media','javascript.no_item.all_media.message','Hoặc có thể bấm nút Tải lên ở phía trên','2022-01-21 09:06:46','2022-01-21 09:07:20'),(1137,0,'vi','core/media/media','javascript.no_item.trash.icon','fas fa-trash-alt','2022-01-21 09:06:46','2022-01-21 09:07:20'),(1138,0,'vi','core/media/media','javascript.no_item.trash.title','Hiện tại không có tập tin nào trong thùng rác','2022-01-21 09:06:46','2022-01-21 09:07:20'),(1139,0,'vi','core/media/media','javascript.no_item.trash.message','Xóa tập tin sẽ đem tập tin lưu vào thùng rác. Xóa tập tin trong thùng rác sẽ xóa vĩnh viễn.','2022-01-21 09:06:46','2022-01-21 09:07:20'),(1140,0,'vi','core/media/media','javascript.no_item.favorites.icon','fas fa-star','2022-01-21 09:06:46','2022-01-21 09:07:20'),(1141,0,'vi','core/media/media','javascript.no_item.favorites.title','Bạn chưa đặt tập tin nào vào mục yêu thích','2022-01-21 09:06:46','2022-01-21 09:07:20'),(1142,0,'vi','core/media/media','javascript.no_item.favorites.message','Thêm tập tin vào mục yêu thích để tìm kiếm chúng dễ dàng sau này.','2022-01-21 09:06:46','2022-01-21 09:07:20'),(1143,0,'vi','core/media/media','javascript.no_item.recent.icon','far fa-clock','2022-01-21 09:06:46','2022-01-21 09:07:20'),(1144,0,'vi','core/media/media','javascript.no_item.recent.title','Bạn chưa mở tập tin nào.','2022-01-21 09:06:46','2022-01-21 09:07:20'),(1145,0,'vi','core/media/media','javascript.no_item.recent.message','Mục này hiển thị các tập tin bạn đã xem gần đây.','2022-01-21 09:06:46','2022-01-21 09:07:20'),(1146,0,'vi','core/media/media','javascript.no_item.default.icon','fas fa-sync','2022-01-21 09:06:46','2022-01-21 09:07:20'),(1147,0,'vi','core/media/media','javascript.no_item.default.title','Thư mục trống','2022-01-21 09:06:46','2022-01-21 09:07:20'),(1148,0,'vi','core/media/media','javascript.no_item.default.message','Thư mục này chưa có tập tin nào','2022-01-21 09:06:46','2022-01-21 09:07:20'),(1149,0,'vi','core/media/media','javascript.clipboard.success','Đường dẫn của các tập tin đã được sao chép vào clipboard','2022-01-21 09:06:46','2022-01-21 09:07:20'),(1150,0,'vi','core/media/media','javascript.message.error_header','Lỗi','2022-01-21 09:06:46','2022-01-21 09:07:20'),(1151,0,'vi','core/media/media','javascript.message.success_header','Thành công','2022-01-21 09:06:46','2022-01-21 09:07:20'),(1152,0,'vi','core/media/media','javascript.download.error','Bạn chưa chọn tập tin nào hoặc tập tin này không cho phép tải về','2022-01-21 09:06:46','2022-01-21 09:07:20'),(1153,0,'vi','core/media/media','javascript.actions_list.basic.preview','Xem trước','2022-01-21 09:06:46','2022-01-21 09:07:20'),(1154,0,'vi','core/media/media','javascript.actions_list.file.copy_link','Sao chép đường dẫn','2022-01-21 09:06:46','2022-01-21 09:07:20'),(1155,0,'vi','core/media/media','javascript.actions_list.file.rename','Đổi tên','2022-01-21 09:06:46','2022-01-21 09:07:20'),(1156,0,'vi','core/media/media','javascript.actions_list.file.make_copy','Nhân bản','2022-01-21 09:06:46','2022-01-21 09:07:20'),(1157,0,'vi','core/media/media','javascript.actions_list.user.favorite','Yêu thích','2022-01-21 09:06:46','2022-01-21 09:07:20'),(1158,0,'vi','core/media/media','javascript.actions_list.user.remove_favorite','Xóa khỏi mục yêu thích','2022-01-21 09:06:46','2022-01-21 09:07:20'),(1159,0,'vi','core/media/media','javascript.actions_list.other.download','Tải xuống','2022-01-21 09:06:46','2022-01-21 09:07:20'),(1160,0,'vi','core/media/media','javascript.actions_list.other.trash','Chuyển vào thùng rác','2022-01-21 09:06:46','2022-01-21 09:07:20'),(1161,0,'vi','core/media/media','javascript.actions_list.other.delete','Xóa hoàn toàn','2022-01-21 09:06:46','2022-01-21 09:07:20'),(1162,0,'vi','core/media/media','javascript.actions_list.other.restore','Khôi phục','2022-01-21 09:06:47','2022-01-21 09:07:20'),(1163,0,'vi','core/media/media','empty_trash_success','Dọn sạch thùng rác thành công','2022-01-21 09:06:47','2022-01-21 09:07:20'),(1164,0,'vi','core/media/media','name_invalid','Tên thư mục chứa ký tự không hợp lệ','2022-01-21 09:06:47','2022-01-21 09:07:20'),(1165,0,'en','core/setting/setting','title','Settings','2022-01-21 09:06:47','2022-01-21 09:07:20'),(1166,0,'en','core/setting/setting','email_setting_title','Email settings','2022-01-21 09:06:47','2022-01-21 09:07:20'),(1167,0,'en','core/setting/setting','general.theme','Theme','2022-01-21 09:06:47','2022-01-21 09:07:20'),(1168,0,'en','core/setting/setting','general.description','Setting site information','2022-01-21 09:06:47','2022-01-21 09:07:20'),(1169,0,'en','core/setting/setting','general.title','General','2022-01-21 09:06:47','2022-01-21 09:07:20'),(1170,0,'en','core/setting/setting','general.general_block','General Information','2022-01-21 09:06:47','2022-01-21 09:07:20'),(1171,0,'en','core/setting/setting','general.rich_editor','Rich Editor','2022-01-21 09:06:47','2022-01-21 09:07:20'),(1172,0,'en','core/setting/setting','general.site_title','Site title','2022-01-21 09:06:47','2022-01-21 09:07:20'),(1173,0,'en','core/setting/setting','general.admin_email','Admin Email','2022-01-21 09:06:47','2022-01-21 09:07:20'),(1174,0,'en','core/setting/setting','general.seo_block','SEO Configuration','2022-01-21 09:06:47','2022-01-21 09:07:20'),(1175,0,'en','core/setting/setting','general.seo_title','SEO Title','2022-01-21 09:06:47','2022-01-21 09:07:20'),(1176,0,'en','core/setting/setting','general.seo_description','SEO Description','2022-01-21 09:06:47','2022-01-21 09:07:20'),(1177,0,'en','core/setting/setting','general.webmaster_tools_block','Google Webmaster Tools','2022-01-21 09:06:47','2022-01-21 09:07:20'),(1178,0,'en','core/setting/setting','general.google_site_verification','Google site verification','2022-01-21 09:06:47','2022-01-21 09:07:20'),(1179,0,'en','core/setting/setting','general.placeholder.site_title','Site Title (maximum 120 characters)','2022-01-21 09:06:47','2022-01-21 09:07:20'),(1180,0,'en','core/setting/setting','general.placeholder.admin_email','Admin Email','2022-01-21 09:06:47','2022-01-21 09:07:20'),(1181,0,'en','core/setting/setting','general.placeholder.seo_title','SEO Title (maximum 120 characters)','2022-01-21 09:06:47','2022-01-21 09:07:20'),(1182,0,'en','core/setting/setting','general.placeholder.seo_description','SEO Description (maximum 120 characters)','2022-01-21 09:06:47','2022-01-21 09:07:20'),(1183,0,'en','core/setting/setting','general.placeholder.google_analytics','Google Analytics','2022-01-21 09:06:47','2022-01-21 09:07:20'),(1184,0,'en','core/setting/setting','general.placeholder.google_site_verification','Google Site Verification','2022-01-21 09:06:47','2022-01-21 09:07:20'),(1185,0,'en','core/setting/setting','general.cache_admin_menu','Cache admin menu?','2022-01-21 09:06:47','2022-01-21 09:07:20'),(1186,0,'en','core/setting/setting','general.enable_send_error_reporting_via_email','Enable to send error reporting via email?','2022-01-21 09:06:47','2022-01-21 09:07:20'),(1187,0,'en','core/setting/setting','general.time_zone','Timezone','2022-01-21 09:06:47','2022-01-21 09:07:20'),(1188,0,'en','core/setting/setting','general.default_admin_theme','Default admin theme','2022-01-21 09:06:47','2022-01-21 09:07:20'),(1189,0,'en','core/setting/setting','general.enable_change_admin_theme','Enable change admin theme?','2022-01-21 09:06:47','2022-01-21 09:07:20'),(1190,0,'en','core/setting/setting','general.enable','Enable','2022-01-21 09:06:47','2022-01-21 09:07:20'),(1191,0,'en','core/setting/setting','general.disable','Disable','2022-01-21 09:06:47','2022-01-21 09:07:20'),(1192,0,'en','core/setting/setting','general.enable_cache','Enable cache?','2022-01-21 09:06:47','2022-01-21 09:07:20'),(1193,0,'en','core/setting/setting','general.cache_time','Cache time (minutes)','2022-01-21 09:06:47','2022-01-21 09:07:20'),(1194,0,'en','core/setting/setting','general.cache_time_site_map','Cache Time Site map','2022-01-21 09:06:47','2022-01-21 09:07:20'),(1195,0,'en','core/setting/setting','general.admin_logo','Admin logo','2022-01-21 09:06:47','2022-01-21 09:07:20'),(1196,0,'en','core/setting/setting','general.admin_favicon','Admin favicon','2022-01-21 09:06:47','2022-01-21 09:07:20'),(1197,0,'en','core/setting/setting','general.admin_title','Admin title','2022-01-21 09:06:47','2022-01-21 09:07:20'),(1198,0,'en','core/setting/setting','general.admin_title_placeholder','Title show to tab of browser','2022-01-21 09:06:47','2022-01-21 09:07:20'),(1199,0,'en','core/setting/setting','general.cache_block','Cache','2022-01-21 09:06:47','2022-01-21 09:07:20'),(1200,0,'en','core/setting/setting','general.admin_appearance_title','Admin appearance','2022-01-21 09:06:47','2022-01-21 09:07:20'),(1201,0,'en','core/setting/setting','general.admin_appearance_description','Setting admin appearance such as editor, language...','2022-01-21 09:06:47','2022-01-21 09:07:20'),(1202,0,'en','core/setting/setting','general.seo_block_description','Setting site title, site meta description, site keyword for optimize SEO','2022-01-21 09:06:47','2022-01-21 09:07:20'),(1203,0,'en','core/setting/setting','general.webmaster_tools_description','Google Webmaster Tools (GWT) is free software that helps you manage the technical side of your website','2022-01-21 09:06:47','2022-01-21 09:07:20'),(1204,0,'en','core/setting/setting','general.cache_description','Config cache for system for optimize speed','2022-01-21 09:06:47','2022-01-21 09:07:20'),(1205,0,'en','core/setting/setting','general.yes','Yes','2022-01-21 09:06:47','2022-01-21 09:07:20'),(1206,0,'en','core/setting/setting','general.no','No','2022-01-21 09:06:47','2022-01-21 09:07:20'),(1207,0,'en','core/setting/setting','general.show_on_front','Your homepage displays','2022-01-21 09:06:47','2022-01-21 09:07:20'),(1208,0,'en','core/setting/setting','general.select','— Select —','2022-01-21 09:06:47','2022-01-21 09:07:20'),(1209,0,'en','core/setting/setting','general.show_site_name','Show site name after page title, separate with \"-\"?','2022-01-21 09:06:47','2022-01-21 09:07:20'),(1210,0,'en','core/setting/setting','general.locale','Site language','2022-01-21 09:06:47','2022-01-21 09:07:20'),(1211,0,'en','core/setting/setting','general.locale_direction','Front site language direction','2022-01-21 09:06:47','2022-01-21 09:07:20'),(1212,0,'en','core/setting/setting','general.admin_locale_direction','Admin language direction','2022-01-21 09:06:47','2022-01-21 09:07:20'),(1213,0,'en','core/setting/setting','general.admin_login_screen_backgrounds','Login screen backgrounds (~1366x768)','2022-01-21 09:06:47','2022-01-21 09:07:20'),(1214,0,'en','core/setting/setting','email.subject','Subject','2022-01-21 09:06:47','2022-01-21 09:07:20'),(1215,0,'en','core/setting/setting','email.content','Content','2022-01-21 09:06:47','2022-01-21 09:07:20'),(1216,0,'en','core/setting/setting','email.title','Setting for email template','2022-01-21 09:06:47','2022-01-21 09:07:20'),(1217,0,'en','core/setting/setting','email.description','Email template using HTML & system variables.','2022-01-21 09:06:47','2022-01-21 09:07:20'),(1218,0,'en','core/setting/setting','email.reset_to_default','Reset to default','2022-01-21 09:06:47','2022-01-21 09:07:20'),(1219,0,'en','core/setting/setting','email.back','Back to settings','2022-01-21 09:06:47','2022-01-21 09:07:20'),(1220,0,'en','core/setting/setting','email.reset_success','Reset back to default successfully','2022-01-21 09:06:47','2022-01-21 09:07:20'),(1221,0,'en','core/setting/setting','email.confirm_reset','Confirm reset email template?','2022-01-21 09:06:47','2022-01-21 09:07:20'),(1222,0,'en','core/setting/setting','email.confirm_message','Do you really want to reset this email template to default?','2022-01-21 09:06:47','2022-01-21 09:07:20'),(1223,0,'en','core/setting/setting','email.continue','Continue','2022-01-21 09:06:47','2022-01-21 09:07:20'),(1224,0,'en','core/setting/setting','email.sender_name','Sender name','2022-01-21 09:06:47','2022-01-21 09:07:20'),(1225,0,'en','core/setting/setting','email.sender_name_placeholder','Name','2022-01-21 09:06:47','2022-01-21 09:07:20'),(1226,0,'en','core/setting/setting','email.sender_email','Sender email','2022-01-21 09:06:47','2022-01-21 09:07:20'),(1227,0,'en','core/setting/setting','email.mailer','Mailer','2022-01-21 09:06:47','2022-01-21 09:07:20'),(1228,0,'en','core/setting/setting','email.port','Port','2022-01-21 09:06:47','2022-01-21 09:07:20'),(1229,0,'en','core/setting/setting','email.port_placeholder','Ex: 587','2022-01-21 09:06:47','2022-01-21 09:07:20'),(1230,0,'en','core/setting/setting','email.host','Host','2022-01-21 09:06:47','2022-01-21 09:07:20'),(1231,0,'en','core/setting/setting','email.host_placeholder','Ex: smtp.gmail.com','2022-01-21 09:06:47','2022-01-21 09:07:20'),(1232,0,'en','core/setting/setting','email.username','Username','2022-01-21 09:06:47','2022-01-21 09:07:20'),(1233,0,'en','core/setting/setting','email.username_placeholder','Username to login to mail server','2022-01-21 09:06:47','2022-01-21 09:07:20'),(1234,0,'en','core/setting/setting','email.password','Password','2022-01-21 09:06:47','2022-01-21 09:07:20'),(1235,0,'en','core/setting/setting','email.password_placeholder','Password to login to mail server','2022-01-21 09:06:47','2022-01-21 09:07:20'),(1236,0,'en','core/setting/setting','email.encryption','Encryption','2022-01-21 09:06:47','2022-01-21 09:07:20'),(1237,0,'en','core/setting/setting','email.mail_gun_domain','Domain','2022-01-21 09:06:47','2022-01-21 09:07:20'),(1238,0,'en','core/setting/setting','email.mail_gun_domain_placeholder','Domain','2022-01-21 09:06:47','2022-01-21 09:07:20'),(1239,0,'en','core/setting/setting','email.mail_gun_secret','Secret','2022-01-21 09:06:47','2022-01-21 09:07:20'),(1240,0,'en','core/setting/setting','email.mail_gun_secret_placeholder','Secret','2022-01-21 09:06:47','2022-01-21 09:07:20'),(1241,0,'en','core/setting/setting','email.mail_gun_endpoint','Endpoint','2022-01-21 09:06:47','2022-01-21 09:07:20'),(1242,0,'en','core/setting/setting','email.mail_gun_endpoint_placeholder','Endpoint','2022-01-21 09:06:47','2022-01-21 09:07:20'),(1243,0,'en','core/setting/setting','email.log_channel','Log channel','2022-01-21 09:06:47','2022-01-21 09:07:20'),(1244,0,'en','core/setting/setting','email.sendmail_path','Sendmail Path','2022-01-21 09:06:47','2022-01-21 09:07:20'),(1245,0,'en','core/setting/setting','email.encryption_placeholder','Encryption: ssl or tls','2022-01-21 09:06:47','2022-01-21 09:07:20'),(1246,0,'en','core/setting/setting','email.ses_key','Key','2022-01-21 09:06:47','2022-01-21 09:07:20'),(1247,0,'en','core/setting/setting','email.ses_key_placeholder','Key','2022-01-21 09:06:47','2022-01-21 09:07:20'),(1248,0,'en','core/setting/setting','email.ses_secret','Secret','2022-01-21 09:06:47','2022-01-21 09:07:20'),(1249,0,'en','core/setting/setting','email.ses_secret_placeholder','Secret','2022-01-21 09:06:47','2022-01-21 09:07:20'),(1250,0,'en','core/setting/setting','email.ses_region','Region','2022-01-21 09:06:47','2022-01-21 09:07:20'),(1251,0,'en','core/setting/setting','email.ses_region_placeholder','Region','2022-01-21 09:06:47','2022-01-21 09:07:20'),(1252,0,'en','core/setting/setting','email.postmark_token','Token','2022-01-21 09:06:47','2022-01-21 09:07:20'),(1253,0,'en','core/setting/setting','email.postmark_token_placeholder','Token','2022-01-21 09:06:47','2022-01-21 09:07:20'),(1254,0,'en','core/setting/setting','email.template_title','Email templates','2022-01-21 09:06:47','2022-01-21 09:07:20'),(1255,0,'en','core/setting/setting','email.template_description','Base templates for all emails','2022-01-21 09:06:47','2022-01-21 09:07:20'),(1256,0,'en','core/setting/setting','email.template_header','Email template header','2022-01-21 09:06:47','2022-01-21 09:07:20'),(1257,0,'en','core/setting/setting','email.template_header_description','Template for header of emails','2022-01-21 09:06:47','2022-01-21 09:07:20'),(1258,0,'en','core/setting/setting','email.template_footer','Email template footer','2022-01-21 09:06:47','2022-01-21 09:07:20'),(1259,0,'en','core/setting/setting','email.template_footer_description','Template for footer of emails','2022-01-21 09:06:47','2022-01-21 09:07:20'),(1260,0,'en','core/setting/setting','email.default','Default','2022-01-21 09:06:47','2022-01-21 09:07:20'),(1261,0,'en','core/setting/setting','email.using_queue_to_send_mail','Using queue job to send emails (Must to setup Queue first https://laravel.com/docs/queues#supervisor-configuration)','2022-01-21 09:06:47','2022-01-21 09:07:20'),(1262,0,'en','core/setting/setting','media.title','Media','2022-01-21 09:06:47','2022-01-21 09:07:20'),(1263,0,'en','core/setting/setting','media.driver','Driver','2022-01-21 09:06:47','2022-01-21 09:07:20'),(1264,0,'en','core/setting/setting','media.description','Settings for media','2022-01-21 09:06:47','2022-01-21 09:07:20'),(1265,0,'en','core/setting/setting','media.aws_access_key_id','AWS Access Key ID','2022-01-21 09:06:47','2022-01-21 09:07:20'),(1266,0,'en','core/setting/setting','media.aws_secret_key','AWS Secret Key','2022-01-21 09:06:47','2022-01-21 09:07:20'),(1267,0,'en','core/setting/setting','media.aws_default_region','AWS Default Region','2022-01-21 09:06:47','2022-01-21 09:07:20'),(1268,0,'en','core/setting/setting','media.aws_bucket','AWS Bucket','2022-01-21 09:06:47','2022-01-21 09:07:20'),(1269,0,'en','core/setting/setting','media.aws_url','AWS URL','2022-01-21 09:06:47','2022-01-21 09:07:20'),(1270,0,'en','core/setting/setting','media.aws_endpoint','AWS Endpoint (Optional)','2022-01-21 09:06:47','2022-01-21 09:07:20'),(1271,0,'en','core/setting/setting','media.do_spaces_access_key_id','DO Spaces Access Key ID','2022-01-21 09:06:47','2022-01-21 09:07:20'),(1272,0,'en','core/setting/setting','media.do_spaces_secret_key','DO Spaces Secret Key','2022-01-21 09:06:47','2022-01-21 09:07:20'),(1273,0,'en','core/setting/setting','media.do_spaces_default_region','DO Spaces Default Region','2022-01-21 09:06:47','2022-01-21 09:07:20'),(1274,0,'en','core/setting/setting','media.do_spaces_bucket','DO Spaces Bucket','2022-01-21 09:06:47','2022-01-21 09:07:20'),(1275,0,'en','core/setting/setting','media.do_spaces_endpoint','DO Spaces Endpoint','2022-01-21 09:06:47','2022-01-21 09:07:20'),(1276,0,'en','core/setting/setting','media.do_spaces_cdn_enabled','Is DO Spaces CDN enabled?','2022-01-21 09:06:47','2022-01-21 09:07:20'),(1277,0,'en','core/setting/setting','media.media_do_spaces_cdn_custom_domain','Do Spaces CDN custom domain','2022-01-21 09:06:47','2022-01-21 09:07:20'),(1278,0,'en','core/setting/setting','media.media_do_spaces_cdn_custom_domain_placeholder','https://your-custom-domain.com','2022-01-21 09:06:47','2022-01-21 09:07:20'),(1279,0,'en','core/setting/setting','media.wasabi_access_key_id','Wasabi Access Key ID','2022-01-21 09:06:47','2022-01-21 09:07:20'),(1280,0,'en','core/setting/setting','media.wasabi_secret_key','Wasabi Secret Key','2022-01-21 09:06:47','2022-01-21 09:07:20'),(1281,0,'en','core/setting/setting','media.wasabi_default_region','Wasabi Default Region','2022-01-21 09:06:47','2022-01-21 09:07:20'),(1282,0,'en','core/setting/setting','media.wasabi_bucket','Wasabi Bucket','2022-01-21 09:06:47','2022-01-21 09:07:20'),(1283,0,'en','core/setting/setting','media.wasabi_root','Wasabi Root','2022-01-21 09:06:47','2022-01-21 09:07:20'),(1284,0,'en','core/setting/setting','media.default_placeholder_image','Default placeholder image','2022-01-21 09:06:47','2022-01-21 09:07:20'),(1285,0,'en','core/setting/setting','media.enable_chunk','Enable chunk size upload?','2022-01-21 09:06:47','2022-01-21 09:07:20'),(1286,0,'en','core/setting/setting','media.chunk_size','Chunk size (Bytes)','2022-01-21 09:06:47','2022-01-21 09:07:20'),(1287,0,'en','core/setting/setting','media.chunk_size_placeholder','Default: 1048576 ~ 1MB','2022-01-21 09:06:47','2022-01-21 09:07:20'),(1288,0,'en','core/setting/setting','media.max_file_size','Chunk max file size (MB)','2022-01-21 09:06:47','2022-01-21 09:07:20'),(1289,0,'en','core/setting/setting','media.max_file_size_placeholder','Default: 1048576 ~ 1GB','2022-01-21 09:06:47','2022-01-21 09:07:20'),(1290,0,'en','core/setting/setting','media.enable_watermark','Enable watermark?','2022-01-21 09:06:47','2022-01-21 09:07:20'),(1291,0,'en','core/setting/setting','media.watermark_source','Watermark image','2022-01-21 09:06:47','2022-01-21 09:07:20'),(1292,0,'en','core/setting/setting','media.watermark_size','Size of watermark (%)','2022-01-21 09:06:47','2022-01-21 09:07:20'),(1293,0,'en','core/setting/setting','media.watermark_size_placeholder','Default: 10 (%)','2022-01-21 09:06:47','2022-01-21 09:07:20'),(1294,0,'en','core/setting/setting','media.watermark_opacity','Watermark Opacity (%)','2022-01-21 09:06:47','2022-01-21 09:07:20'),(1295,0,'en','core/setting/setting','media.watermark_opacity_placeholder','Default: 70 (%)','2022-01-21 09:06:47','2022-01-21 09:07:20'),(1296,0,'en','core/setting/setting','media.watermark_position','Watermark position','2022-01-21 09:06:47','2022-01-21 09:07:20'),(1297,0,'en','core/setting/setting','media.watermark_position_x','Watermark position X','2022-01-21 09:06:47','2022-01-21 09:07:20'),(1298,0,'en','core/setting/setting','media.watermark_position_y','Watermark position Y','2022-01-21 09:06:47','2022-01-21 09:07:20'),(1299,0,'en','core/setting/setting','media.watermark_position_top_left','Top left','2022-01-21 09:06:47','2022-01-21 09:07:20'),(1300,0,'en','core/setting/setting','media.watermark_position_top_right','Top right','2022-01-21 09:06:47','2022-01-21 09:07:20'),(1301,0,'en','core/setting/setting','media.watermark_position_bottom_left','Bottom left','2022-01-21 09:06:47','2022-01-21 09:07:20'),(1302,0,'en','core/setting/setting','media.watermark_position_bottom_right','Bottom right','2022-01-21 09:06:47','2022-01-21 09:07:20'),(1303,0,'en','core/setting/setting','media.watermark_position_center','Center','2022-01-21 09:06:47','2022-01-21 09:07:20'),(1304,0,'en','core/setting/setting','media.turn_off_automatic_url_translation_into_latin','Turn off automatic URL translation into Latin?','2022-01-21 09:06:47','2022-01-21 09:07:20'),(1305,0,'en','core/setting/setting','media.bunnycdn_hostname','Hostname','2022-01-21 09:06:47','2022-01-21 09:07:20'),(1306,0,'en','core/setting/setting','media.bunnycdn_zone','Zone Name (The name of your storage zone)','2022-01-21 09:06:47','2022-01-21 09:07:20'),(1307,0,'en','core/setting/setting','media.bunnycdn_key','FTP & API Access Password (The storage zone API Access Password)','2022-01-21 09:06:47','2022-01-21 09:07:20'),(1308,0,'en','core/setting/setting','media.bunnycdn_region','Region (The storage zone region)','2022-01-21 09:06:47','2022-01-21 09:07:20'),(1309,0,'en','core/setting/setting','media.optional','Optional','2022-01-21 09:06:47','2022-01-21 09:07:20'),(1310,0,'en','core/setting/setting','license.purchase_code','Purchase code','2022-01-21 09:06:47','2022-01-21 09:07:20'),(1311,0,'en','core/setting/setting','license.buyer','Buyer','2022-01-21 09:06:47','2022-01-21 09:07:20'),(1312,0,'en','core/setting/setting','field_type_not_exists','This field type does not exist','2022-01-21 09:06:47','2022-01-21 09:07:20'),(1313,0,'en','core/setting/setting','save_settings','Save settings','2022-01-21 09:06:47','2022-01-21 09:07:20'),(1314,0,'en','core/setting/setting','template','Template','2022-01-21 09:06:47','2022-01-21 09:07:20'),(1315,0,'en','core/setting/setting','description','Description','2022-01-21 09:06:47','2022-01-21 09:07:20'),(1316,0,'en','core/setting/setting','enable','Enable','2022-01-21 09:06:47','2022-01-21 09:07:20'),(1317,0,'en','core/setting/setting','send','Send','2022-01-21 09:06:47','2022-01-21 09:07:20'),(1318,0,'en','core/setting/setting','test_email_description','To send test email, please make sure you are updated configuration to send mail!','2022-01-21 09:06:47','2022-01-21 09:07:20'),(1319,0,'en','core/setting/setting','test_email_input_placeholder','Enter the email which you want to send test email.','2022-01-21 09:06:47','2022-01-21 09:07:20'),(1320,0,'en','core/setting/setting','test_email_modal_title','Send a test email','2022-01-21 09:06:47','2022-01-21 09:07:20'),(1321,0,'en','core/setting/setting','test_send_mail','Send test mail','2022-01-21 09:06:47','2022-01-21 09:07:20'),(1322,0,'en','core/setting/setting','test_email_send_success','Send email successfully!','2022-01-21 09:06:47','2022-01-21 09:07:20'),(1323,0,'en','core/setting/setting','locale_direction_ltr','Left to Right','2022-01-21 09:06:47','2022-01-21 09:07:20'),(1324,0,'en','core/setting/setting','locale_direction_rtl','Right to Left','2022-01-21 09:06:47','2022-01-21 09:07:20'),(1325,0,'en','core/setting/setting','saving','Saving...','2022-01-21 09:06:47','2022-01-21 09:07:20'),(1326,0,'en','core/setting/setting','emails_warning','You can add up to :count emails','2022-01-21 09:06:47','2022-01-21 09:07:20'),(1327,0,'en','core/setting/setting','email_add_more','Add more','2022-01-21 09:06:47','2022-01-21 09:07:20'),(1328,0,'vi','core/setting/setting','title','Cài đặt','2022-01-21 09:06:47','2022-01-21 09:07:20'),(1329,0,'vi','core/setting/setting','general.theme','Giao diện','2022-01-21 09:06:47','2022-01-21 09:07:20'),(1330,0,'vi','core/setting/setting','general.description','Cấu hình những thông tin cài đặt website.','2022-01-21 09:06:47','2022-01-21 09:07:20'),(1331,0,'vi','core/setting/setting','general.title','Thông tin chung','2022-01-21 09:06:47','2022-01-21 09:07:20'),(1332,0,'vi','core/setting/setting','general.general_block','Thông tin chung','2022-01-21 09:06:47','2022-01-21 09:07:20'),(1333,0,'vi','core/setting/setting','general.site_title','Tên trang','2022-01-21 09:06:47','2022-01-21 09:07:20'),(1334,0,'vi','core/setting/setting','general.admin_email','Email quản trị viên','2022-01-21 09:06:47','2022-01-21 09:07:20'),(1335,0,'vi','core/setting/setting','general.seo_block','Cấu hình SEO','2022-01-21 09:06:47','2022-01-21 09:07:20'),(1336,0,'vi','core/setting/setting','general.seo_title','Tiêu đề SEO','2022-01-21 09:06:47','2022-01-21 09:07:20'),(1337,0,'vi','core/setting/setting','general.seo_description','Mô tả SEO','2022-01-21 09:06:47','2022-01-21 09:07:20'),(1338,0,'vi','core/setting/setting','general.webmaster_tools_block','Google Webmaster Tools','2022-01-21 09:06:47','2022-01-21 09:07:20'),(1339,0,'vi','core/setting/setting','general.google_site_verification','Google site verification','2022-01-21 09:06:47','2022-01-21 09:07:20'),(1340,0,'vi','core/setting/setting','general.placeholder.site_title','Tên trang (tối đa 120 kí tự)','2022-01-21 09:06:47','2022-01-21 09:07:20'),(1341,0,'vi','core/setting/setting','general.placeholder.admin_email','Admin Email','2022-01-21 09:06:47','2022-01-21 09:07:20'),(1342,0,'vi','core/setting/setting','general.placeholder.google_analytics','Ví dụ: UA-42767940-2','2022-01-21 09:06:47','2022-01-21 09:07:20'),(1343,0,'vi','core/setting/setting','general.placeholder.google_site_verification','Mã xác nhận trang web dùng cho Google Webmaster Tool','2022-01-21 09:06:47','2022-01-21 09:07:20'),(1344,0,'vi','core/setting/setting','general.placeholder.seo_title','Tiêu đề SEO (tối đa 120 kí tự)','2022-01-21 09:06:47','2022-01-21 09:07:20'),(1345,0,'vi','core/setting/setting','general.placeholder.seo_description','Mô tả SEO (tối đa 120 kí tự)','2022-01-21 09:06:47','2022-01-21 09:07:20'),(1346,0,'vi','core/setting/setting','general.enable_change_admin_theme','Cho phép thay đổi giao diện quản trị?','2022-01-21 09:06:47','2022-01-21 09:07:20'),(1347,0,'vi','core/setting/setting','general.enable','Bật','2022-01-21 09:06:47','2022-01-21 09:07:20'),(1348,0,'vi','core/setting/setting','general.disable','Tắt','2022-01-21 09:06:47','2022-01-21 09:07:20'),(1349,0,'vi','core/setting/setting','general.enable_cache','Bật bộ nhớ đệm?','2022-01-21 09:06:47','2022-01-21 09:07:20'),(1350,0,'vi','core/setting/setting','general.cache_time','Thời gian lưu bộ nhớ đệm (phút)','2022-01-21 09:06:47','2022-01-21 09:07:20'),(1351,0,'vi','core/setting/setting','general.cache_time_site_map','Thời gian lưu sơ đồ trang trong bộ nhớ đệm','2022-01-21 09:06:47','2022-01-21 09:07:20'),(1352,0,'vi','core/setting/setting','general.admin_logo','Logo trang quản trị','2022-01-21 09:06:47','2022-01-21 09:07:20'),(1353,0,'vi','core/setting/setting','general.admin_title','Tiêu đề trang quản trị','2022-01-21 09:06:47','2022-01-21 09:07:20'),(1354,0,'vi','core/setting/setting','general.admin_title_placeholder','Tiêu đề hiển thị trên thẻ trình duyệt','2022-01-21 09:06:47','2022-01-21 09:07:20'),(1355,0,'vi','core/setting/setting','general.rich_editor','Bộ soạn thảo văn bản','2022-01-21 09:06:47','2022-01-21 09:07:20'),(1356,0,'vi','core/setting/setting','general.cache_block','Bộ nhớ đệm','2022-01-21 09:06:47','2022-01-21 09:07:20'),(1357,0,'vi','core/setting/setting','general.yes','Bật','2022-01-21 09:06:47','2022-01-21 09:07:20'),(1358,0,'vi','core/setting/setting','general.no','Tắt','2022-01-21 09:06:47','2022-01-21 09:07:20'),(1359,0,'vi','core/setting/setting','email.subject','Tiêu đề','2022-01-21 09:06:47','2022-01-21 09:07:20'),(1360,0,'vi','core/setting/setting','email.content','Nội dung','2022-01-21 09:06:47','2022-01-21 09:07:20'),(1361,0,'vi','core/setting/setting','email.title','Cấu hình email template','2022-01-21 09:06:47','2022-01-21 09:07:20'),(1362,0,'vi','core/setting/setting','email.description','Cấu trúc file template sử dụng HTML và các biến trong hệ thống.','2022-01-21 09:06:47','2022-01-21 09:07:20'),(1363,0,'vi','core/setting/setting','email.reset_to_default','Khôi phục về mặc định','2022-01-21 09:06:47','2022-01-21 09:07:20'),(1364,0,'vi','core/setting/setting','email.back','Trở lại trang cài đặt','2022-01-21 09:06:47','2022-01-21 09:07:20'),(1365,0,'vi','core/setting/setting','email.reset_success','Khôi phục mặc định thành công','2022-01-21 09:06:47','2022-01-21 09:07:20'),(1366,0,'vi','core/setting/setting','email.confirm_reset','Xác nhận khôi phục mặc định?','2022-01-21 09:06:47','2022-01-21 09:07:20'),(1367,0,'vi','core/setting/setting','email.confirm_message','Bạn có chắc chắn muốn khôi phục về bản mặc định?','2022-01-21 09:06:47','2022-01-21 09:07:20'),(1368,0,'vi','core/setting/setting','email.continue','Tiếp tục','2022-01-21 09:06:47','2022-01-21 09:07:20'),(1369,0,'vi','core/setting/setting','email.sender_name','Tên người gửi','2022-01-21 09:06:47','2022-01-21 09:07:20'),(1370,0,'vi','core/setting/setting','email.sender_name_placeholder','Tên','2022-01-21 09:06:47','2022-01-21 09:07:20'),(1371,0,'vi','core/setting/setting','email.sender_email','Email của người gửi','2022-01-21 09:06:47','2022-01-21 09:07:20'),(1372,0,'vi','core/setting/setting','email.port','Cổng','2022-01-21 09:06:47','2022-01-21 09:07:20'),(1373,0,'vi','core/setting/setting','email.port_placeholder','Ví dụ: 587','2022-01-21 09:06:47','2022-01-21 09:07:20'),(1374,0,'vi','core/setting/setting','email.host','Máy chủ','2022-01-21 09:06:47','2022-01-21 09:07:20'),(1375,0,'vi','core/setting/setting','email.host_placeholder','Ví dụ: smtp.gmail.com','2022-01-21 09:06:47','2022-01-21 09:07:20'),(1376,0,'vi','core/setting/setting','email.username','Tên đăng nhập','2022-01-21 09:06:47','2022-01-21 09:07:20'),(1377,0,'vi','core/setting/setting','email.username_placeholder','Tên đăng nhập vào máy chủ mail','2022-01-21 09:06:47','2022-01-21 09:07:20'),(1378,0,'vi','core/setting/setting','email.password','Mật khẩu','2022-01-21 09:06:47','2022-01-21 09:07:20'),(1379,0,'vi','core/setting/setting','email.password_placeholder','Mật khẩu đăng nhập vào máy chủ mail','2022-01-21 09:06:47','2022-01-21 09:07:20'),(1380,0,'vi','core/setting/setting','email.encryption','Mã hoá','2022-01-21 09:06:47','2022-01-21 09:07:20'),(1381,0,'vi','core/setting/setting','email.mail_gun_domain','Tên miền','2022-01-21 09:06:47','2022-01-21 09:07:20'),(1382,0,'vi','core/setting/setting','email.mail_gun_domain_placeholder','Tên miền','2022-01-21 09:06:47','2022-01-21 09:07:20'),(1383,0,'vi','core/setting/setting','email.mail_gun_secret','Chuỗi bí mật','2022-01-21 09:06:47','2022-01-21 09:07:20'),(1384,0,'vi','core/setting/setting','email.mail_gun_secret_placeholder','Chuỗi bí mật','2022-01-21 09:06:47','2022-01-21 09:07:20'),(1385,0,'vi','core/setting/setting','email.template_title','Mẫu giao diện email','2022-01-21 09:06:47','2022-01-21 09:07:20'),(1386,0,'vi','core/setting/setting','email.template_description','Giao diện mặc định cho tất cả email','2022-01-21 09:06:47','2022-01-21 09:07:20'),(1387,0,'vi','core/setting/setting','email.template_header','Mẫu cho phần trên của email','2022-01-21 09:06:47','2022-01-21 09:07:20'),(1388,0,'vi','core/setting/setting','email.template_header_description','Phần trên của tất cả email','2022-01-21 09:06:47','2022-01-21 09:07:20'),(1389,0,'vi','core/setting/setting','email.template_footer','Mẫu cho phần dưới của email','2022-01-21 09:06:47','2022-01-21 09:07:20'),(1390,0,'vi','core/setting/setting','email.template_footer_description','Phần dưới của tất cả email','2022-01-21 09:06:47','2022-01-21 09:07:20'),(1391,0,'vi','core/setting/setting','save_settings','Lưu cài đặt','2022-01-21 09:06:47','2022-01-21 09:07:20'),(1392,0,'vi','core/setting/setting','template','Mẫu','2022-01-21 09:06:47','2022-01-21 09:07:20'),(1393,0,'vi','core/setting/setting','description','Mô tả','2022-01-21 09:06:47','2022-01-21 09:07:20'),(1394,0,'vi','core/setting/setting','enable','Bật','2022-01-21 09:06:47','2022-01-21 09:07:20'),(1395,0,'vi','core/setting/setting','test_send_mail','Gửi thử nghiệm','2022-01-21 09:06:47','2022-01-21 09:07:20'),(1396,0,'en','core/table/general','operations','Operations','2022-01-21 09:06:47','2022-01-21 09:07:20'),(1397,0,'en','core/table/general','loading_data','Loading data from server','2022-01-21 09:06:47','2022-01-21 09:07:20'),(1398,0,'en','core/table/general','display','Display','2022-01-21 09:06:47','2022-01-21 09:07:20'),(1399,0,'en','core/table/general','all','All','2022-01-21 09:06:47','2022-01-21 09:07:20'),(1400,0,'en','core/table/general','edit_entry','Edit','2022-01-21 09:06:47','2022-01-21 09:07:20'),(1401,0,'en','core/table/general','delete_entry','Delete','2022-01-21 09:06:47','2022-01-21 09:07:20'),(1402,0,'en','core/table/general','show_from','Showing from','2022-01-21 09:06:47','2022-01-21 09:07:20'),(1403,0,'en','core/table/general','to','to','2022-01-21 09:06:47','2022-01-21 09:07:20'),(1404,0,'en','core/table/general','in','in','2022-01-21 09:06:47','2022-01-21 09:07:20'),(1405,0,'en','core/table/general','records','records','2022-01-21 09:06:47','2022-01-21 09:07:20'),(1406,0,'en','core/table/general','no_data','No data to display','2022-01-21 09:06:47','2022-01-21 09:07:20'),(1407,0,'en','core/table/general','no_record','No record','2022-01-21 09:06:47','2022-01-21 09:07:20'),(1408,0,'en','core/table/general','loading','Loading data from server','2022-01-21 09:06:47','2022-01-21 09:07:20'),(1409,0,'en','core/table/general','confirm_delete','Confirm delete','2022-01-21 09:06:47','2022-01-21 09:07:20'),(1410,0,'en','core/table/general','confirm_delete_msg','Do you really want to delete this record?','2022-01-21 09:06:47','2022-01-21 09:07:20'),(1411,0,'en','core/table/general','cancel','Cancel','2022-01-21 09:06:47','2022-01-21 09:07:20'),(1412,0,'en','core/table/general','delete','Delete','2022-01-21 09:06:47','2022-01-21 09:07:20'),(1413,0,'en','core/table/general','close','Close','2022-01-21 09:06:47','2022-01-21 09:07:20'),(1414,0,'en','core/table/general','contains','Contains','2022-01-21 09:06:47','2022-01-21 09:07:20'),(1415,0,'en','core/table/general','is_equal_to','Is equal to','2022-01-21 09:06:47','2022-01-21 09:07:20'),(1416,0,'en','core/table/general','greater_than','Greater than','2022-01-21 09:06:47','2022-01-21 09:07:20'),(1417,0,'en','core/table/general','less_than','Less than','2022-01-21 09:06:47','2022-01-21 09:07:20'),(1418,0,'en','core/table/general','value','Value','2022-01-21 09:06:47','2022-01-21 09:07:20'),(1419,0,'en','core/table/general','select_field','Select field','2022-01-21 09:06:47','2022-01-21 09:07:20'),(1420,0,'en','core/table/general','reset','Reset','2022-01-21 09:06:47','2022-01-21 09:07:20'),(1421,0,'en','core/table/general','add_additional_filter','Add additional filter','2022-01-21 09:06:47','2022-01-21 09:07:20'),(1422,0,'en','core/table/general','apply','Apply','2022-01-21 09:06:47','2022-01-21 09:07:20'),(1423,0,'en','core/table/general','filters','Filters','2022-01-21 09:06:47','2022-01-21 09:07:20'),(1424,0,'en','core/table/general','bulk_change','Bulk changes','2022-01-21 09:06:47','2022-01-21 09:07:20'),(1425,0,'en','core/table/general','select_option','Select option','2022-01-21 09:06:47','2022-01-21 09:07:20'),(1426,0,'en','core/table/general','bulk_actions','Bulk Actions','2022-01-21 09:06:47','2022-01-21 09:07:20'),(1427,0,'en','core/table/general','save_bulk_change_success','Update data for selected record(s) successfully!','2022-01-21 09:06:47','2022-01-21 09:07:20'),(1428,0,'en','core/table/general','please_select_record','Please select at least one record to perform this action!','2022-01-21 09:06:47','2022-01-21 09:07:20'),(1429,0,'en','core/table/general','filtered','(filtered from _MAX_ total records)','2022-01-21 09:06:47','2022-01-21 09:07:20'),(1430,0,'en','core/table/general','search','Search...','2022-01-21 09:06:47','2022-01-21 09:07:20'),(1431,0,'en','core/table/table','operations','Operations','2022-01-21 09:06:47','2022-01-21 09:07:20'),(1432,0,'en','core/table/table','loading_data','Loading data from server','2022-01-21 09:06:47','2022-01-21 09:07:20'),(1433,0,'en','core/table/table','display','Display','2022-01-21 09:06:47','2022-01-21 09:07:20'),(1434,0,'en','core/table/table','all','All','2022-01-21 09:06:47','2022-01-21 09:07:20'),(1435,0,'en','core/table/table','edit_entry','Edit','2022-01-21 09:06:47','2022-01-21 09:07:20'),(1436,0,'en','core/table/table','delete_entry','Delete','2022-01-21 09:06:47','2022-01-21 09:07:20'),(1437,0,'en','core/table/table','show_from','Showing from','2022-01-21 09:06:47','2022-01-21 09:07:20'),(1438,0,'en','core/table/table','to','to','2022-01-21 09:06:47','2022-01-21 09:07:20'),(1439,0,'en','core/table/table','in','in','2022-01-21 09:06:47','2022-01-21 09:07:20'),(1440,0,'en','core/table/table','records','records','2022-01-21 09:06:47','2022-01-21 09:07:20'),(1441,0,'en','core/table/table','no_data','No data to display','2022-01-21 09:06:47','2022-01-21 09:07:20'),(1442,0,'en','core/table/table','no_record','No record','2022-01-21 09:06:47','2022-01-21 09:07:20'),(1443,0,'en','core/table/table','loading','Loading data from server','2022-01-21 09:06:47','2022-01-21 09:07:20'),(1444,0,'en','core/table/table','confirm_delete','Confirm delete','2022-01-21 09:06:47','2022-01-21 09:07:20'),(1445,0,'en','core/table/table','confirm_delete_msg','Do you really want to delete this record?','2022-01-21 09:06:47','2022-01-21 09:07:20'),(1446,0,'en','core/table/table','cancel','Cancel','2022-01-21 09:06:47','2022-01-21 09:07:20'),(1447,0,'en','core/table/table','delete','Delete','2022-01-21 09:06:47','2022-01-21 09:07:20'),(1448,0,'en','core/table/table','close','Close','2022-01-21 09:06:47','2022-01-21 09:07:20'),(1449,0,'en','core/table/table','contains','Contains','2022-01-21 09:06:47','2022-01-21 09:07:20'),(1450,0,'en','core/table/table','is_equal_to','Is equal to','2022-01-21 09:06:47','2022-01-21 09:07:20'),(1451,0,'en','core/table/table','greater_than','Greater than','2022-01-21 09:06:47','2022-01-21 09:07:20'),(1452,0,'en','core/table/table','less_than','Less than','2022-01-21 09:06:47','2022-01-21 09:07:20'),(1453,0,'en','core/table/table','value','Value','2022-01-21 09:06:47','2022-01-21 09:07:20'),(1454,0,'en','core/table/table','select_field','Select field','2022-01-21 09:06:47','2022-01-21 09:07:20'),(1455,0,'en','core/table/table','reset','Reset','2022-01-21 09:06:47','2022-01-21 09:07:20'),(1456,0,'en','core/table/table','add_additional_filter','Add additional filter','2022-01-21 09:06:47','2022-01-21 09:07:20'),(1457,0,'en','core/table/table','apply','Apply','2022-01-21 09:06:47','2022-01-21 09:07:20'),(1458,0,'en','core/table/table','filters','Filters','2022-01-21 09:06:47','2022-01-21 09:07:20'),(1459,0,'en','core/table/table','bulk_change','Bulk changes','2022-01-21 09:06:47','2022-01-21 09:07:20'),(1460,0,'en','core/table/table','select_option','Select option','2022-01-21 09:06:47','2022-01-21 09:07:20'),(1461,0,'en','core/table/table','bulk_actions','Bulk Actions','2022-01-21 09:06:47','2022-01-21 09:07:20'),(1462,0,'en','core/table/table','save_bulk_change_success','Update data for selected record(s) successfully!','2022-01-21 09:06:47','2022-01-21 09:07:20'),(1463,0,'en','core/table/table','please_select_record','Please select at least one record to perform this action!','2022-01-21 09:06:47','2022-01-21 09:07:20'),(1464,0,'en','core/table/table','filtered','(filtered from _MAX_ total records)','2022-01-21 09:06:47','2022-01-21 09:07:20'),(1465,0,'en','core/table/table','search','Search...','2022-01-21 09:06:47','2022-01-21 09:07:20'),(1466,0,'vi','core/table/general','operations','Hành động','2022-01-21 09:06:47','2022-01-21 09:07:20'),(1467,0,'vi','core/table/general','loading_data','Đang tải dữ liệu từ hệ thống','2022-01-21 09:06:47','2022-01-21 09:07:20'),(1468,0,'vi','core/table/general','display','Hiển thị','2022-01-21 09:06:47','2022-01-21 09:07:20'),(1469,0,'vi','core/table/general','all','Tất cả','2022-01-21 09:06:47','2022-01-21 09:07:20'),(1470,0,'vi','core/table/general','edit_entry','Sửa','2022-01-21 09:06:47','2022-01-21 09:07:20'),(1471,0,'vi','core/table/general','delete_entry','Xoá','2022-01-21 09:06:47','2022-01-21 09:07:20'),(1472,0,'vi','core/table/general','show_from','Hiển thị từ','2022-01-21 09:06:47','2022-01-21 09:07:20'),(1473,0,'vi','core/table/general','to','đến','2022-01-21 09:06:47','2022-01-21 09:07:20'),(1474,0,'vi','core/table/general','in','trong tổng số','2022-01-21 09:06:47','2022-01-21 09:07:20'),(1475,0,'vi','core/table/general','records','bản ghi','2022-01-21 09:06:47','2022-01-21 09:07:20'),(1476,0,'vi','core/table/general','no_data','Không có dữ liệu để hiển thị','2022-01-21 09:06:47','2022-01-21 09:07:20'),(1477,0,'vi','core/table/general','no_record','không có bản ghi nào','2022-01-21 09:06:47','2022-01-21 09:07:20'),(1478,0,'vi','core/table/general','loading','Đang tải dữ liệu từ hệ thống','2022-01-21 09:06:47','2022-01-21 09:07:20'),(1479,0,'vi','core/table/general','confirm_delete','Xác nhận xoá','2022-01-21 09:06:47','2022-01-21 09:07:20'),(1480,0,'vi','core/table/general','confirm_delete_msg','Bạn có chắc chắn muốn xoá bản ghi này?','2022-01-21 09:06:47','2022-01-21 09:07:20'),(1481,0,'vi','core/table/general','cancel','Huỷ bỏ','2022-01-21 09:06:47','2022-01-21 09:07:20'),(1482,0,'vi','core/table/general','delete','Xoá','2022-01-21 09:06:47','2022-01-21 09:07:20'),(1483,0,'vi','core/table/general','close','Đóng','2022-01-21 09:06:47','2022-01-21 09:07:20'),(1484,0,'vi','core/table/general','is_equal_to','Bằng với','2022-01-21 09:06:47','2022-01-21 09:07:20'),(1485,0,'vi','core/table/general','greater_than','Lớn hơn','2022-01-21 09:06:47','2022-01-21 09:07:20'),(1486,0,'vi','core/table/general','less_than','Nhỏ hơn','2022-01-21 09:06:47','2022-01-21 09:07:20'),(1487,0,'vi','core/table/general','value','Giá trị','2022-01-21 09:06:47','2022-01-21 09:07:20'),(1488,0,'vi','core/table/general','select_field','Chọn trường','2022-01-21 09:06:47','2022-01-21 09:07:20'),(1489,0,'vi','core/table/general','reset','Làm mới','2022-01-21 09:06:47','2022-01-21 09:07:20'),(1490,0,'vi','core/table/general','add_additional_filter','Thêm bộ lọc','2022-01-21 09:06:47','2022-01-21 09:07:20'),(1491,0,'vi','core/table/general','apply','Áp dụng','2022-01-21 09:06:47','2022-01-21 09:07:20'),(1492,0,'vi','core/table/general','select_option','Lựa chọn','2022-01-21 09:06:47','2022-01-21 09:07:20'),(1493,0,'vi','core/table/general','filters','Lọc dữ liệu','2022-01-21 09:06:47','2022-01-21 09:07:20'),(1494,0,'vi','core/table/general','bulk_change','Thay đổi hàng loạt','2022-01-21 09:06:47','2022-01-21 09:07:20'),(1495,0,'vi','core/table/general','bulk_actions','Hành động','2022-01-21 09:06:47','2022-01-21 09:07:20'),(1496,0,'vi','core/table/general','contains','Bao gồm','2022-01-21 09:06:47','2022-01-21 09:07:20'),(1497,0,'vi','core/table/general','filtered','(đã được lọc từ _MAX_ bản ghi)','2022-01-21 09:06:47','2022-01-21 09:07:20'),(1498,0,'en','packages/menu/menu','name','Menus','2022-01-21 09:06:47','2022-01-21 09:07:20'),(1499,0,'en','packages/menu/menu','key_name','Menu name (key: :key)','2022-01-21 09:06:47','2022-01-21 09:07:20'),(1500,0,'en','packages/menu/menu','basic_info','Basic information','2022-01-21 09:06:47','2022-01-21 09:07:20'),(1501,0,'en','packages/menu/menu','add_to_menu','Add to menu','2022-01-21 09:06:47','2022-01-21 09:07:20'),(1502,0,'en','packages/menu/menu','custom_link','Custom link','2022-01-21 09:06:47','2022-01-21 09:07:20'),(1503,0,'en','packages/menu/menu','add_link','Add link','2022-01-21 09:06:47','2022-01-21 09:07:20'),(1504,0,'en','packages/menu/menu','structure','Menu structure','2022-01-21 09:06:47','2022-01-21 09:07:20'),(1505,0,'en','packages/menu/menu','remove','Remove','2022-01-21 09:06:47','2022-01-21 09:07:20'),(1506,0,'en','packages/menu/menu','cancel','Cancel','2022-01-21 09:06:47','2022-01-21 09:07:20'),(1507,0,'en','packages/menu/menu','title','Title','2022-01-21 09:06:47','2022-01-21 09:07:20'),(1508,0,'en','packages/menu/menu','icon','Icon','2022-01-21 09:06:47','2022-01-21 09:07:20'),(1509,0,'en','packages/menu/menu','url','URL','2022-01-21 09:06:47','2022-01-21 09:07:20'),(1510,0,'en','packages/menu/menu','target','Target','2022-01-21 09:06:48','2022-01-21 09:07:20'),(1511,0,'en','packages/menu/menu','css_class','CSS class','2022-01-21 09:06:48','2022-01-21 09:07:20'),(1512,0,'en','packages/menu/menu','self_open_link','Open link directly','2022-01-21 09:06:48','2022-01-21 09:07:20'),(1513,0,'en','packages/menu/menu','blank_open_link','Open link in new tab','2022-01-21 09:06:48','2022-01-21 09:07:20'),(1514,0,'en','packages/menu/menu','create','Create menu','2022-01-21 09:06:48','2022-01-21 09:07:20'),(1515,0,'en','packages/menu/menu','edit','Edit menu','2022-01-21 09:06:48','2022-01-21 09:07:20'),(1516,0,'en','packages/menu/menu','menu_settings','Menu settings','2022-01-21 09:06:48','2022-01-21 09:07:20'),(1517,0,'en','packages/menu/menu','display_location','Display location','2022-01-21 09:06:48','2022-01-21 09:07:20'),(1518,0,'vi','packages/menu/menu','name','Menu','2022-01-21 09:06:48','2022-01-21 09:07:20'),(1519,0,'vi','packages/menu/menu','cancel','Hủy bỏ','2022-01-21 09:06:48','2022-01-21 09:07:20'),(1520,0,'vi','packages/menu/menu','add_link','Thêm liên kết','2022-01-21 09:06:48','2022-01-21 09:07:20'),(1521,0,'vi','packages/menu/menu','add_to_menu','Thêm vào trình đơn','2022-01-21 09:06:48','2022-01-21 09:07:20'),(1522,0,'vi','packages/menu/menu','basic_info','Thông tin cơ bản','2022-01-21 09:06:48','2022-01-21 09:07:20'),(1523,0,'vi','packages/menu/menu','blank_open_link','Mở liên kết trong tab mới','2022-01-21 09:06:48','2022-01-21 09:07:20'),(1524,0,'vi','packages/menu/menu','css_class','CSS class','2022-01-21 09:06:48','2022-01-21 09:07:20'),(1525,0,'vi','packages/menu/menu','custom_link','Liên kết tùy chọn','2022-01-21 09:06:48','2022-01-21 09:07:20'),(1526,0,'vi','packages/menu/menu','icon','Biểu tượng','2022-01-21 09:06:48','2022-01-21 09:07:20'),(1527,0,'vi','packages/menu/menu','key_name','Tên menu (key::key)','2022-01-21 09:06:48','2022-01-21 09:07:20'),(1528,0,'vi','packages/menu/menu','remove','Xóa','2022-01-21 09:06:48','2022-01-21 09:07:20'),(1529,0,'vi','packages/menu/menu','self_open_link','Mở liên kết trong tab hiện tại','2022-01-21 09:06:48','2022-01-21 09:07:20'),(1530,0,'vi','packages/menu/menu','structure','Cấu trúc trình đơn','2022-01-21 09:06:48','2022-01-21 09:07:20'),(1531,0,'vi','packages/menu/menu','target','Target','2022-01-21 09:06:48','2022-01-21 09:07:20'),(1532,0,'vi','packages/menu/menu','title','Tiêu đề','2022-01-21 09:06:48','2022-01-21 09:07:20'),(1533,0,'vi','packages/menu/menu','url','URL','2022-01-21 09:06:48','2022-01-21 09:07:20'),(1534,0,'vi','packages/menu/menu','create','Tạo trình đơn','2022-01-21 09:06:48','2022-01-21 09:07:20'),(1535,0,'vi','packages/menu/menu','edit','Sửa trình đơn','2022-01-21 09:06:48','2022-01-21 09:07:20'),(1536,0,'en','packages/page/pages','create','Create new page','2022-01-21 09:06:48','2022-01-21 09:07:20'),(1537,0,'en','packages/page/pages','edit','Edit page','2022-01-21 09:06:48','2022-01-21 09:07:20'),(1538,0,'en','packages/page/pages','form.name','Name','2022-01-21 09:06:48','2022-01-21 09:07:20'),(1539,0,'en','packages/page/pages','form.name_placeholder','Page\'s name (Maximum 120 characters)','2022-01-21 09:06:48','2022-01-21 09:07:20'),(1540,0,'en','packages/page/pages','form.content','Content','2022-01-21 09:06:48','2022-01-21 09:07:20'),(1541,0,'en','packages/page/pages','form.note','Note content','2022-01-21 09:06:48','2022-01-21 09:07:20'),(1542,0,'en','packages/page/pages','notices.no_select','Please select at least one record to take this action!','2022-01-21 09:06:48','2022-01-21 09:07:20'),(1543,0,'en','packages/page/pages','notices.update_success_message','Update successfully','2022-01-21 09:06:48','2022-01-21 09:07:20'),(1544,0,'en','packages/page/pages','cannot_delete','Page could not be deleted','2022-01-21 09:06:48','2022-01-21 09:07:20'),(1545,0,'en','packages/page/pages','deleted','Page deleted','2022-01-21 09:06:48','2022-01-21 09:07:20'),(1546,0,'en','packages/page/pages','pages','Pages','2022-01-21 09:06:48','2022-01-21 09:07:20'),(1547,0,'en','packages/page/pages','menu','Pages','2022-01-21 09:06:48','2022-01-21 09:07:20'),(1548,0,'en','packages/page/pages','menu_name','Pages','2022-01-21 09:06:48','2022-01-21 09:07:20'),(1549,0,'en','packages/page/pages','edit_this_page','Edit this page','2022-01-21 09:06:48','2022-01-21 09:07:20'),(1550,0,'en','packages/page/pages','total_pages','Total pages','2022-01-21 09:06:48','2022-01-21 09:07:20'),(1551,0,'en','packages/page/pages','settings.show_on_front','Your homepage displays','2022-01-21 09:06:48','2022-01-21 09:07:20'),(1552,0,'en','packages/page/pages','settings.select','— Select —','2022-01-21 09:06:48','2022-01-21 09:07:20'),(1553,0,'en','packages/page/pages','front_page','Front Page','2022-01-21 09:06:48','2022-01-21 09:07:20'),(1554,0,'vi','packages/page/pages','create','Thêm trang','2022-01-21 09:06:48','2022-01-21 09:07:20'),(1555,0,'vi','packages/page/pages','edit','Sửa trang','2022-01-21 09:06:48','2022-01-21 09:07:20'),(1556,0,'vi','packages/page/pages','form.name','Tiêu đề trang','2022-01-21 09:06:48','2022-01-21 09:07:20'),(1557,0,'vi','packages/page/pages','form.note','Nội dung ghi chú','2022-01-21 09:06:48','2022-01-21 09:07:20'),(1558,0,'vi','packages/page/pages','form.name_placeholder','Tên trang (tối đa 120 kí tự)','2022-01-21 09:06:48','2022-01-21 09:07:20'),(1559,0,'vi','packages/page/pages','form.content','Nội dung','2022-01-21 09:06:48','2022-01-21 09:07:20'),(1560,0,'vi','packages/page/pages','notices.no_select','Chọn ít nhất 1 trang để thực hiện hành động này!','2022-01-21 09:06:48','2022-01-21 09:07:20'),(1561,0,'vi','packages/page/pages','notices.update_success_message','Cập nhật thành công','2022-01-21 09:06:48','2022-01-21 09:07:20'),(1562,0,'vi','packages/page/pages','deleted','Xóa trang thành công','2022-01-21 09:06:48','2022-01-21 09:07:20'),(1563,0,'vi','packages/page/pages','cannot_delete','Không thể xóa trang','2022-01-21 09:06:48','2022-01-21 09:07:20'),(1564,0,'vi','packages/page/pages','menu','Trang','2022-01-21 09:06:48','2022-01-21 09:07:20'),(1565,0,'vi','packages/page/pages','menu_name','Trang','2022-01-21 09:06:48','2022-01-21 09:07:20'),(1566,0,'vi','packages/page/pages','edit_this_page','Sửa trang này','2022-01-21 09:06:48','2022-01-21 09:07:20'),(1567,0,'vi','packages/page/pages','pages','Trang','2022-01-21 09:06:48','2022-01-21 09:07:20'),(1568,0,'en','packages/plugin-management/plugin','enabled','Enabled','2022-01-21 09:06:48','2022-01-21 09:07:20'),(1569,0,'en','packages/plugin-management/plugin','deactivated','Deactivated','2022-01-21 09:06:48','2022-01-21 09:07:20'),(1570,0,'en','packages/plugin-management/plugin','activated','Activated','2022-01-21 09:06:48','2022-01-21 09:07:20'),(1571,0,'en','packages/plugin-management/plugin','activate','Activate','2022-01-21 09:06:48','2022-01-21 09:07:20'),(1572,0,'en','packages/plugin-management/plugin','deactivate','Deactivate','2022-01-21 09:06:48','2022-01-21 09:07:20'),(1573,0,'en','packages/plugin-management/plugin','author','By','2022-01-21 09:06:48','2022-01-21 09:07:20'),(1574,0,'en','packages/plugin-management/plugin','update_plugin_status_success','Update plugin successfully','2022-01-21 09:06:48','2022-01-21 09:07:20'),(1575,0,'en','packages/plugin-management/plugin','plugins','Plugins','2022-01-21 09:06:48','2022-01-21 09:07:20'),(1576,0,'en','packages/plugin-management/plugin','missing_required_plugins','Please activate plugin(s): :plugins before activate this plugin!','2022-01-21 09:06:48','2022-01-21 09:07:20'),(1577,0,'en','packages/plugin-management/plugin','remove','Remove','2022-01-21 09:06:48','2022-01-21 09:07:20'),(1578,0,'en','packages/plugin-management/plugin','remove_plugin_success','Remove plugin successfully!','2022-01-21 09:06:48','2022-01-21 09:07:20'),(1579,0,'en','packages/plugin-management/plugin','remove_plugin','Remove plugin','2022-01-21 09:06:48','2022-01-21 09:07:20'),(1580,0,'en','packages/plugin-management/plugin','remove_plugin_confirm_message','Do you really want to remove this plugin?','2022-01-21 09:06:48','2022-01-21 09:07:20'),(1581,0,'en','packages/plugin-management/plugin','remove_plugin_confirm_yes','Yes, remove it!','2022-01-21 09:06:48','2022-01-21 09:07:20'),(1582,0,'en','packages/plugin-management/plugin','total_plugins','Total plugins','2022-01-21 09:06:48','2022-01-21 09:07:20'),(1583,0,'en','packages/plugin-management/plugin','invalid_plugin','This plugin is not a valid plugin, please check it again!','2022-01-21 09:06:48','2022-01-21 09:07:20'),(1584,0,'en','packages/plugin-management/plugin','version','Version','2022-01-21 09:06:48','2022-01-21 09:07:20'),(1585,0,'en','packages/plugin-management/plugin','invalid_json','Invalid plugin.json!','2022-01-21 09:06:48','2022-01-21 09:07:20'),(1586,0,'en','packages/plugin-management/plugin','activate_success','Activate plugin successfully!','2022-01-21 09:06:48','2022-01-21 09:07:20'),(1587,0,'en','packages/plugin-management/plugin','activated_already','This plugin is activated already!','2022-01-21 09:06:48','2022-01-21 09:07:20'),(1588,0,'en','packages/plugin-management/plugin','plugin_not_exist','This plugin is not exists.','2022-01-21 09:06:48','2022-01-21 09:07:20'),(1589,0,'en','packages/plugin-management/plugin','missing_json_file','Missing file plugin.json!','2022-01-21 09:06:48','2022-01-21 09:07:20'),(1590,0,'en','packages/plugin-management/plugin','plugin_invalid','Plugin is valid!','2022-01-21 09:06:48','2022-01-21 09:07:20'),(1591,0,'en','packages/plugin-management/plugin','published_assets_success','Publish assets for plugin :name successfully!','2022-01-21 09:06:48','2022-01-21 09:07:20'),(1592,0,'en','packages/plugin-management/plugin','plugin_removed','Plugin has been removed!','2022-01-21 09:06:48','2022-01-21 09:07:20'),(1593,0,'en','packages/plugin-management/plugin','deactivated_success','Deactivate plugin successfully!','2022-01-21 09:06:48','2022-01-21 09:07:20'),(1594,0,'en','packages/plugin-management/plugin','deactivated_already','This plugin is deactivated already!','2022-01-21 09:06:48','2022-01-21 09:07:20'),(1595,0,'en','packages/plugin-management/plugin','folder_is_not_writeable','Cannot write files! Folder :name is not writable. Please chmod to make it writable!','2022-01-21 09:06:48','2022-01-21 09:07:20'),(1596,0,'en','packages/plugin-management/plugin','plugin_is_not_ready','Plugin :name is not ready to use','2022-01-21 09:06:48','2022-01-21 09:07:20'),(1597,0,'vi','packages/plugin-management/plugin','activate','Kích hoạt','2022-01-21 09:06:48','2022-01-21 09:07:20'),(1598,0,'vi','packages/plugin-management/plugin','author','Tác giả','2022-01-21 09:06:48','2022-01-21 09:07:20'),(1599,0,'vi','packages/plugin-management/plugin','version','Phiên bản','2022-01-21 09:06:48','2022-01-21 09:07:20'),(1600,0,'vi','packages/plugin-management/plugin','activated','Đã kích hoạt','2022-01-21 09:06:48','2022-01-21 09:07:20'),(1601,0,'vi','packages/plugin-management/plugin','deactivate','Hủy kích hoạt','2022-01-21 09:06:48','2022-01-21 09:07:20'),(1602,0,'vi','packages/plugin-management/plugin','deactivated','Đã vô hiệu','2022-01-21 09:06:48','2022-01-21 09:07:20'),(1603,0,'vi','packages/plugin-management/plugin','enabled','Kích hoạt','2022-01-21 09:06:48','2022-01-21 09:07:20'),(1604,0,'vi','packages/plugin-management/plugin','invalid_plugin','Gói mở rộng không hợp lệ','2022-01-21 09:06:48','2022-01-21 09:07:20'),(1605,0,'vi','packages/plugin-management/plugin','update_plugin_status_success','Cập nhật trạng thái gói mở rộng thành công','2022-01-21 09:06:48','2022-01-21 09:07:20'),(1606,0,'vi','packages/plugin-management/plugin','missing_required_plugins','Vui lòng kích hoạt các tiện ích mở rộng :plugins trước khi kích hoạt tiện ích này','2022-01-21 09:06:48','2022-01-21 09:07:20'),(1607,0,'vi','packages/plugin-management/plugin','plugins','Tiện ích mở rộng','2022-01-21 09:06:48','2022-01-21 09:07:20'),(1608,0,'en','packages/seo-helper/seo-helper','meta_box_header','Search Engine Optimize','2022-01-21 09:06:48','2022-01-21 09:07:20'),(1609,0,'en','packages/seo-helper/seo-helper','edit_seo_meta','Edit SEO meta','2022-01-21 09:06:48','2022-01-21 09:07:20'),(1610,0,'en','packages/seo-helper/seo-helper','default_description','Setup meta title & description to make your site easy to discovered on search engines such as Google','2022-01-21 09:06:48','2022-01-21 09:07:20'),(1611,0,'en','packages/seo-helper/seo-helper','seo_title','SEO Title','2022-01-21 09:06:48','2022-01-21 09:07:20'),(1612,0,'en','packages/seo-helper/seo-helper','seo_description','SEO description','2022-01-21 09:06:48','2022-01-21 09:07:20'),(1613,0,'vi','packages/seo-helper/seo-helper','meta_box_header','Tối ưu hoá bộ máy tìm kiếm (SEO)','2022-01-21 09:06:48','2022-01-21 09:07:20'),(1614,0,'vi','packages/seo-helper/seo-helper','edit_seo_meta','Chỉnh sửa SEO','2022-01-21 09:06:48','2022-01-21 09:07:20'),(1615,0,'vi','packages/seo-helper/seo-helper','default_description','Thiết lập các thẻ mô tả giúp người dùng dễ dàng tìm thấy trên công cụ tìm kiếm như Google.','2022-01-21 09:06:48','2022-01-21 09:07:20'),(1616,0,'vi','packages/seo-helper/seo-helper','seo_title','Tiêu đề trang','2022-01-21 09:06:48','2022-01-21 09:07:20'),(1617,0,'vi','packages/seo-helper/seo-helper','seo_description','Mô tả trang','2022-01-21 09:06:48','2022-01-21 09:07:20'),(1618,0,'en','packages/slug/slug','permalink_settings','Permalink','2022-01-21 09:06:48','2022-01-21 09:07:20'),(1619,0,'en','packages/slug/slug','settings.title','Permalink settings','2022-01-21 09:06:48','2022-01-21 09:07:20'),(1620,0,'en','packages/slug/slug','settings.description','Manage permalink for all modules.','2022-01-21 09:06:48','2022-01-21 09:07:20'),(1621,0,'en','packages/slug/slug','settings.preview','Preview','2022-01-21 09:06:48','2022-01-21 09:07:20'),(1622,0,'en','packages/slug/slug','settings.turn_off_automatic_url_translation_into_latin','Turn off automatic URL translation into Latin?','2022-01-21 09:06:48','2022-01-21 09:07:20'),(1623,0,'en','packages/slug/slug','preview','Preview','2022-01-21 09:06:48','2022-01-21 09:07:20'),(1624,0,'en','packages/slug/slug','prefix_for','Prefix for :name','2022-01-21 09:06:48','2022-01-21 09:07:20'),(1625,0,'en','packages/theme/theme','name','Themes','2022-01-21 09:06:48','2022-01-21 09:07:20'),(1626,0,'en','packages/theme/theme','theme','Theme','2022-01-21 09:06:48','2022-01-21 09:07:20'),(1627,0,'en','packages/theme/theme','author','Author','2022-01-21 09:06:48','2022-01-21 09:07:20'),(1628,0,'en','packages/theme/theme','version','Version','2022-01-21 09:06:48','2022-01-21 09:07:20'),(1629,0,'en','packages/theme/theme','description','Description','2022-01-21 09:06:48','2022-01-21 09:07:20'),(1630,0,'en','packages/theme/theme','active_success','Activate theme :name successfully!','2022-01-21 09:06:48','2022-01-21 09:07:20'),(1631,0,'en','packages/theme/theme','active','Active','2022-01-21 09:06:48','2022-01-21 09:07:20'),(1632,0,'en','packages/theme/theme','activated','Activated','2022-01-21 09:06:48','2022-01-21 09:07:20'),(1633,0,'en','packages/theme/theme','appearance','Appearance','2022-01-21 09:06:48','2022-01-21 09:07:20'),(1634,0,'en','packages/theme/theme','theme_options','Theme options','2022-01-21 09:06:48','2022-01-21 09:07:20'),(1635,0,'en','packages/theme/theme','save_changes','Save Changes','2022-01-21 09:06:48','2022-01-21 09:07:20'),(1636,0,'en','packages/theme/theme','developer_mode','Developer Mode Enabled','2022-01-21 09:06:48','2022-01-21 09:07:20'),(1637,0,'en','packages/theme/theme','custom_css','Custom CSS','2022-01-21 09:06:48','2022-01-21 09:07:20'),(1638,0,'en','packages/theme/theme','custom_js','Custom JS','2022-01-21 09:06:48','2022-01-21 09:07:20'),(1639,0,'en','packages/theme/theme','custom_header_js','Header JS','2022-01-21 09:06:48','2022-01-21 09:07:20'),(1640,0,'en','packages/theme/theme','custom_header_js_placeholder','JS in header of page, wrap it inside &#x3C;script&#x3E;&#x3C;/script&#x3E;','2022-01-21 09:06:48','2022-01-21 09:07:20'),(1641,0,'en','packages/theme/theme','custom_body_js','Body JS','2022-01-21 09:06:48','2022-01-21 09:07:20'),(1642,0,'en','packages/theme/theme','custom_body_js_placeholder','JS in body of page, wrap it inside &#x3C;script&#x3E;&#x3C;/script&#x3E;','2022-01-21 09:06:48','2022-01-21 09:07:20'),(1643,0,'en','packages/theme/theme','custom_footer_js','Footer JS','2022-01-21 09:06:48','2022-01-21 09:07:20'),(1644,0,'en','packages/theme/theme','custom_footer_js_placeholder','JS in footer of page, wrap it inside &#x3C;script&#x3E;&#x3C;/script&#x3E;','2022-01-21 09:06:48','2022-01-21 09:07:20'),(1645,0,'en','packages/theme/theme','remove_theme_success','Remove theme successfully!','2022-01-21 09:06:48','2022-01-21 09:07:20'),(1646,0,'en','packages/theme/theme','theme_is_not_existed','This theme is not existed!','2022-01-21 09:06:48','2022-01-21 09:07:20'),(1647,0,'en','packages/theme/theme','remove','Remove','2022-01-21 09:06:48','2022-01-21 09:07:20'),(1648,0,'en','packages/theme/theme','remove_theme','Remove theme','2022-01-21 09:06:48','2022-01-21 09:07:20'),(1649,0,'en','packages/theme/theme','remove_theme_confirm_message','Do you really want to remove this theme?','2022-01-21 09:06:48','2022-01-21 09:07:20'),(1650,0,'en','packages/theme/theme','remove_theme_confirm_yes','Yes, remove it!','2022-01-21 09:06:48','2022-01-21 09:07:20'),(1651,0,'en','packages/theme/theme','total_themes','Total themes','2022-01-21 09:06:48','2022-01-21 09:07:20'),(1652,0,'en','packages/theme/theme','show_admin_bar','Show admin bar (When admin logged in, still show admin bar in website)?','2022-01-21 09:06:48','2022-01-21 09:07:20'),(1653,0,'en','packages/theme/theme','settings.title','Theme','2022-01-21 09:06:48','2022-01-21 09:07:20'),(1654,0,'en','packages/theme/theme','settings.description','Setting for theme','2022-01-21 09:06:48','2022-01-21 09:07:20'),(1655,0,'en','packages/theme/theme','add_new','Add new','2022-01-21 09:06:48','2022-01-21 09:07:20'),(1656,0,'en','packages/theme/theme','theme_activated_already','Theme \":name\" is activated already!','2022-01-21 09:06:48','2022-01-21 09:07:20'),(1657,0,'en','packages/theme/theme','missing_json_file','Missing file theme.json!','2022-01-21 09:06:48','2022-01-21 09:07:20'),(1658,0,'en','packages/theme/theme','theme_invalid','Theme is valid!','2022-01-21 09:06:48','2022-01-21 09:07:20'),(1659,0,'en','packages/theme/theme','published_assets_success','Publish assets for :themes successfully!','2022-01-21 09:06:48','2022-01-21 09:07:20'),(1660,0,'en','packages/theme/theme','cannot_remove_theme','Cannot remove activated theme, please activate another theme before removing \":name\"!','2022-01-21 09:06:48','2022-01-21 09:07:20'),(1661,0,'en','packages/theme/theme','theme_deleted','Theme \":name\" has been destroyed.','2022-01-21 09:06:48','2022-01-21 09:07:20'),(1662,0,'en','packages/theme/theme','removed_assets','Remove assets of a theme :name successfully!','2022-01-21 09:06:48','2022-01-21 09:07:20'),(1663,0,'en','packages/theme/theme','update_custom_css_success','Update custom CSS successfully!','2022-01-21 09:06:48','2022-01-21 09:07:20'),(1664,0,'en','packages/theme/theme','update_custom_js_success','Update custom JS successfully!','2022-01-21 09:06:48','2022-01-21 09:07:20'),(1665,0,'en','packages/theme/theme','go_to_dashboard','Go to dashboard','2022-01-21 09:06:48','2022-01-21 09:07:20'),(1666,0,'en','packages/theme/theme','custom_css_placeholder','Using Ctrl + Space to autocomplete.','2022-01-21 09:06:48','2022-01-21 09:07:20'),(1667,0,'en','packages/theme/theme','theme_option_general','General','2022-01-21 09:06:48','2022-01-21 09:07:20'),(1668,0,'en','packages/theme/theme','theme_option_general_description','General settings','2022-01-21 09:06:48','2022-01-21 09:07:20'),(1669,0,'en','packages/theme/theme','theme_option_seo_open_graph_image','SEO default Open Graph image','2022-01-21 09:06:48','2022-01-21 09:07:20'),(1670,0,'en','packages/theme/theme','theme_option_logo','Logo','2022-01-21 09:06:48','2022-01-21 09:07:20'),(1671,0,'en','packages/theme/theme','theme_option_favicon','Favicon','2022-01-21 09:06:48','2022-01-21 09:07:20'),(1672,0,'en','packages/theme/theme','folder_is_not_writeable','Cannot write files! Folder :name is not writable. Please chmod to make it writable!','2022-01-21 09:06:48','2022-01-21 09:07:20'),(1673,0,'vi','packages/theme/theme','activated','Đã kích hoạt','2022-01-21 09:06:48','2022-01-21 09:07:20'),(1674,0,'vi','packages/theme/theme','active','Kích hoạt','2022-01-21 09:06:48','2022-01-21 09:07:20'),(1675,0,'vi','packages/theme/theme','active_success','Kích hoạt giao diện thành công!','2022-01-21 09:06:48','2022-01-21 09:07:20'),(1676,0,'vi','packages/theme/theme','author','Tác giả','2022-01-21 09:06:48','2022-01-21 09:07:20'),(1677,0,'vi','packages/theme/theme','description','Mô tả','2022-01-21 09:06:48','2022-01-21 09:07:20'),(1678,0,'vi','packages/theme/theme','theme','Giao diện','2022-01-21 09:06:48','2022-01-21 09:07:20'),(1679,0,'vi','packages/theme/theme','theme_options','Tuỳ chọn giao diện','2022-01-21 09:06:48','2022-01-21 09:07:20'),(1680,0,'vi','packages/theme/theme','version','Phiên bản','2022-01-21 09:06:48','2022-01-21 09:07:20'),(1681,0,'vi','packages/theme/theme','save_changes','Lưu thay đổi','2022-01-21 09:06:48','2022-01-21 09:07:20'),(1682,0,'vi','packages/theme/theme','developer_mode','Đang kích hoạt chế độ thử nghiệm','2022-01-21 09:06:48','2022-01-21 09:07:20'),(1683,0,'vi','packages/theme/theme','custom_css','Tuỳ chỉnh CSS','2022-01-21 09:06:48','2022-01-21 09:07:20'),(1684,0,'en','packages/widget/global','name','Widgets','2022-01-21 09:06:48','2022-01-21 09:07:20'),(1685,0,'en','packages/widget/global','create','New widget','2022-01-21 09:06:48','2022-01-21 09:07:20'),(1686,0,'en','packages/widget/global','edit','Edit widget','2022-01-21 09:06:48','2022-01-21 09:07:20'),(1687,0,'en','packages/widget/global','delete','Delete','2022-01-21 09:06:48','2022-01-21 09:07:20'),(1688,0,'en','packages/widget/global','available','Available Widgets','2022-01-21 09:06:48','2022-01-21 09:07:20'),(1689,0,'en','packages/widget/global','instruction','To activate a widget drag it to a sidebar or click on it. To deactivate a widget and delete its settings, drag it back.','2022-01-21 09:06:48','2022-01-21 09:07:20'),(1690,0,'en','packages/widget/global','number_tag_display','Number tags will be display','2022-01-21 09:06:48','2022-01-21 09:07:20'),(1691,0,'en','packages/widget/global','number_post_display','Number posts will be display','2022-01-21 09:06:48','2022-01-21 09:07:20'),(1692,0,'en','packages/widget/global','select_menu','Select Menu','2022-01-21 09:06:48','2022-01-21 09:07:20'),(1693,0,'en','packages/widget/global','widget_text','Text','2022-01-21 09:06:48','2022-01-21 09:07:20'),(1694,0,'en','packages/widget/global','widget_text_description','Arbitrary text or HTML.','2022-01-21 09:06:48','2022-01-21 09:07:20'),(1695,0,'en','packages/widget/global','widget_recent_post','Recent Posts','2022-01-21 09:06:48','2022-01-21 09:07:20'),(1696,0,'en','packages/widget/global','widget_recent_post_description','Recent posts widget.','2022-01-21 09:06:48','2022-01-21 09:07:20'),(1697,0,'en','packages/widget/global','widget_custom_menu','Custom Menu','2022-01-21 09:06:48','2022-01-21 09:07:20'),(1698,0,'en','packages/widget/global','widget_custom_menu_description','Add a custom menu to your widget area.','2022-01-21 09:06:48','2022-01-21 09:07:20'),(1699,0,'en','packages/widget/global','widget_tag','Tags','2022-01-21 09:06:48','2022-01-21 09:07:20'),(1700,0,'en','packages/widget/global','widget_tag_description','Popular tags','2022-01-21 09:06:48','2022-01-21 09:07:20'),(1701,0,'en','packages/widget/global','save_success','Save widget successfully!','2022-01-21 09:06:48','2022-01-21 09:07:20'),(1702,0,'en','packages/widget/global','delete_success','Delete widget successfully!','2022-01-21 09:06:48','2022-01-21 09:07:20'),(1703,0,'en','packages/widget/widget','name','Widgets','2022-01-21 09:06:48','2022-01-21 09:07:20'),(1704,0,'en','packages/widget/widget','create','New widget','2022-01-21 09:06:48','2022-01-21 09:07:20'),(1705,0,'en','packages/widget/widget','edit','Edit widget','2022-01-21 09:06:48','2022-01-21 09:07:20'),(1706,0,'en','packages/widget/widget','delete','Delete','2022-01-21 09:06:48','2022-01-21 09:07:20'),(1707,0,'en','packages/widget/widget','available','Available Widgets','2022-01-21 09:06:48','2022-01-21 09:07:20'),(1708,0,'en','packages/widget/widget','instruction','To activate a widget drag it to a sidebar or click on it. To deactivate a widget and delete its settings, drag it back.','2022-01-21 09:06:48','2022-01-21 09:07:20'),(1709,0,'en','packages/widget/widget','number_tag_display','Number tags will be display','2022-01-21 09:06:48','2022-01-21 09:07:20'),(1710,0,'en','packages/widget/widget','number_post_display','Number posts will be display','2022-01-21 09:06:48','2022-01-21 09:07:20'),(1711,0,'en','packages/widget/widget','select_menu','Select Menu','2022-01-21 09:06:48','2022-01-21 09:07:20'),(1712,0,'en','packages/widget/widget','widget_text','Text','2022-01-21 09:06:48','2022-01-21 09:07:20'),(1713,0,'en','packages/widget/widget','widget_text_description','Arbitrary text or HTML.','2022-01-21 09:06:48','2022-01-21 09:07:20'),(1714,0,'en','packages/widget/widget','widget_recent_post','Recent Posts','2022-01-21 09:06:48','2022-01-21 09:07:20'),(1715,0,'en','packages/widget/widget','widget_recent_post_description','Recent posts widget.','2022-01-21 09:06:48','2022-01-21 09:07:20'),(1716,0,'en','packages/widget/widget','widget_custom_menu','Custom Menu','2022-01-21 09:06:48','2022-01-21 09:07:20'),(1717,0,'en','packages/widget/widget','widget_custom_menu_description','Add a custom menu to your widget area.','2022-01-21 09:06:48','2022-01-21 09:07:20'),(1718,0,'en','packages/widget/widget','widget_tag','Tags','2022-01-21 09:06:48','2022-01-21 09:07:20'),(1719,0,'en','packages/widget/widget','widget_tag_description','Popular tags','2022-01-21 09:06:48','2022-01-21 09:07:20'),(1720,0,'en','packages/widget/widget','save_success','Save widget successfully!','2022-01-21 09:06:48','2022-01-21 09:07:20'),(1721,0,'en','packages/widget/widget','delete_success','Delete widget successfully!','2022-01-21 09:06:48','2022-01-21 09:07:20'),(1722,0,'en','packages/widget/widget','primary_sidebar_name','Primary sidebar','2022-01-21 09:06:48','2022-01-21 09:07:20'),(1723,0,'en','packages/widget/widget','primary_sidebar_description','Primary sidebar section','2022-01-21 09:06:48','2022-01-21 09:07:20'),(1724,0,'vi','packages/widget/global','name','Widgets','2022-01-21 09:06:48','2022-01-21 09:07:20'),(1725,0,'vi','packages/widget/global','create','New widget','2022-01-21 09:06:48','2022-01-21 09:07:20'),(1726,0,'vi','packages/widget/global','edit','Edit widget','2022-01-21 09:06:48','2022-01-21 09:07:20'),(1727,0,'vi','packages/widget/global','available','Tiện ích có sẵn','2022-01-21 09:06:48','2022-01-21 09:07:20'),(1728,0,'vi','packages/widget/global','delete','Xóa','2022-01-21 09:06:48','2022-01-21 09:07:20'),(1729,0,'vi','packages/widget/global','instruction','Để kích hoạt tiện ích, hãy kéo nó vào sidebar hoặc nhấn vào nó. Để hủy kích hoạt tiện ích và xóa các thiết lập của tiện ích, kéo nó quay trở lại.','2022-01-21 09:06:48','2022-01-21 09:07:20'),(1730,0,'vi','packages/widget/global','number_post_display','Số bài viết sẽ hiển thị','2022-01-21 09:06:48','2022-01-21 09:07:20'),(1731,0,'vi','packages/widget/global','number_tag_display','Số thẻ sẽ hiển thị','2022-01-21 09:06:48','2022-01-21 09:07:20'),(1732,0,'vi','packages/widget/global','select_menu','Lựa chọn trình đơn','2022-01-21 09:06:48','2022-01-21 09:07:20'),(1733,0,'vi','packages/widget/global','widget_custom_menu','Menu tùy chỉnh','2022-01-21 09:06:48','2022-01-21 09:07:20'),(1734,0,'vi','packages/widget/global','widget_custom_menu_description','Thêm menu tùy chỉnh vào khu vực tiện ích của bạn','2022-01-21 09:06:48','2022-01-21 09:07:20'),(1735,0,'vi','packages/widget/global','widget_recent_post','Bài viết gần đây','2022-01-21 09:06:48','2022-01-21 09:07:20'),(1736,0,'vi','packages/widget/global','widget_recent_post_description','Tiện ích bài viết gần đây','2022-01-21 09:06:48','2022-01-21 09:07:20'),(1737,0,'vi','packages/widget/global','widget_tag','Thẻ','2022-01-21 09:06:48','2022-01-21 09:07:20'),(1738,0,'vi','packages/widget/global','widget_tag_description','Thẻ phổ biến, sử dụng nhiều','2022-01-21 09:06:48','2022-01-21 09:07:20'),(1739,0,'vi','packages/widget/global','widget_text','Văn bản','2022-01-21 09:06:48','2022-01-21 09:07:20'),(1740,0,'vi','packages/widget/global','widget_text_description','Văn bản tùy ý hoặc HTML.','2022-01-21 09:06:48','2022-01-21 09:07:20'),(1741,0,'vi','packages/widget/global','delete_success','Xoá tiện ích thành công','2022-01-21 09:06:48','2022-01-21 09:07:20'),(1742,0,'vi','packages/widget/global','save_success','Lưu tiện ích thành công!','2022-01-21 09:06:48','2022-01-21 09:07:20'),(1743,0,'en','plugins/ads/ads','name','Ads','2022-01-21 09:06:48','2022-01-21 09:07:20'),(1744,0,'en','plugins/ads/ads','create','New ads','2022-01-21 09:06:48','2022-01-21 09:07:20'),(1745,0,'en','plugins/ads/ads','edit','Edit ads','2022-01-21 09:06:48','2022-01-21 09:07:20'),(1746,0,'en','plugins/ads/ads','location','Location','2022-01-21 09:06:48','2022-01-21 09:07:20'),(1747,0,'en','plugins/ads/ads','url','URL','2022-01-21 09:06:48','2022-01-21 09:07:20'),(1748,0,'en','plugins/ads/ads','expired_at','Expired at','2022-01-21 09:06:48','2022-01-21 09:07:20'),(1749,0,'en','plugins/ads/ads','key','Key','2022-01-21 09:06:48','2022-01-21 09:07:20'),(1750,0,'en','plugins/ads/ads','shortcode','Shortcode','2022-01-21 09:06:48','2022-01-21 09:07:20'),(1751,0,'en','plugins/ads/ads','clicked','Clicked','2022-01-21 09:06:48','2022-01-21 09:07:20'),(1752,0,'en','plugins/ads/ads','not_set','Not set','2022-01-21 09:06:48','2022-01-21 09:07:20'),(1753,0,'en','plugins/analytics/analytics','sessions','Sessions','2022-01-21 09:06:48','2022-01-21 09:07:20'),(1754,0,'en','plugins/analytics/analytics','visitors','Visitors','2022-01-21 09:06:48','2022-01-21 09:07:20'),(1755,0,'en','plugins/analytics/analytics','pageviews','Pageviews','2022-01-21 09:06:48','2022-01-21 09:07:20'),(1756,0,'en','plugins/analytics/analytics','bounce_rate','Bounce Rate','2022-01-21 09:06:48','2022-01-21 09:07:20'),(1757,0,'en','plugins/analytics/analytics','page_session','Pages/Session','2022-01-21 09:06:48','2022-01-21 09:07:20'),(1758,0,'en','plugins/analytics/analytics','avg_duration','Avg. Duration','2022-01-21 09:06:48','2022-01-21 09:07:20'),(1759,0,'en','plugins/analytics/analytics','percent_new_session','Percent new session','2022-01-21 09:06:48','2022-01-21 09:07:20'),(1760,0,'en','plugins/analytics/analytics','new_users','New visitors','2022-01-21 09:06:48','2022-01-21 09:07:20'),(1761,0,'en','plugins/analytics/analytics','visits','visits','2022-01-21 09:06:48','2022-01-21 09:07:20'),(1762,0,'en','plugins/analytics/analytics','views','views','2022-01-21 09:06:48','2022-01-21 09:07:20'),(1763,0,'en','plugins/analytics/analytics','view_id_not_specified','You must provide a valid view id. The document here: <a href=\"https://docs.botble.com/cms/master/plugin-analytics\" target=\"_blank\">https://docs.botble.com/cms/master/plugin-analytics</a>','2022-01-21 09:06:48','2022-01-21 09:07:20'),(1764,0,'en','plugins/analytics/analytics','credential_is_not_valid','Analytics credentials is not valid. The document here: <a href=\"https://docs.botble.com/cms/master/plugin-analytics\" target=\"_blank\">https://docs.botble.com/cms/master/plugin-analytics</a>','2022-01-21 09:06:48','2022-01-21 09:07:20'),(1765,0,'en','plugins/analytics/analytics','start_date_can_not_before_end_date','Start date :start_date cannot be after end date :end_date','2022-01-21 09:06:48','2022-01-21 09:07:20'),(1766,0,'en','plugins/analytics/analytics','wrong_configuration','To view analytics you\'ll need to get a google analytics client id and add it to your settings. <br /> You also need JSON credential data. <br /> The document here: <a href=\"https://docs.botble.com/cms/master/plugin-analytics\" target=\"_blank\">https://docs.botble.com/cms/master/plugin-analytics</a>','2022-01-21 09:06:48','2022-01-21 09:07:20'),(1767,0,'en','plugins/analytics/analytics','settings.title','Google Analytics','2022-01-21 09:06:48','2022-01-21 09:07:20'),(1768,0,'en','plugins/analytics/analytics','settings.description','Config Credentials for Google Analytics','2022-01-21 09:06:48','2022-01-21 09:07:20'),(1769,0,'en','plugins/analytics/analytics','settings.tracking_code','Tracking ID','2022-01-21 09:06:48','2022-01-21 09:07:20'),(1770,0,'en','plugins/analytics/analytics','settings.tracking_code_placeholder','Example: GA-12586526-8','2022-01-21 09:06:48','2022-01-21 09:07:20'),(1771,0,'en','plugins/analytics/analytics','settings.view_id','View ID','2022-01-21 09:06:48','2022-01-21 09:07:20'),(1772,0,'en','plugins/analytics/analytics','settings.view_id_description','Google Analytics View ID','2022-01-21 09:06:48','2022-01-21 09:07:20'),(1773,0,'en','plugins/analytics/analytics','settings.json_credential','Service Account Credentials','2022-01-21 09:06:48','2022-01-21 09:07:20'),(1774,0,'en','plugins/analytics/analytics','settings.json_credential_description','Service Account Credentials','2022-01-21 09:06:48','2022-01-21 09:07:20'),(1775,0,'en','plugins/analytics/analytics','widget_analytics_page','Top Most Visit Pages','2022-01-21 09:06:48','2022-01-21 09:07:20'),(1776,0,'en','plugins/analytics/analytics','widget_analytics_browser','Top Browsers','2022-01-21 09:06:48','2022-01-21 09:07:20'),(1777,0,'en','plugins/analytics/analytics','widget_analytics_referrer','Top Referrers','2022-01-21 09:06:48','2022-01-21 09:07:20'),(1778,0,'en','plugins/analytics/analytics','widget_analytics_general','Site Analytics','2022-01-21 09:06:48','2022-01-21 09:07:20'),(1779,0,'vi','plugins/analytics/analytics','avg_duration','Trung bình','2022-01-21 09:06:48','2022-01-21 09:07:20'),(1780,0,'vi','plugins/analytics/analytics','bounce_rate','Tỉ lệ thoát','2022-01-21 09:06:48','2022-01-21 09:07:20'),(1781,0,'vi','plugins/analytics/analytics','page_session','Trang/Phiên','2022-01-21 09:06:48','2022-01-21 09:07:20'),(1782,0,'vi','plugins/analytics/analytics','pageviews','Lượt xem','2022-01-21 09:06:48','2022-01-21 09:07:20'),(1783,0,'vi','plugins/analytics/analytics','sessions','Phiên','2022-01-21 09:06:48','2022-01-21 09:07:20'),(1784,0,'vi','plugins/analytics/analytics','views','lượt xem','2022-01-21 09:06:48','2022-01-21 09:07:20'),(1785,0,'vi','plugins/analytics/analytics','visitors','Người truy cập','2022-01-21 09:06:48','2022-01-21 09:07:20'),(1786,0,'vi','plugins/analytics/analytics','visits','lượt ghé thăm','2022-01-21 09:06:48','2022-01-21 09:07:20'),(1787,0,'vi','plugins/analytics/analytics','credential_is_not_valid','Thông tin cài đặt không hợp lệ. Tài liệu hướng dẫn tại đây: <a href=\"http://docs.botble.com/cms/:version/analytics\" target=\"_blank\">http://docs.botble.com/cms/:version/analytics</a>','2022-01-21 09:06:48','2022-01-21 09:07:20'),(1788,0,'vi','plugins/analytics/analytics','new_users','Lượt khách mới','2022-01-21 09:06:48','2022-01-21 09:07:20'),(1789,0,'vi','plugins/analytics/analytics','percent_new_session','Tỉ lệ khách mới','2022-01-21 09:06:48','2022-01-21 09:07:20'),(1790,0,'vi','plugins/analytics/analytics','start_date_can_not_before_end_date','Ngày bắt đầu :start_date không thể sau ngày kết thúc :end_date','2022-01-21 09:06:48','2022-01-21 09:07:20'),(1791,0,'vi','plugins/analytics/analytics','view_id_not_specified','Bạn phải cung cấp View ID hợp lê. Tài liệu hướng dẫn tại đây: <a href=\"http://docs.botble.com/cms/:version/analytics\" target=\"_blank\">http://docs.botble.com/cms/:version/analytics</a>','2022-01-21 09:06:48','2022-01-21 09:07:20'),(1792,0,'vi','plugins/analytics/analytics','wrong_configuration','Để xem dữ liệu thống kê Google Analytics, bạn cần lấy thông tin Client ID và thêm nó vào trong phần cài đặt. Bạn cũng cần thông tin xác thực dạng JSON. Tài liệu hướng dẫn tại đây: <a href=\"http://docs.botble.com/cms/:version/analytics\" target=\"_blank\">http://docs.botble.com/cms/:version/analytics</a>','2022-01-21 09:06:48','2022-01-21 09:07:20'),(1793,0,'vi','plugins/analytics/analytics','settings.title','Google Analytics','2022-01-21 09:06:48','2022-01-21 09:07:20'),(1794,0,'vi','plugins/analytics/analytics','settings.description','Config Credentials for Google Analytics','2022-01-21 09:06:48','2022-01-21 09:07:20'),(1795,0,'vi','plugins/analytics/analytics','settings.tracking_code','Tracking Code','2022-01-21 09:06:48','2022-01-21 09:07:20'),(1796,0,'vi','plugins/analytics/analytics','settings.tracking_code_placeholder','Example: GA-12586526-8','2022-01-21 09:06:48','2022-01-21 09:07:20'),(1797,0,'vi','plugins/analytics/analytics','settings.view_id','View ID','2022-01-21 09:06:48','2022-01-21 09:07:20'),(1798,0,'vi','plugins/analytics/analytics','settings.view_id_description','Google Analytics View ID','2022-01-21 09:06:48','2022-01-21 09:07:20'),(1799,0,'vi','plugins/analytics/analytics','settings.json_credential','Service Account Credentials','2022-01-21 09:06:48','2022-01-21 09:07:20'),(1800,0,'vi','plugins/analytics/analytics','settings.json_credential_description','Service Account Credentials','2022-01-21 09:06:48','2022-01-21 09:07:20'),(1801,0,'vi','plugins/analytics/analytics','widget_analytics_browser','Trình duyệt truy cập nhiều','2022-01-21 09:06:48','2022-01-21 09:07:20'),(1802,0,'vi','plugins/analytics/analytics','widget_analytics_general','Thống kê truy cập','2022-01-21 09:06:48','2022-01-21 09:07:20'),(1803,0,'vi','plugins/analytics/analytics','widget_analytics_page','Trang được xem nhiều nhất','2022-01-21 09:06:48','2022-01-21 09:07:20'),(1804,0,'vi','plugins/analytics/analytics','widget_analytics_referrer','Trang giới thiệu nhiều','2022-01-21 09:06:48','2022-01-21 09:07:20'),(1805,0,'en','plugins/audit-log/history','name','Activities Logs','2022-01-21 09:06:48','2022-01-21 09:07:21'),(1806,0,'en','plugins/audit-log/history','created','created','2022-01-21 09:06:48','2022-01-21 09:07:21'),(1807,0,'en','plugins/audit-log/history','updated','updated','2022-01-21 09:06:48','2022-01-21 09:07:21'),(1808,0,'en','plugins/audit-log/history','deleted','deleted','2022-01-21 09:06:48','2022-01-21 09:07:21'),(1809,0,'en','plugins/audit-log/history','logged in','logged in','2022-01-21 09:06:48','2022-01-21 09:07:21'),(1810,0,'en','plugins/audit-log/history','logged out','logged out','2022-01-21 09:06:48','2022-01-21 09:07:21'),(1811,0,'en','plugins/audit-log/history','changed password','changed password','2022-01-21 09:06:48','2022-01-21 09:07:21'),(1812,0,'en','plugins/audit-log/history','updated profile','updated profile','2022-01-21 09:06:48','2022-01-21 09:07:21'),(1813,0,'en','plugins/audit-log/history','attached','attached','2022-01-21 09:06:48','2022-01-21 09:07:21'),(1814,0,'en','plugins/audit-log/history','shared','shared','2022-01-21 09:06:48','2022-01-21 09:07:21'),(1815,0,'en','plugins/audit-log/history','to the system','to the system','2022-01-21 09:06:48','2022-01-21 09:07:21'),(1816,0,'en','plugins/audit-log/history','of the system','of the system','2022-01-21 09:06:48','2022-01-21 09:07:21'),(1817,0,'en','plugins/audit-log/history','menu','menu','2022-01-21 09:06:48','2022-01-21 09:07:21'),(1818,0,'en','plugins/audit-log/history','post','post','2022-01-21 09:06:48','2022-01-21 09:07:21'),(1819,0,'en','plugins/audit-log/history','page','page','2022-01-21 09:06:48','2022-01-21 09:07:21'),(1820,0,'en','plugins/audit-log/history','category','category','2022-01-21 09:06:48','2022-01-21 09:07:21'),(1821,0,'en','plugins/audit-log/history','tag','tag','2022-01-21 09:06:48','2022-01-21 09:07:21'),(1822,0,'en','plugins/audit-log/history','user','user','2022-01-21 09:06:48','2022-01-21 09:07:21'),(1823,0,'en','plugins/audit-log/history','contact','contact','2022-01-21 09:06:48','2022-01-21 09:07:21'),(1824,0,'en','plugins/audit-log/history','backup','backup','2022-01-21 09:06:48','2022-01-21 09:07:21'),(1825,0,'en','plugins/audit-log/history','custom-field','custom field','2022-01-21 09:06:48','2022-01-21 09:07:21'),(1826,0,'en','plugins/audit-log/history','widget_audit_logs','Activities Logs','2022-01-21 09:06:48','2022-01-21 09:07:21'),(1827,0,'en','plugins/audit-log/history','action','Action','2022-01-21 09:06:48','2022-01-21 09:07:21'),(1828,0,'en','plugins/audit-log/history','user_agent','User Agent','2022-01-21 09:06:48','2022-01-21 09:07:21'),(1829,0,'en','plugins/audit-log/history','system','System','2022-01-21 09:06:48','2022-01-21 09:07:21'),(1830,0,'en','plugins/audit-log/history','delete_all','Delete all records','2022-01-21 09:06:48','2022-01-21 09:07:21'),(1831,0,'vi','plugins/audit-log/history','name','Lịch sử hoạt động','2022-01-21 09:06:48','2022-01-21 09:07:21'),(1832,0,'vi','plugins/audit-log/history','created',' đã tạo','2022-01-21 09:06:48','2022-01-21 09:07:21'),(1833,0,'vi','plugins/audit-log/history','updated',' đã cập nhật','2022-01-21 09:06:48','2022-01-21 09:07:21'),(1834,0,'vi','plugins/audit-log/history','deleted',' đã xóa','2022-01-21 09:06:48','2022-01-21 09:07:21'),(1835,0,'vi','plugins/audit-log/history','attached','đính kèm','2022-01-21 09:06:48','2022-01-21 09:07:21'),(1836,0,'vi','plugins/audit-log/history','backup','sao lưu','2022-01-21 09:06:48','2022-01-21 09:07:21'),(1837,0,'vi','plugins/audit-log/history','category','danh mục','2022-01-21 09:06:48','2022-01-21 09:07:21'),(1838,0,'vi','plugins/audit-log/history','changed password','thay đổi mật khẩu','2022-01-21 09:06:48','2022-01-21 09:07:21'),(1839,0,'vi','plugins/audit-log/history','contact','liên hệ','2022-01-21 09:06:48','2022-01-21 09:07:21'),(1840,0,'vi','plugins/audit-log/history','custom-field','khung mở rộng','2022-01-21 09:06:48','2022-01-21 09:07:21'),(1841,0,'vi','plugins/audit-log/history','logged in','đăng nhập','2022-01-21 09:06:48','2022-01-21 09:07:21'),(1842,0,'vi','plugins/audit-log/history','logged out','đăng xuất','2022-01-21 09:06:48','2022-01-21 09:07:21'),(1843,0,'vi','plugins/audit-log/history','menu','trình đơn','2022-01-21 09:06:48','2022-01-21 09:07:21'),(1844,0,'vi','plugins/audit-log/history','of the system','khỏi hệ thống','2022-01-21 09:06:48','2022-01-21 09:07:21'),(1845,0,'vi','plugins/audit-log/history','page','trang','2022-01-21 09:06:48','2022-01-21 09:07:21'),(1846,0,'vi','plugins/audit-log/history','post','bài viết','2022-01-21 09:06:48','2022-01-21 09:07:21'),(1847,0,'vi','plugins/audit-log/history','shared','đã chia sẻ','2022-01-21 09:06:48','2022-01-21 09:07:21'),(1848,0,'vi','plugins/audit-log/history','tag','thẻ','2022-01-21 09:06:48','2022-01-21 09:07:21'),(1849,0,'vi','plugins/audit-log/history','to the system','vào hệ thống','2022-01-21 09:06:48','2022-01-21 09:07:21'),(1850,0,'vi','plugins/audit-log/history','updated profile','cập nhật tài khoản','2022-01-21 09:06:48','2022-01-21 09:07:21'),(1851,0,'vi','plugins/audit-log/history','user','thành viên','2022-01-21 09:06:48','2022-01-21 09:07:21'),(1852,0,'vi','plugins/audit-log/history','widget_audit_logs','Lịch sử hoạt động','2022-01-21 09:06:48','2022-01-21 09:07:21'),(1853,0,'en','plugins/backup/backup','name','Backup','2022-01-21 09:06:48','2022-01-21 09:07:21'),(1854,0,'en','plugins/backup/backup','backup_description','Backup database and uploads folder.','2022-01-21 09:06:48','2022-01-21 09:07:21'),(1855,0,'en','plugins/backup/backup','create_backup_success','Created backup successfully!','2022-01-21 09:06:48','2022-01-21 09:07:21'),(1856,0,'en','plugins/backup/backup','delete_backup_success','Delete backup successfully!','2022-01-21 09:06:48','2022-01-21 09:07:21'),(1857,0,'en','plugins/backup/backup','restore_backup_success','Restore backup successfully!','2022-01-21 09:06:48','2022-01-21 09:07:21'),(1858,0,'en','plugins/backup/backup','generate_btn','Generate backup','2022-01-21 09:06:48','2022-01-21 09:07:21'),(1859,0,'en','plugins/backup/backup','create','Create a backup','2022-01-21 09:06:48','2022-01-21 09:07:21'),(1860,0,'en','plugins/backup/backup','restore','Restore a backup','2022-01-21 09:06:48','2022-01-21 09:07:21'),(1861,0,'en','plugins/backup/backup','create_btn','Create','2022-01-21 09:06:48','2022-01-21 09:07:21'),(1862,0,'en','plugins/backup/backup','restore_btn','Restore','2022-01-21 09:06:48','2022-01-21 09:07:21'),(1863,0,'en','plugins/backup/backup','restore_confirm_msg','Do you really want to restore this revision?','2022-01-21 09:06:48','2022-01-21 09:07:21'),(1864,0,'en','plugins/backup/backup','download_uploads_folder','Download backup of uploads folder','2022-01-21 09:06:48','2022-01-21 09:07:21'),(1865,0,'en','plugins/backup/backup','download_database','Download backup of database','2022-01-21 09:06:48','2022-01-21 09:07:21'),(1866,0,'en','plugins/backup/backup','restore_tooltip','Restore this backup','2022-01-21 09:06:48','2022-01-21 09:07:21'),(1867,0,'en','plugins/backup/backup','demo_alert','Hi guest, if you see demo site is destroyed, please help me <a href=\":link\">go here</a> and restore demo site to the latest revision! Thank you so much!','2022-01-21 09:06:48','2022-01-21 09:07:21'),(1868,0,'en','plugins/backup/backup','menu_name','Backups','2022-01-21 09:06:48','2022-01-21 09:07:21'),(1869,0,'en','plugins/backup/backup','size','Size','2022-01-21 09:06:48','2022-01-21 09:07:21'),(1870,0,'en','plugins/backup/backup','no_backups','There is no backup now!','2022-01-21 09:06:48','2022-01-21 09:07:21'),(1871,0,'en','plugins/backup/backup','proc_open_disabled_error','Function <strong>proc_open()</strong> has been disabled so the system cannot backup the database. Please contact your hosting provider to enable it.','2022-01-21 09:06:48','2022-01-21 09:07:21'),(1872,0,'en','plugins/backup/backup','database_backup_not_existed','Backup database is not existed!','2022-01-21 09:06:48','2022-01-21 09:07:21'),(1873,0,'en','plugins/backup/backup','uploads_folder_backup_not_existed','Backup uploads folder is not existed!','2022-01-21 09:06:48','2022-01-21 09:07:21'),(1874,0,'en','plugins/backup/backup','important_message1','This is a simple backup feature, it is a solution for you if your site has < 1GB data and can be used for quickly backup your site.','2022-01-21 09:06:48','2022-01-21 09:07:21'),(1875,0,'en','plugins/backup/backup','important_message2','If you have more than 1GB images/files in local storage, you should use backup feature of your hosting or VPS.','2022-01-21 09:06:49','2022-01-21 09:07:21'),(1876,0,'en','plugins/backup/backup','important_message3','To backup your database, function <strong>proc_open()</strong> or <strong>system()</strong> must be enabled. Contact your hosting provider to enable it if it is disabled.','2022-01-21 09:06:49','2022-01-21 09:07:21'),(1877,0,'en','plugins/backup/backup','important_message4','It is not a full backup, it is just back up uploaded files and your database.','2022-01-21 09:06:49','2022-01-21 09:07:21'),(1878,0,'vi','plugins/backup/backup','backup_description','Sao lưu cơ sở dữ liệu và thư mục /uploads','2022-01-21 09:06:49','2022-01-21 09:07:21'),(1879,0,'vi','plugins/backup/backup','create','Tạo bản sao lưu','2022-01-21 09:06:49','2022-01-21 09:07:21'),(1880,0,'vi','plugins/backup/backup','create_backup_success','Tạo bản sao lưu thành công!','2022-01-21 09:06:49','2022-01-21 09:07:21'),(1881,0,'vi','plugins/backup/backup','create_btn','Tạo','2022-01-21 09:06:49','2022-01-21 09:07:21'),(1882,0,'vi','plugins/backup/backup','delete_backup_success','Xóa bản sao lưu thành công!','2022-01-21 09:06:49','2022-01-21 09:07:21'),(1883,0,'vi','plugins/backup/backup','generate_btn','Tạo sao lưu','2022-01-21 09:06:49','2022-01-21 09:07:21'),(1884,0,'vi','plugins/backup/backup','name','Sao lưu','2022-01-21 09:06:49','2022-01-21 09:07:21'),(1885,0,'vi','plugins/backup/backup','restore','Khôi phục bản sao lưu','2022-01-21 09:06:49','2022-01-21 09:07:21'),(1886,0,'vi','plugins/backup/backup','restore_backup_success','Khôi phục bản sao lưu thành công','2022-01-21 09:06:49','2022-01-21 09:07:21'),(1887,0,'vi','plugins/backup/backup','restore_btn','Khôi phục','2022-01-21 09:06:49','2022-01-21 09:07:21'),(1888,0,'vi','plugins/backup/backup','restore_confirm_msg','Bạn có chắc chắn muốn khôi phục hệ thống về thời điểm tạo bản sao lưu này?','2022-01-21 09:06:49','2022-01-21 09:07:21'),(1889,0,'vi','plugins/backup/backup','restore_tooltip','Khôi phục bản sao lưu này','2022-01-21 09:06:49','2022-01-21 09:07:21'),(1890,0,'vi','plugins/backup/backup','download_database','Tải về bản sao lưu CSDL','2022-01-21 09:06:49','2022-01-21 09:07:21'),(1891,0,'vi','plugins/backup/backup','download_uploads_folder','Tải về bản sao lưu thư mục uploads','2022-01-21 09:06:49','2022-01-21 09:07:21'),(1892,0,'vi','plugins/backup/backup','menu_name','Sao lưu','2022-01-21 09:06:49','2022-01-21 09:07:21'),(1893,0,'vi','plugins/backup/backup','demo_alert','Chào khách, nếu bạn thấy trang demo bị phá hoại, hãy tới <a href=\":link\">trang sao lưu</a> và khôi phục bản sao lưu cuối cùng. Cảm ơn bạn nhiều!','2022-01-21 09:06:49','2022-01-21 09:07:21'),(1894,0,'en','plugins/blog/base','menu_name','Blog','2022-01-21 09:06:49','2022-01-21 09:07:21'),(1895,0,'en','plugins/blog/base','blog_page','Blog Page','2022-01-21 09:06:49','2022-01-21 09:07:21'),(1896,0,'en','plugins/blog/base','select','-- Select --','2022-01-21 09:06:49','2022-01-21 09:07:21'),(1897,0,'en','plugins/blog/base','blog_page_id','Blog page','2022-01-21 09:06:49','2022-01-21 09:07:21'),(1898,0,'en','plugins/blog/base','number_posts_per_page','Number posts per page','2022-01-21 09:06:49','2022-01-21 09:07:21'),(1899,0,'en','plugins/blog/base','write_some_tags','Write some tags','2022-01-21 09:06:49','2022-01-21 09:07:21'),(1900,0,'en','plugins/blog/base','short_code_name','Blog posts','2022-01-21 09:06:49','2022-01-21 09:07:21'),(1901,0,'en','plugins/blog/base','short_code_description','Add blog posts','2022-01-21 09:06:49','2022-01-21 09:07:21'),(1902,0,'en','plugins/blog/base','number_posts_per_page_in_category','Number of posts per page in a category','2022-01-21 09:06:49','2022-01-21 09:07:21'),(1903,0,'en','plugins/blog/base','number_posts_per_page_in_tag','Number of posts per page in a tag','2022-01-21 09:06:49','2022-01-21 09:07:21'),(1904,0,'en','plugins/blog/categories','create','Create new category','2022-01-21 09:06:49','2022-01-21 09:07:21'),(1905,0,'en','plugins/blog/categories','edit','Edit category','2022-01-21 09:06:49','2022-01-21 09:07:21'),(1906,0,'en','plugins/blog/categories','menu','Categories','2022-01-21 09:06:49','2022-01-21 09:07:21'),(1907,0,'en','plugins/blog/categories','edit_this_category','Edit this category','2022-01-21 09:06:49','2022-01-21 09:07:21'),(1908,0,'en','plugins/blog/categories','menu_name','Categories','2022-01-21 09:06:49','2022-01-21 09:07:21'),(1909,0,'en','plugins/blog/categories','none','None','2022-01-21 09:06:49','2022-01-21 09:07:21'),(1910,0,'en','plugins/blog/categories','total_posts','Total posts: :total','2022-01-21 09:06:49','2022-01-21 09:07:21'),(1911,0,'en','plugins/blog/member','dob','Born :date','2022-01-21 09:06:49','2022-01-21 09:07:21'),(1912,0,'en','plugins/blog/member','draft_posts','Draft Posts','2022-01-21 09:06:49','2022-01-21 09:07:21'),(1913,0,'en','plugins/blog/member','pending_posts','Pending Posts','2022-01-21 09:06:49','2022-01-21 09:07:21'),(1914,0,'en','plugins/blog/member','published_posts','Published Posts','2022-01-21 09:06:49','2022-01-21 09:07:21'),(1915,0,'en','plugins/blog/member','posts','Posts','2022-01-21 09:06:49','2022-01-21 09:07:21'),(1916,0,'en','plugins/blog/member','write_post','Write a post','2022-01-21 09:06:49','2022-01-21 09:07:21'),(1917,0,'en','plugins/blog/posts','create','Create new post','2022-01-21 09:06:49','2022-01-21 09:07:21'),(1918,0,'en','plugins/blog/posts','edit','Edit post','2022-01-21 09:06:49','2022-01-21 09:07:21'),(1919,0,'en','plugins/blog/posts','form.name','Name','2022-01-21 09:06:49','2022-01-21 09:07:21'),(1920,0,'en','plugins/blog/posts','form.name_placeholder','Post\'s name (Maximum :c characters)','2022-01-21 09:06:49','2022-01-21 09:07:21'),(1921,0,'en','plugins/blog/posts','form.description','Description','2022-01-21 09:06:49','2022-01-21 09:07:21'),(1922,0,'en','plugins/blog/posts','form.description_placeholder','Short description for post (Maximum :c characters)','2022-01-21 09:06:49','2022-01-21 09:07:21'),(1923,0,'en','plugins/blog/posts','form.categories','Categories','2022-01-21 09:06:49','2022-01-21 09:07:21'),(1924,0,'en','plugins/blog/posts','form.tags','Tags','2022-01-21 09:06:49','2022-01-21 09:07:21'),(1925,0,'en','plugins/blog/posts','form.tags_placeholder','Tags','2022-01-21 09:06:49','2022-01-21 09:07:21'),(1926,0,'en','plugins/blog/posts','form.content','Content','2022-01-21 09:06:49','2022-01-21 09:07:21'),(1927,0,'en','plugins/blog/posts','form.is_featured','Is featured?','2022-01-21 09:06:49','2022-01-21 09:07:21'),(1928,0,'en','plugins/blog/posts','form.note','Note content','2022-01-21 09:06:49','2022-01-21 09:07:21'),(1929,0,'en','plugins/blog/posts','form.format_type','Format','2022-01-21 09:06:49','2022-01-21 09:07:21'),(1930,0,'en','plugins/blog/posts','cannot_delete','Post could not be deleted','2022-01-21 09:06:49','2022-01-21 09:07:21'),(1931,0,'en','plugins/blog/posts','post_deleted','Post deleted','2022-01-21 09:06:49','2022-01-21 09:07:21'),(1932,0,'en','plugins/blog/posts','posts','Posts','2022-01-21 09:06:49','2022-01-21 09:07:21'),(1933,0,'en','plugins/blog/posts','post','Post','2022-01-21 09:06:49','2022-01-21 09:07:21'),(1934,0,'en','plugins/blog/posts','edit_this_post','Edit this post','2022-01-21 09:06:49','2022-01-21 09:07:21'),(1935,0,'en','plugins/blog/posts','no_new_post_now','There is no new post now!','2022-01-21 09:06:49','2022-01-21 09:07:21'),(1936,0,'en','plugins/blog/posts','menu_name','Posts','2022-01-21 09:06:49','2022-01-21 09:07:21'),(1937,0,'en','plugins/blog/posts','widget_posts_recent','Recent Posts','2022-01-21 09:06:49','2022-01-21 09:07:21'),(1938,0,'en','plugins/blog/posts','categories','Categories','2022-01-21 09:06:49','2022-01-21 09:07:21'),(1939,0,'en','plugins/blog/posts','category','Category','2022-01-21 09:06:49','2022-01-21 09:07:21'),(1940,0,'en','plugins/blog/posts','author','Author','2022-01-21 09:06:49','2022-01-21 09:07:21'),(1941,0,'en','plugins/blog/settings','select','-- Select --','2022-01-21 09:06:49','2022-01-21 09:07:21'),(1942,0,'en','plugins/blog/settings','blog_page_id','Blog page','2022-01-21 09:06:49','2022-01-21 09:07:21'),(1943,0,'en','plugins/blog/tags','form.name','Name','2022-01-21 09:06:49','2022-01-21 09:07:21'),(1944,0,'en','plugins/blog/tags','form.name_placeholder','Tag\'s name (Maximum 120 characters)','2022-01-21 09:06:49','2022-01-21 09:07:21'),(1945,0,'en','plugins/blog/tags','form.description','Description','2022-01-21 09:06:49','2022-01-21 09:07:21'),(1946,0,'en','plugins/blog/tags','form.description_placeholder','Short description for tag (Maximum 400 characters)','2022-01-21 09:06:49','2022-01-21 09:07:21'),(1947,0,'en','plugins/blog/tags','form.categories','Categories','2022-01-21 09:06:49','2022-01-21 09:07:21'),(1948,0,'en','plugins/blog/tags','notices.no_select','Please select at least one tag to take this action!','2022-01-21 09:06:49','2022-01-21 09:07:21'),(1949,0,'en','plugins/blog/tags','create','Create new tag','2022-01-21 09:06:49','2022-01-21 09:07:21'),(1950,0,'en','plugins/blog/tags','edit','Edit tag','2022-01-21 09:06:49','2022-01-21 09:07:21'),(1951,0,'en','plugins/blog/tags','cannot_delete','Tag could not be deleted','2022-01-21 09:06:49','2022-01-21 09:07:21'),(1952,0,'en','plugins/blog/tags','deleted','Tag deleted','2022-01-21 09:06:49','2022-01-21 09:07:21'),(1953,0,'en','plugins/blog/tags','menu','Tags','2022-01-21 09:06:49','2022-01-21 09:07:21'),(1954,0,'en','plugins/blog/tags','edit_this_tag','Edit this tag','2022-01-21 09:06:49','2022-01-21 09:07:21'),(1955,0,'en','plugins/blog/tags','menu_name','Tags','2022-01-21 09:06:49','2022-01-21 09:07:21'),(1956,0,'vi','plugins/blog/base','menu_name','Blog','2022-01-21 09:06:49','2022-01-21 09:07:21'),(1957,0,'vi','plugins/blog/categories','create','Thêm danh mục mới','2022-01-21 09:06:49','2022-01-21 09:07:21'),(1958,0,'vi','plugins/blog/categories','edit','Sửa danh mục','2022-01-21 09:06:49','2022-01-21 09:07:21'),(1959,0,'vi','plugins/blog/categories','menu_name','Danh mục','2022-01-21 09:06:49','2022-01-21 09:07:21'),(1960,0,'vi','plugins/blog/categories','edit_this_category','Sửa danh mục này','2022-01-21 09:06:49','2022-01-21 09:07:21'),(1961,0,'vi','plugins/blog/categories','menu','Danh mục','2022-01-21 09:06:49','2022-01-21 09:07:21'),(1962,0,'vi','plugins/blog/posts','create','Thêm bài viết','2022-01-21 09:06:49','2022-01-21 09:07:21'),(1963,0,'vi','plugins/blog/posts','edit','Sửa bài viết','2022-01-21 09:06:49','2022-01-21 09:07:21'),(1964,0,'vi','plugins/blog/posts','form.name','Tên','2022-01-21 09:06:49','2022-01-21 09:07:21'),(1965,0,'vi','plugins/blog/posts','form.name_placeholder','Tên bài viết (Tối đa 120 kí tự)','2022-01-21 09:06:49','2022-01-21 09:07:21'),(1966,0,'vi','plugins/blog/posts','form.description','Mô tả','2022-01-21 09:06:49','2022-01-21 09:07:21'),(1967,0,'vi','plugins/blog/posts','form.description_placeholder','Mô tả ngắn cho bài viết (Tối đa 400 kí tự)','2022-01-21 09:06:49','2022-01-21 09:07:21'),(1968,0,'vi','plugins/blog/posts','form.categories','Chuyên mục','2022-01-21 09:06:49','2022-01-21 09:07:21'),(1969,0,'vi','plugins/blog/posts','form.tags','Từ khóa','2022-01-21 09:06:49','2022-01-21 09:07:21'),(1970,0,'vi','plugins/blog/posts','form.tags_placeholder','Thêm từ khóa','2022-01-21 09:06:49','2022-01-21 09:07:21'),(1971,0,'vi','plugins/blog/posts','form.content','Nội dung','2022-01-21 09:06:49','2022-01-21 09:07:21'),(1972,0,'vi','plugins/blog/posts','form.note','Nội dung ghi chú','2022-01-21 09:06:49','2022-01-21 09:07:21'),(1973,0,'vi','plugins/blog/posts','form.format_type','Định dạng','2022-01-21 09:06:49','2022-01-21 09:07:21'),(1974,0,'vi','plugins/blog/posts','post_deleted','Xóa bài viết thành công','2022-01-21 09:06:49','2022-01-21 09:07:21'),(1975,0,'vi','plugins/blog/posts','cannot_delete','Không thể xóa bài viết','2022-01-21 09:06:49','2022-01-21 09:07:21'),(1976,0,'vi','plugins/blog/posts','menu_name','Bài viết','2022-01-21 09:06:49','2022-01-21 09:07:21'),(1977,0,'vi','plugins/blog/posts','edit_this_post','Sửa bài viết này','2022-01-21 09:06:49','2022-01-21 09:07:21'),(1978,0,'vi','plugins/blog/posts','no_new_post_now','Hiện tại không có bài viết mới!','2022-01-21 09:06:49','2022-01-21 09:07:21'),(1979,0,'vi','plugins/blog/posts','posts','Bài viết','2022-01-21 09:06:49','2022-01-21 09:07:21'),(1980,0,'vi','plugins/blog/posts','widget_posts_recent','Bài viết gần đây','2022-01-21 09:06:49','2022-01-21 09:07:21'),(1981,0,'vi','plugins/blog/posts','author','Tác giả','2022-01-21 09:06:49','2022-01-21 09:07:21'),(1982,0,'vi','plugins/blog/tags','create','Thêm thẻ mới','2022-01-21 09:06:49','2022-01-21 09:07:21'),(1983,0,'vi','plugins/blog/tags','edit','Sửa thẻ','2022-01-21 09:06:49','2022-01-21 09:07:21'),(1984,0,'vi','plugins/blog/tags','form.name','Tên','2022-01-21 09:06:49','2022-01-21 09:07:21'),(1985,0,'vi','plugins/blog/tags','form.name_placeholder','Tên thẻ (Tối đa 120 kí tự)','2022-01-21 09:06:49','2022-01-21 09:07:21'),(1986,0,'vi','plugins/blog/tags','form.description','Mô tả','2022-01-21 09:06:49','2022-01-21 09:07:21'),(1987,0,'vi','plugins/blog/tags','form.description_placeholder','Mô tả ngắn cho tag (Tối đa 400 kí tự)','2022-01-21 09:06:49','2022-01-21 09:07:21'),(1988,0,'vi','plugins/blog/tags','form.categories','Chuyên mục','2022-01-21 09:06:49','2022-01-21 09:07:21'),(1989,0,'vi','plugins/blog/tags','notices.no_select','Chọn ít nhất 1 bài viết để thực hiện hành động này!','2022-01-21 09:06:49','2022-01-21 09:07:21'),(1990,0,'vi','plugins/blog/tags','cannot_delete','Không thể xóa thẻ','2022-01-21 09:06:49','2022-01-21 09:07:21'),(1991,0,'vi','plugins/blog/tags','deleted','Xóa thẻ thành công','2022-01-21 09:06:49','2022-01-21 09:07:21'),(1992,0,'vi','plugins/blog/tags','menu_name','Thẻ','2022-01-21 09:06:49','2022-01-21 09:07:21'),(1993,0,'vi','plugins/blog/tags','edit_this_tag','Sửa thẻ này','2022-01-21 09:06:49','2022-01-21 09:07:21'),(1994,0,'vi','plugins/blog/tags','menu','Thẻ','2022-01-21 09:06:49','2022-01-21 09:07:21'),(1995,0,'en','plugins/captcha/captcha','settings.title','Captcha','2022-01-21 09:06:49','2022-01-21 09:07:21'),(1996,0,'en','plugins/captcha/captcha','settings.description','Settings for Google Captcha','2022-01-21 09:06:49','2022-01-21 09:07:21'),(1997,0,'en','plugins/captcha/captcha','settings.captcha_site_key','Captcha Site Key','2022-01-21 09:06:49','2022-01-21 09:07:21'),(1998,0,'en','plugins/captcha/captcha','settings.captcha_secret','Captcha Secret','2022-01-21 09:06:49','2022-01-21 09:07:21'),(1999,0,'en','plugins/captcha/captcha','settings.enable_captcha','Enable Captcha?','2022-01-21 09:06:49','2022-01-21 09:07:21'),(2000,0,'en','plugins/captcha/captcha','settings.helper','Go here to get credentials https://www.google.com/recaptcha/admin#list.','2022-01-21 09:06:49','2022-01-21 09:07:21'),(2001,0,'en','plugins/captcha/captcha','settings.hide_badge','Hide recaptcha badge (for v3)','2022-01-21 09:06:49','2022-01-21 09:07:21'),(2002,0,'en','plugins/captcha/captcha','settings.type','Type','2022-01-21 09:06:49','2022-01-21 09:07:21'),(2003,0,'en','plugins/captcha/captcha','settings.v2_description','V2 (Verify requests with a challenge)','2022-01-21 09:06:49','2022-01-21 09:07:21'),(2004,0,'en','plugins/captcha/captcha','settings.v3_description','V3 (Verify requests with a score)','2022-01-21 09:06:49','2022-01-21 09:07:21'),(2005,0,'en','plugins/captcha/captcha','failed_validate','Failed to validate the captcha.','2022-01-21 09:06:49','2022-01-21 09:07:21'),(2006,0,'en','plugins/contact/contact','menu','Contact','2022-01-21 09:06:49','2022-01-21 09:07:21'),(2007,0,'en','plugins/contact/contact','edit','View contact','2022-01-21 09:06:49','2022-01-21 09:07:21'),(2008,0,'en','plugins/contact/contact','tables.phone','Phone','2022-01-21 09:06:49','2022-01-21 09:07:21'),(2009,0,'en','plugins/contact/contact','tables.email','Email','2022-01-21 09:06:49','2022-01-21 09:07:21'),(2010,0,'en','plugins/contact/contact','tables.full_name','Full Name','2022-01-21 09:06:49','2022-01-21 09:07:21'),(2011,0,'en','plugins/contact/contact','tables.time','Time','2022-01-21 09:06:49','2022-01-21 09:07:21'),(2012,0,'en','plugins/contact/contact','tables.address','Address','2022-01-21 09:06:49','2022-01-21 09:07:21'),(2013,0,'en','plugins/contact/contact','tables.subject','Subject','2022-01-21 09:06:49','2022-01-21 09:07:21'),(2014,0,'en','plugins/contact/contact','tables.content','Content','2022-01-21 09:06:49','2022-01-21 09:07:21'),(2015,0,'en','plugins/contact/contact','contact_information','Contact information','2022-01-21 09:06:49','2022-01-21 09:07:21'),(2016,0,'en','plugins/contact/contact','replies','Replies','2022-01-21 09:06:49','2022-01-21 09:07:21'),(2017,0,'en','plugins/contact/contact','email.header','Email','2022-01-21 09:06:49','2022-01-21 09:07:21'),(2018,0,'en','plugins/contact/contact','email.title','New contact from your site','2022-01-21 09:06:49','2022-01-21 09:07:21'),(2019,0,'en','plugins/contact/contact','form.name.required','Name is required','2022-01-21 09:06:49','2022-01-21 09:07:21'),(2020,0,'en','plugins/contact/contact','form.email.required','Email is required','2022-01-21 09:06:49','2022-01-21 09:07:21'),(2021,0,'en','plugins/contact/contact','form.email.email','The email address is not valid','2022-01-21 09:06:49','2022-01-21 09:07:21'),(2022,0,'en','plugins/contact/contact','form.content.required','Content is required','2022-01-21 09:06:49','2022-01-21 09:07:21'),(2023,0,'en','plugins/contact/contact','contact_sent_from','This contact information sent from','2022-01-21 09:06:49','2022-01-21 09:07:21'),(2024,0,'en','plugins/contact/contact','sender','Sender','2022-01-21 09:06:49','2022-01-21 09:07:21'),(2025,0,'en','plugins/contact/contact','sender_email','Email','2022-01-21 09:06:49','2022-01-21 09:07:21'),(2026,0,'en','plugins/contact/contact','sender_address','Address','2022-01-21 09:06:49','2022-01-21 09:07:21'),(2027,0,'en','plugins/contact/contact','sender_phone','Phone','2022-01-21 09:06:49','2022-01-21 09:07:21'),(2028,0,'en','plugins/contact/contact','message_content','Message content','2022-01-21 09:06:49','2022-01-21 09:07:21'),(2029,0,'en','plugins/contact/contact','sent_from','Email sent from','2022-01-21 09:06:49','2022-01-21 09:07:21'),(2030,0,'en','plugins/contact/contact','form_name','Name','2022-01-21 09:06:49','2022-01-21 09:07:21'),(2031,0,'en','plugins/contact/contact','form_email','Email','2022-01-21 09:06:49','2022-01-21 09:07:21'),(2032,0,'en','plugins/contact/contact','form_address','Address','2022-01-21 09:06:49','2022-01-21 09:07:21'),(2033,0,'en','plugins/contact/contact','form_subject','Subject','2022-01-21 09:06:49','2022-01-21 09:07:21'),(2034,0,'en','plugins/contact/contact','form_phone','Phone','2022-01-21 09:06:49','2022-01-21 09:07:21'),(2035,0,'en','plugins/contact/contact','form_message','Message','2022-01-21 09:06:49','2022-01-21 09:07:21'),(2036,0,'en','plugins/contact/contact','required_field','The field with (<span style=\"color: red\">*</span>) is required.','2022-01-21 09:06:49','2022-01-21 09:07:21'),(2037,0,'en','plugins/contact/contact','send_btn','Send message','2022-01-21 09:06:49','2022-01-21 09:07:21'),(2038,0,'en','plugins/contact/contact','new_msg_notice','You have <span class=\"bold\">:count</span> New Messages','2022-01-21 09:06:49','2022-01-21 09:07:21'),(2039,0,'en','plugins/contact/contact','view_all','View all','2022-01-21 09:06:49','2022-01-21 09:07:21'),(2040,0,'en','plugins/contact/contact','statuses.read','Read','2022-01-21 09:06:49','2022-01-21 09:07:21'),(2041,0,'en','plugins/contact/contact','statuses.unread','Unread','2022-01-21 09:06:49','2022-01-21 09:07:21'),(2042,0,'en','plugins/contact/contact','phone','Phone','2022-01-21 09:06:49','2022-01-21 09:07:21'),(2043,0,'en','plugins/contact/contact','address','Address','2022-01-21 09:06:49','2022-01-21 09:07:21'),(2044,0,'en','plugins/contact/contact','message','Message','2022-01-21 09:06:49','2022-01-21 09:07:21'),(2045,0,'en','plugins/contact/contact','settings.email.title','Contact','2022-01-21 09:06:49','2022-01-21 09:07:21'),(2046,0,'en','plugins/contact/contact','settings.email.description','Contact email configuration','2022-01-21 09:06:49','2022-01-21 09:07:21'),(2047,0,'en','plugins/contact/contact','settings.email.templates.notice_title','Send notice to administrator','2022-01-21 09:06:49','2022-01-21 09:07:21'),(2048,0,'en','plugins/contact/contact','settings.email.templates.notice_description','Email template to send notice to administrator when system get new contact','2022-01-21 09:06:49','2022-01-21 09:07:21'),(2049,0,'en','plugins/contact/contact','no_reply','No reply yet!','2022-01-21 09:06:49','2022-01-21 09:07:21'),(2050,0,'en','plugins/contact/contact','reply','Reply','2022-01-21 09:06:49','2022-01-21 09:07:21'),(2051,0,'en','plugins/contact/contact','send','Send','2022-01-21 09:06:49','2022-01-21 09:07:21'),(2052,0,'en','plugins/contact/contact','shortcode_name','Contact form','2022-01-21 09:06:49','2022-01-21 09:07:21'),(2053,0,'en','plugins/contact/contact','shortcode_description','Add a contact form','2022-01-21 09:06:49','2022-01-21 09:07:21'),(2054,0,'en','plugins/contact/contact','shortcode_content_description','Add shortcode [contact-form][/contact-form] to editor?','2022-01-21 09:06:49','2022-01-21 09:07:21'),(2055,0,'en','plugins/contact/contact','message_sent_success','Message sent successfully!','2022-01-21 09:06:49','2022-01-21 09:07:21'),(2056,0,'vi','plugins/contact/contact','menu','Liên hệ','2022-01-21 09:06:49','2022-01-21 09:07:21'),(2057,0,'vi','plugins/contact/contact','edit','Xem liên hệ','2022-01-21 09:06:49','2022-01-21 09:07:21'),(2058,0,'vi','plugins/contact/contact','tables.phone','Điện thoại','2022-01-21 09:06:49','2022-01-21 09:07:21'),(2059,0,'vi','plugins/contact/contact','tables.email','Email','2022-01-21 09:06:49','2022-01-21 09:07:21'),(2060,0,'vi','plugins/contact/contact','tables.full_name','Họ tên','2022-01-21 09:06:49','2022-01-21 09:07:21'),(2061,0,'vi','plugins/contact/contact','tables.time','Thời gian','2022-01-21 09:06:49','2022-01-21 09:07:21'),(2062,0,'vi','plugins/contact/contact','tables.address','Địa địa chỉ','2022-01-21 09:06:49','2022-01-21 09:07:21'),(2063,0,'vi','plugins/contact/contact','tables.subject','Tiêu đề','2022-01-21 09:06:49','2022-01-21 09:07:21'),(2064,0,'vi','plugins/contact/contact','tables.content','Nội dung','2022-01-21 09:06:49','2022-01-21 09:07:21'),(2065,0,'vi','plugins/contact/contact','contact_information','Thông tin liên hệ','2022-01-21 09:06:49','2022-01-21 09:07:21'),(2066,0,'vi','plugins/contact/contact','email.title','Thông tin liên hệ mới','2022-01-21 09:06:49','2022-01-21 09:07:21'),(2067,0,'vi','plugins/contact/contact','email.header','Email','2022-01-21 09:06:49','2022-01-21 09:07:21'),(2068,0,'vi','plugins/contact/contact','contact_sent_from','Liên hệ này được gửi từ','2022-01-21 09:06:49','2022-01-21 09:07:21'),(2069,0,'vi','plugins/contact/contact','form_address','Địa chỉ','2022-01-21 09:06:49','2022-01-21 09:07:21'),(2070,0,'vi','plugins/contact/contact','form_email','Thư điện tử','2022-01-21 09:06:49','2022-01-21 09:07:21'),(2071,0,'vi','plugins/contact/contact','form_message','Thông điệp','2022-01-21 09:06:49','2022-01-21 09:07:21'),(2072,0,'vi','plugins/contact/contact','form_name','Họ tên','2022-01-21 09:06:49','2022-01-21 09:07:21'),(2073,0,'vi','plugins/contact/contact','form_phone','Số điện thoại','2022-01-21 09:06:49','2022-01-21 09:07:21'),(2074,0,'vi','plugins/contact/contact','message_content','Nội dung thông điệp','2022-01-21 09:06:49','2022-01-21 09:07:21'),(2075,0,'vi','plugins/contact/contact','required_field','Những trường có dấu (<span style=\"color: red\">*</span>) là bắt buộc.','2022-01-21 09:06:49','2022-01-21 09:07:21'),(2076,0,'vi','plugins/contact/contact','send_btn','Gửi tin nhắn','2022-01-21 09:06:49','2022-01-21 09:07:21'),(2077,0,'vi','plugins/contact/contact','sender','Người gửi','2022-01-21 09:06:49','2022-01-21 09:07:21'),(2078,0,'vi','plugins/contact/contact','sender_address','Địa chỉ','2022-01-21 09:06:49','2022-01-21 09:07:21'),(2079,0,'vi','plugins/contact/contact','sender_email','Thư điện tử','2022-01-21 09:06:49','2022-01-21 09:07:21'),(2080,0,'vi','plugins/contact/contact','sender_phone','Số điện thoại','2022-01-21 09:06:49','2022-01-21 09:07:21'),(2081,0,'vi','plugins/contact/contact','sent_from','Thư được gửi từ','2022-01-21 09:06:49','2022-01-21 09:07:21'),(2082,0,'vi','plugins/contact/contact','address','Địa chỉ','2022-01-21 09:06:49','2022-01-21 09:07:21'),(2083,0,'vi','plugins/contact/contact','message','Liên hệ','2022-01-21 09:06:49','2022-01-21 09:07:21'),(2084,0,'vi','plugins/contact/contact','new_msg_notice','Bạn có <span class=\"bold\">:count</span> tin nhắn mới','2022-01-21 09:06:49','2022-01-21 09:07:21'),(2085,0,'vi','plugins/contact/contact','phone','Điện thoại','2022-01-21 09:06:49','2022-01-21 09:07:21'),(2086,0,'vi','plugins/contact/contact','statuses.read','Đã đọc','2022-01-21 09:06:49','2022-01-21 09:07:21'),(2087,0,'vi','plugins/contact/contact','statuses.unread','Chưa đọc','2022-01-21 09:06:49','2022-01-21 09:07:21'),(2088,0,'vi','plugins/contact/contact','view_all','Xem tất cả','2022-01-21 09:06:49','2022-01-21 09:07:21'),(2089,0,'vi','plugins/contact/contact','settings.email.title','Liên hệ','2022-01-21 09:06:49','2022-01-21 09:07:21'),(2090,0,'vi','plugins/contact/contact','settings.email.description','Cấu hình thông tin cho mục liên hệ','2022-01-21 09:06:49','2022-01-21 09:07:21'),(2091,0,'vi','plugins/contact/contact','settings.email.templates.notice_title','Thông báo tới admin','2022-01-21 09:06:49','2022-01-21 09:07:21'),(2092,0,'vi','plugins/contact/contact','settings.email.templates.notice_description','Mẫu nội dung email gửi tới admin khi có liên hệ mới','2022-01-21 09:06:49','2022-01-21 09:07:21'),(2093,0,'en','plugins/cookie-consent/cookie-consent','theme_options.name','Cookie Consent','2022-01-21 09:06:49','2022-01-21 09:07:21'),(2094,0,'en','plugins/cookie-consent/cookie-consent','theme_options.description','Cookie consent settings','2022-01-21 09:06:49','2022-01-21 09:07:21'),(2095,0,'en','plugins/cookie-consent/cookie-consent','theme_options.enable','Enable cookie consent?','2022-01-21 09:06:49','2022-01-21 09:07:21'),(2096,0,'en','plugins/cookie-consent/cookie-consent','theme_options.message','Message','2022-01-21 09:06:49','2022-01-21 09:07:21'),(2097,0,'en','plugins/cookie-consent/cookie-consent','theme_options.button_text','Button text','2022-01-21 09:06:49','2022-01-21 09:07:21'),(2098,0,'en','plugins/cookie-consent/cookie-consent','theme_options.max_width','Max width (px)','2022-01-21 09:06:49','2022-01-21 09:07:21'),(2099,0,'en','plugins/cookie-consent/cookie-consent','theme_options.background_color','Background color','2022-01-21 09:06:49','2022-01-21 09:07:21'),(2100,0,'en','plugins/cookie-consent/cookie-consent','theme_options.text_color','Text color','2022-01-21 09:06:49','2022-01-21 09:07:21'),(2101,0,'en','plugins/cookie-consent/cookie-consent','theme_options.learn_more_url','Learn more URL','2022-01-21 09:06:49','2022-01-21 09:07:21'),(2102,0,'en','plugins/cookie-consent/cookie-consent','theme_options.learn_more_text','Learn more text','2022-01-21 09:06:49','2022-01-21 09:07:21'),(2103,0,'en','plugins/cookie-consent/cookie-consent','theme_options.style','Style','2022-01-21 09:06:49','2022-01-21 09:07:21'),(2104,0,'en','plugins/cookie-consent/cookie-consent','theme_options.full_width','Full width','2022-01-21 09:06:49','2022-01-21 09:07:21'),(2105,0,'en','plugins/cookie-consent/cookie-consent','theme_options.minimal','Minimal','2022-01-21 09:06:49','2022-01-21 09:07:21'),(2106,0,'en','plugins/cookie-consent/cookie-consent','message','Your experience on this site will be improved by allowing cookies.','2022-01-21 09:06:49','2022-01-21 09:07:21'),(2107,0,'en','plugins/cookie-consent/cookie-consent','button_text','Allow cookies','2022-01-21 09:06:49','2022-01-21 09:07:21'),(2108,0,'en','plugins/ecommerce/brands','name','Brands','2022-01-21 09:06:49','2022-01-21 09:07:21'),(2109,0,'en','plugins/ecommerce/brands','create','New brand','2022-01-21 09:06:49','2022-01-21 09:07:21'),(2110,0,'en','plugins/ecommerce/brands','edit','Edit brand','2022-01-21 09:06:49','2022-01-21 09:07:21'),(2111,0,'en','plugins/ecommerce/brands','form.name','Name','2022-01-21 09:06:49','2022-01-21 09:07:21'),(2112,0,'en','plugins/ecommerce/brands','form.name_placeholder','Brand\'s name (Maximum 255 characters)','2022-01-21 09:06:49','2022-01-21 09:07:21'),(2113,0,'en','plugins/ecommerce/brands','form.description','Description','2022-01-21 09:06:49','2022-01-21 09:07:21'),(2114,0,'en','plugins/ecommerce/brands','form.description_placeholder','Short description for brand (Maximum 400 characters)','2022-01-21 09:06:49','2022-01-21 09:07:21'),(2115,0,'en','plugins/ecommerce/brands','form.website','Website','2022-01-21 09:06:49','2022-01-21 09:07:21'),(2116,0,'en','plugins/ecommerce/brands','form.logo','Logo','2022-01-21 09:06:49','2022-01-21 09:07:21'),(2117,0,'en','plugins/ecommerce/brands','form.is_featured','Is featured','2022-01-21 09:06:49','2022-01-21 09:07:21'),(2118,0,'en','plugins/ecommerce/brands','logo','Logo','2022-01-21 09:06:49','2022-01-21 09:07:21'),(2119,0,'en','plugins/ecommerce/brands','website','Website','2022-01-21 09:06:49','2022-01-21 09:07:21'),(2120,0,'en','plugins/ecommerce/brands','notices.no_select','Please select at least one record to take this action!','2022-01-21 09:06:49','2022-01-21 09:07:21'),(2121,0,'en','plugins/ecommerce/brands','notices.update_success_message','Update successfully','2022-01-21 09:06:49','2022-01-21 09:07:21'),(2122,0,'en','plugins/ecommerce/brands','cannot_delete','Brand could not be deleted','2022-01-21 09:06:49','2022-01-21 09:07:21'),(2123,0,'en','plugins/ecommerce/brands','brand_deleted','Brand deleted','2022-01-21 09:06:49','2022-01-21 09:07:21'),(2124,0,'en','plugins/ecommerce/brands','menu','Brands','2022-01-21 09:06:49','2022-01-21 09:07:21'),(2125,0,'en','plugins/ecommerce/brands','no_brand','No brand','2022-01-21 09:06:49','2022-01-21 09:07:21'),(2126,0,'en','plugins/ecommerce/brands','intro.title','Manage brands','2022-01-21 09:06:49','2022-01-21 09:07:21'),(2127,0,'en','plugins/ecommerce/brands','intro.description','Manage product brands such as Nike, Adidas, Bitis ...','2022-01-21 09:06:49','2022-01-21 09:07:21'),(2128,0,'en','plugins/ecommerce/brands','intro.button_text','Create brand','2022-01-21 09:06:49','2022-01-21 09:07:21'),(2129,0,'en','plugins/ecommerce/bulk-import','name','Bulk Import','2022-01-21 09:06:49','2022-01-21 09:07:21'),(2130,0,'en','plugins/ecommerce/bulk-import','loading_text','Importing','2022-01-21 09:06:49','2022-01-21 09:07:21'),(2131,0,'en','plugins/ecommerce/bulk-import','imported_successfully','Imported successfully.','2022-01-21 09:06:49','2022-01-21 09:07:21'),(2132,0,'en','plugins/ecommerce/bulk-import','please_choose_the_file_mime','Please choose the file mime :types','2022-01-21 09:06:49','2022-01-21 09:07:21'),(2133,0,'en','plugins/ecommerce/bulk-import','please_choose_the_file','Please choose the file','2022-01-21 09:06:49','2022-01-21 09:07:21'),(2134,0,'en','plugins/ecommerce/bulk-import','start_import','Start Import','2022-01-21 09:06:49','2022-01-21 09:07:21'),(2135,0,'en','plugins/ecommerce/bulk-import','note','Note!','2022-01-21 09:06:49','2022-01-21 09:07:21'),(2136,0,'en','plugins/ecommerce/bulk-import','warning_before_importing','If this is your first time using this feature, please read the documentation or contact the Administrator for access to the correct functionality!','2022-01-21 09:06:49','2022-01-21 09:07:21'),(2137,0,'en','plugins/ecommerce/bulk-import','results','Result: :success successes, :failed failures','2022-01-21 09:06:49','2022-01-21 09:07:21'),(2138,0,'en','plugins/ecommerce/bulk-import','failures','Failures','2022-01-21 09:06:49','2022-01-21 09:07:21'),(2139,0,'en','plugins/ecommerce/bulk-import','tables.import','Import','2022-01-21 09:06:49','2022-01-21 09:07:21'),(2140,0,'en','plugins/ecommerce/bulk-import','template','Template','2022-01-21 09:06:49','2022-01-21 09:07:21'),(2141,0,'en','plugins/ecommerce/bulk-import','rules','Rules','2022-01-21 09:06:49','2022-01-21 09:07:21'),(2142,0,'en','plugins/ecommerce/bulk-import','choose_file_with_mime','Choose file with mime: (:types)','2022-01-21 09:06:49','2022-01-21 09:07:21'),(2143,0,'en','plugins/ecommerce/bulk-import','choose_file','Choose file','2022-01-21 09:06:50','2022-01-21 09:07:21'),(2144,0,'en','plugins/ecommerce/bulk-import','menu','Import products','2022-01-21 09:06:50','2022-01-21 09:07:21'),(2145,0,'en','plugins/ecommerce/bulk-import','download-csv-file','Download CSV template','2022-01-21 09:06:50','2022-01-21 09:07:21'),(2146,0,'en','plugins/ecommerce/bulk-import','download-excel-file','Download Excel template','2022-01-21 09:06:50','2022-01-21 09:07:21'),(2147,0,'en','plugins/ecommerce/bulk-import','downloading','Downloading...','2022-01-21 09:06:50','2022-01-21 09:07:21'),(2148,0,'en','plugins/ecommerce/bulk-import','export.template.input_error','Input error','2022-01-21 09:06:50','2022-01-21 09:07:21'),(2149,0,'en','plugins/ecommerce/bulk-import','export.template.number_not_allowed','Number is not allowed!','2022-01-21 09:06:50','2022-01-21 09:07:21'),(2150,0,'en','plugins/ecommerce/bulk-import','export.template.allowed_input','Allowed input','2022-01-21 09:06:50','2022-01-21 09:07:21'),(2151,0,'en','plugins/ecommerce/bulk-import','export.template.prompt_decimal','Only numbers or decimals are accepted and greater than or equal to :min.','2022-01-21 09:06:50','2022-01-21 09:07:21'),(2152,0,'en','plugins/ecommerce/bulk-import','export.template.prompt_whole_number','Only numbers are accepted and greater than or equal to :min.','2022-01-21 09:06:50','2022-01-21 09:07:21'),(2153,0,'en','plugins/ecommerce/bulk-import','export.template.prompt_list','Please pick a value from the drop-down list.','2022-01-21 09:06:50','2022-01-21 09:07:21'),(2154,0,'en','plugins/ecommerce/bulk-import','export.template.pick_from_list','Pick from list','2022-01-21 09:06:50','2022-01-21 09:07:21'),(2155,0,'en','plugins/ecommerce/bulk-import','export.template.value_not_in_list','Value is not in list.','2022-01-21 09:06:50','2022-01-21 09:07:21'),(2156,0,'en','plugins/ecommerce/bulk-import','import_failed_description','Import failed, please check the errors below!','2022-01-21 09:06:50','2022-01-21 09:07:21'),(2157,0,'en','plugins/ecommerce/currency','currencies','Currencies','2022-01-21 09:06:50','2022-01-21 09:07:21'),(2158,0,'en','plugins/ecommerce/currency','setting_description','List of currencies using on website','2022-01-21 09:06:50','2022-01-21 09:07:21'),(2159,0,'en','plugins/ecommerce/currency','name','Name','2022-01-21 09:06:50','2022-01-21 09:07:21'),(2160,0,'en','plugins/ecommerce/currency','symbol','Symbol','2022-01-21 09:06:50','2022-01-21 09:07:21'),(2161,0,'en','plugins/ecommerce/currency','number_of_decimals','Number of decimals','2022-01-21 09:06:50','2022-01-21 09:07:21'),(2162,0,'en','plugins/ecommerce/currency','exchange_rate','Exchange rate','2022-01-21 09:06:50','2022-01-21 09:07:21'),(2163,0,'en','plugins/ecommerce/currency','is_prefix_symbol','Position of symbol','2022-01-21 09:06:50','2022-01-21 09:07:21'),(2164,0,'en','plugins/ecommerce/currency','is_default','Is default?','2022-01-21 09:06:50','2022-01-21 09:07:21'),(2165,0,'en','plugins/ecommerce/currency','remove','Remove','2022-01-21 09:06:50','2022-01-21 09:07:21'),(2166,0,'en','plugins/ecommerce/currency','new_currency','Add a new currency','2022-01-21 09:06:50','2022-01-21 09:07:21'),(2167,0,'en','plugins/ecommerce/currency','save_settings','Save settings','2022-01-21 09:06:50','2022-01-21 09:07:21'),(2168,0,'en','plugins/ecommerce/currency','before_number','Before number','2022-01-21 09:06:50','2022-01-21 09:07:21'),(2169,0,'en','plugins/ecommerce/currency','after_number','After number','2022-01-21 09:06:50','2022-01-21 09:07:21'),(2170,0,'en','plugins/ecommerce/currency','require_at_least_one_currency','The system requires at least one currency!','2022-01-21 09:06:50','2022-01-21 09:07:21'),(2171,0,'en','plugins/ecommerce/currency','enable_auto_detect_visitor_currency','Enable auto-detect visitor currency?','2022-01-21 09:06:50','2022-01-21 09:07:21'),(2172,0,'en','plugins/ecommerce/customer','name','Customers','2022-01-21 09:06:50','2022-01-21 09:07:21'),(2173,0,'en','plugins/ecommerce/customer','create','Create a customer','2022-01-21 09:06:50','2022-01-21 09:07:21'),(2174,0,'en','plugins/ecommerce/customer','edit','Edit customer \":name\"','2022-01-21 09:06:50','2022-01-21 09:07:21'),(2175,0,'en','plugins/ecommerce/customer','email','Email','2022-01-21 09:06:50','2022-01-21 09:07:21'),(2176,0,'en','plugins/ecommerce/customer','email_placeholder','Ex: example@gmail.com','2022-01-21 09:06:50','2022-01-21 09:07:21'),(2177,0,'en','plugins/ecommerce/customer','password','Password','2022-01-21 09:06:50','2022-01-21 09:07:21'),(2178,0,'en','plugins/ecommerce/customer','change_password','Change password?','2022-01-21 09:06:50','2022-01-21 09:07:21'),(2179,0,'en','plugins/ecommerce/customer','password_confirmation','Password confirmation','2022-01-21 09:06:50','2022-01-21 09:07:21'),(2180,0,'en','plugins/ecommerce/customer','intro.title','Manage customers','2022-01-21 09:06:50','2022-01-21 09:07:21'),(2181,0,'en','plugins/ecommerce/customer','intro.description','When a customer buy your product(s), you will know their order histories.','2022-01-21 09:06:50','2022-01-21 09:07:21'),(2182,0,'en','plugins/ecommerce/customer','intro.button_text','Create customer','2022-01-21 09:06:50','2022-01-21 09:07:21'),(2183,0,'en','plugins/ecommerce/customer','phone','Phone','2022-01-21 09:06:50','2022-01-21 09:07:21'),(2184,0,'en','plugins/ecommerce/customer','phone_placeholder','Phone','2022-01-21 09:06:50','2022-01-21 09:07:21'),(2185,0,'en','plugins/ecommerce/customer','avatar','Avatar','2022-01-21 09:06:50','2022-01-21 09:07:21'),(2186,0,'en','plugins/ecommerce/customer','dob','Date of birth','2022-01-21 09:06:50','2022-01-21 09:07:21'),(2187,0,'en','plugins/ecommerce/customer','statuses.activated','Activated','2022-01-21 09:06:50','2022-01-21 09:07:21'),(2188,0,'en','plugins/ecommerce/customer','statuses.locked','Locked','2022-01-21 09:06:50','2022-01-21 09:07:21'),(2189,0,'en','plugins/ecommerce/customer','email_verified','Email verified?','2022-01-21 09:06:50','2022-01-21 09:07:21'),(2190,0,'en','plugins/ecommerce/discount','name','Discounts','2022-01-21 09:06:50','2022-01-21 09:07:21'),(2191,0,'en','plugins/ecommerce/discount','create','Create discount','2022-01-21 09:06:50','2022-01-21 09:07:21'),(2192,0,'en','plugins/ecommerce/discount','invalid_coupon','This coupon is invalid or expired!','2022-01-21 09:06:50','2022-01-21 09:07:21'),(2193,0,'en','plugins/ecommerce/discount','cannot_use_same_time_with_other_discount_program','Cannot use this coupon in the same time with other discount program!','2022-01-21 09:06:50','2022-01-21 09:07:21'),(2194,0,'en','plugins/ecommerce/discount','not_used','This coupon is not used yet!','2022-01-21 09:06:50','2022-01-21 09:07:21'),(2195,0,'en','plugins/ecommerce/discount','detail','Detail','2022-01-21 09:06:50','2022-01-21 09:07:21'),(2196,0,'en','plugins/ecommerce/discount','used','Used','2022-01-21 09:06:50','2022-01-21 09:07:21'),(2197,0,'en','plugins/ecommerce/discount','intro.title','Manage discount/coupon code','2022-01-21 09:06:50','2022-01-21 09:07:21'),(2198,0,'en','plugins/ecommerce/discount','intro.description','Create coupon code or promotion for your products.','2022-01-21 09:06:50','2022-01-21 09:07:21'),(2199,0,'en','plugins/ecommerce/discount','intro.button_text','Create discount','2022-01-21 09:06:50','2022-01-21 09:07:21'),(2200,0,'en','plugins/ecommerce/discount','expired','Expired','2022-01-21 09:06:50','2022-01-21 09:07:21'),(2201,0,'en','plugins/ecommerce/discount','discount_promotion','Discount promotion','2022-01-21 09:06:50','2022-01-21 09:07:21'),(2202,0,'en','plugins/ecommerce/discount','can','can','2022-01-21 09:06:50','2022-01-21 09:07:21'),(2203,0,'en','plugins/ecommerce/discount','cannot','cannot','2022-01-21 09:06:50','2022-01-21 09:07:21'),(2204,0,'en','plugins/ecommerce/discount','use_with_promotion','be used with promotion','2022-01-21 09:06:50','2022-01-21 09:07:21'),(2205,0,'en','plugins/ecommerce/discount','create_discount_validate_title_required_if','Please enter the name of the promotion','2022-01-21 09:06:50','2022-01-21 09:07:21'),(2206,0,'en','plugins/ecommerce/discount','create_discount_validate_code_required_if','Please enter the promotion code','2022-01-21 09:06:50','2022-01-21 09:07:21'),(2207,0,'en','plugins/ecommerce/discount','create_discount_validate_value_required','Amount must be greater than 0','2022-01-21 09:06:50','2022-01-21 09:07:21'),(2208,0,'en','plugins/ecommerce/discount','create_discount_validate_target_required','No object selected for promotion','2022-01-21 09:06:50','2022-01-21 09:07:21'),(2209,0,'en','plugins/ecommerce/discount','enums.type-options.amount','Amount - Fixed','2022-01-21 09:06:50','2022-01-21 09:07:21'),(2210,0,'en','plugins/ecommerce/discount','enums.type-options.percentage','Discount %','2022-01-21 09:06:50','2022-01-21 09:07:21'),(2211,0,'en','plugins/ecommerce/discount','enums.type-options.shipping','Free shipping','2022-01-21 09:06:50','2022-01-21 09:07:21'),(2212,0,'en','plugins/ecommerce/discount','enums.type-options.same-price','Same price','2022-01-21 09:06:50','2022-01-21 09:07:21'),(2213,0,'en','plugins/ecommerce/discount','discount','Discount','2022-01-21 09:06:50','2022-01-21 09:07:21'),(2214,0,'en','plugins/ecommerce/discount','create_coupon_code','Create coupon code','2022-01-21 09:06:50','2022-01-21 09:07:21'),(2215,0,'en','plugins/ecommerce/discount','create_discount_promotion','Create discount promotion','2022-01-21 09:06:50','2022-01-21 09:07:21'),(2216,0,'en','plugins/ecommerce/discount','generate_coupon_code','Generate coupon code','2022-01-21 09:06:50','2022-01-21 09:07:21'),(2217,0,'en','plugins/ecommerce/discount','customers_will_enter_this_coupon_code_when_they_checkout','Customers will enter this coupon code when they checkout','2022-01-21 09:06:50','2022-01-21 09:07:21'),(2218,0,'en','plugins/ecommerce/discount','select_type_of_discount','Select type of discount','2022-01-21 09:06:50','2022-01-21 09:07:21'),(2219,0,'en','plugins/ecommerce/discount','coupon_code','Coupon code','2022-01-21 09:06:50','2022-01-21 09:07:21'),(2220,0,'en','plugins/ecommerce/discount','promotion','Promotion','2022-01-21 09:06:50','2022-01-21 09:07:21'),(2221,0,'en','plugins/ecommerce/discount','can_be_used_with_promotion','Can be used with promotion','2022-01-21 09:06:50','2022-01-21 09:07:21'),(2222,0,'en','plugins/ecommerce/discount','unlimited_coupon','Unlimited coupon','2022-01-21 09:06:50','2022-01-21 09:07:21'),(2223,0,'en','plugins/ecommerce/discount','enter_number','Enter number','2022-01-21 09:06:50','2022-01-21 09:07:21'),(2224,0,'en','plugins/ecommerce/discount','coupon_type','Coupon type','2022-01-21 09:06:50','2022-01-21 09:07:21'),(2225,0,'en','plugins/ecommerce/discount','percentage_discount','Percentage discount (%)','2022-01-21 09:06:50','2022-01-21 09:07:21'),(2226,0,'en','plugins/ecommerce/discount','free_shipping','Free shipping','2022-01-21 09:06:50','2022-01-21 09:07:21'),(2227,0,'en','plugins/ecommerce/discount','same_price','Same price','2022-01-21 09:06:50','2022-01-21 09:07:21'),(2228,0,'en','plugins/ecommerce/discount','apply_for','apply for','2022-01-21 09:06:50','2022-01-21 09:07:21'),(2229,0,'en','plugins/ecommerce/discount','all_orders','All orders','2022-01-21 09:06:50','2022-01-21 09:07:21'),(2230,0,'en','plugins/ecommerce/discount','order_amount_from','Order amount from','2022-01-21 09:06:50','2022-01-21 09:07:21'),(2231,0,'en','plugins/ecommerce/discount','product_collection','Product collection','2022-01-21 09:06:50','2022-01-21 09:07:21'),(2232,0,'en','plugins/ecommerce/discount','product','Product','2022-01-21 09:06:50','2022-01-21 09:07:21'),(2233,0,'en','plugins/ecommerce/discount','customer','Customer','2022-01-21 09:06:50','2022-01-21 09:07:21'),(2234,0,'en','plugins/ecommerce/discount','variant','Variant','2022-01-21 09:06:50','2022-01-21 09:07:21'),(2235,0,'en','plugins/ecommerce/discount','search_product','Search product','2022-01-21 09:06:50','2022-01-21 09:07:21'),(2236,0,'en','plugins/ecommerce/discount','no_products_found','No products found!','2022-01-21 09:06:50','2022-01-21 09:07:21'),(2237,0,'en','plugins/ecommerce/discount','search_customer','Search customer','2022-01-21 09:06:50','2022-01-21 09:07:21'),(2238,0,'en','plugins/ecommerce/discount','no_customer_found','No customer found!','2022-01-21 09:06:50','2022-01-21 09:07:21'),(2239,0,'en','plugins/ecommerce/discount','one_time_per_order','One time per order','2022-01-21 09:06:50','2022-01-21 09:07:21'),(2240,0,'en','plugins/ecommerce/discount','one_time_per_product_in_cart','One time per product in cart','2022-01-21 09:06:50','2022-01-21 09:07:21'),(2241,0,'en','plugins/ecommerce/discount','number_of_products','Number of products required to apply','2022-01-21 09:06:50','2022-01-21 09:07:21'),(2242,0,'en','plugins/ecommerce/discount','selected_products','Selected products','2022-01-21 09:06:50','2022-01-21 09:07:21'),(2243,0,'en','plugins/ecommerce/discount','selected_customers','Selected customers','2022-01-21 09:06:50','2022-01-21 09:07:21'),(2244,0,'en','plugins/ecommerce/discount','time','Time','2022-01-21 09:06:50','2022-01-21 09:07:21'),(2245,0,'en','plugins/ecommerce/discount','start_date','Start date','2022-01-21 09:06:50','2022-01-21 09:07:21'),(2246,0,'en','plugins/ecommerce/discount','end_date','End date','2022-01-21 09:06:50','2022-01-21 09:07:21'),(2247,0,'en','plugins/ecommerce/discount','never_expired','Never expired','2022-01-21 09:06:50','2022-01-21 09:07:21'),(2248,0,'en','plugins/ecommerce/discount','save','Save','2022-01-21 09:06:50','2022-01-21 09:07:21'),(2249,0,'en','plugins/ecommerce/discount','enter_promotion_name','Enter promotion name','2022-01-21 09:06:50','2022-01-21 09:07:21'),(2250,0,'en','plugins/ecommerce/discount','enter_coupon_name','Enter coupon name','2022-01-21 09:06:50','2022-01-21 09:07:21'),(2251,0,'en','plugins/ecommerce/discount','cancel','Cancel','2022-01-21 09:06:50','2022-01-21 09:07:21'),(2252,0,'en','plugins/ecommerce/discount','is','Is','2022-01-21 09:06:50','2022-01-21 09:07:21'),(2253,0,'en','plugins/ecommerce/discount','when_shipping_fee_less_than','when shipping fee less than','2022-01-21 09:06:50','2022-01-21 09:07:21'),(2254,0,'en','plugins/ecommerce/ecommerce','settings','Settings','2022-01-21 09:06:50','2022-01-21 09:07:21'),(2255,0,'en','plugins/ecommerce/ecommerce','name','Ecommerce','2022-01-21 09:06:50','2022-01-21 09:07:21'),(2256,0,'en','plugins/ecommerce/ecommerce','setting.email.title','E-commerce','2022-01-21 09:06:50','2022-01-21 09:07:21'),(2257,0,'en','plugins/ecommerce/ecommerce','setting.email.description','Ecommerce email config','2022-01-21 09:06:50','2022-01-21 09:07:21'),(2258,0,'en','plugins/ecommerce/ecommerce','setting.email.order_confirm_subject','Subject of order confirmation email','2022-01-21 09:06:50','2022-01-21 09:07:21'),(2259,0,'en','plugins/ecommerce/ecommerce','setting.email.order_confirm_subject_placeholder','The subject of email confirmation send to the customer','2022-01-21 09:06:50','2022-01-21 09:07:21'),(2260,0,'en','plugins/ecommerce/ecommerce','setting.email.order_confirm_content','Content of order confirmation email','2022-01-21 09:06:50','2022-01-21 09:07:21'),(2261,0,'en','plugins/ecommerce/ecommerce','setting.email.order_status_change_subject','Subject of email when changing order\'s status','2022-01-21 09:06:50','2022-01-21 09:07:21'),(2262,0,'en','plugins/ecommerce/ecommerce','setting.email.order_status_change_subject_placeholder','Subject of email when changing order\'s status send to customer','2022-01-21 09:06:50','2022-01-21 09:07:21'),(2263,0,'en','plugins/ecommerce/ecommerce','setting.email.order_status_change_content','Content of email when changing order\'s status','2022-01-21 09:06:50','2022-01-21 09:07:21'),(2264,0,'en','plugins/ecommerce/ecommerce','setting.email.from_email','Email from','2022-01-21 09:06:50','2022-01-21 09:07:21'),(2265,0,'en','plugins/ecommerce/ecommerce','setting.email.from_email_placeholder','Email from address to display in mail. Ex: example@gmail.com','2022-01-21 09:06:50','2022-01-21 09:07:21'),(2266,0,'en','plugins/ecommerce/ecommerce','setting.title','Basic information','2022-01-21 09:06:50','2022-01-21 09:07:21'),(2267,0,'en','plugins/ecommerce/ecommerce','setting.state','State','2022-01-21 09:06:50','2022-01-21 09:07:21'),(2268,0,'en','plugins/ecommerce/ecommerce','setting.city','City','2022-01-21 09:06:50','2022-01-21 09:07:21'),(2269,0,'en','plugins/ecommerce/ecommerce','setting.country','Country','2022-01-21 09:06:50','2022-01-21 09:07:21'),(2270,0,'en','plugins/ecommerce/ecommerce','setting.select country','Select a country...','2022-01-21 09:06:50','2022-01-21 09:07:21'),(2271,0,'en','plugins/ecommerce/ecommerce','setting.weight_unit_gram','Gram (g)','2022-01-21 09:06:50','2022-01-21 09:07:21'),(2272,0,'en','plugins/ecommerce/ecommerce','setting.weight_unit_kilogram','Kilogram (kg)','2022-01-21 09:06:50','2022-01-21 09:07:21'),(2273,0,'en','plugins/ecommerce/ecommerce','setting.weight_unit_lb','Pound (lb)','2022-01-21 09:06:50','2022-01-21 09:07:21'),(2274,0,'en','plugins/ecommerce/ecommerce','setting.weight_unit_oz','Ounce (oz)','2022-01-21 09:06:50','2022-01-21 09:07:21'),(2275,0,'en','plugins/ecommerce/ecommerce','setting.height_unit_cm','Centimeter (cm)','2022-01-21 09:06:50','2022-01-21 09:07:21'),(2276,0,'en','plugins/ecommerce/ecommerce','setting.height_unit_m','Meter (m)','2022-01-21 09:06:50','2022-01-21 09:07:21'),(2277,0,'en','plugins/ecommerce/ecommerce','setting.height_unit_inch','Inch','2022-01-21 09:06:50','2022-01-21 09:07:21'),(2278,0,'en','plugins/ecommerce/ecommerce','setting.store_locator_title','Store locators','2022-01-21 09:06:50','2022-01-21 09:07:21'),(2279,0,'en','plugins/ecommerce/ecommerce','setting.store_locator_description','All the lists of your chains, main stores, branches, etc. The locations can be used to track sales and to help us configure tax rates to charge when selling products.','2022-01-21 09:06:50','2022-01-21 09:07:21'),(2280,0,'en','plugins/ecommerce/ecommerce','setting.phone','Phone','2022-01-21 09:06:50','2022-01-21 09:07:21'),(2281,0,'en','plugins/ecommerce/ecommerce','setting.address','Address','2022-01-21 09:06:50','2022-01-21 09:07:21'),(2282,0,'en','plugins/ecommerce/ecommerce','setting.is_primary','Primary?','2022-01-21 09:06:50','2022-01-21 09:07:21'),(2283,0,'en','plugins/ecommerce/ecommerce','setting.add_new','Add new','2022-01-21 09:06:50','2022-01-21 09:07:21'),(2284,0,'en','plugins/ecommerce/ecommerce','setting.or','Or','2022-01-21 09:06:50','2022-01-21 09:07:21'),(2285,0,'en','plugins/ecommerce/ecommerce','setting.change_primary_store','change default store locator','2022-01-21 09:06:50','2022-01-21 09:07:21'),(2286,0,'en','plugins/ecommerce/ecommerce','setting.other_settings','Other settings','2022-01-21 09:06:50','2022-01-21 09:07:21'),(2287,0,'en','plugins/ecommerce/ecommerce','setting.other_settings_description','Settings for cart, review...','2022-01-21 09:06:50','2022-01-21 09:07:21'),(2288,0,'en','plugins/ecommerce/ecommerce','setting.enable_cart','Enable shopping cart?','2022-01-21 09:06:50','2022-01-21 09:07:21'),(2289,0,'en','plugins/ecommerce/ecommerce','setting.enable_tax','Enable tax?','2022-01-21 09:06:50','2022-01-21 09:07:21'),(2290,0,'en','plugins/ecommerce/ecommerce','setting.display_product_price_including_taxes','Display product price including taxes?','2022-01-21 09:06:50','2022-01-21 09:07:21'),(2291,0,'en','plugins/ecommerce/ecommerce','setting.enable_review','Enable review?','2022-01-21 09:06:50','2022-01-21 09:07:21'),(2292,0,'en','plugins/ecommerce/ecommerce','setting.enable_quick_buy_button','Enable quick buy button?','2022-01-21 09:06:50','2022-01-21 09:07:21'),(2293,0,'en','plugins/ecommerce/ecommerce','setting.quick_buy_target','Quick buy target page?','2022-01-21 09:06:50','2022-01-21 09:07:21'),(2294,0,'en','plugins/ecommerce/ecommerce','setting.checkout_page','Checkout page','2022-01-21 09:06:50','2022-01-21 09:07:21'),(2295,0,'en','plugins/ecommerce/ecommerce','setting.cart_page','Cart page','2022-01-21 09:06:50','2022-01-21 09:07:21'),(2296,0,'en','plugins/ecommerce/ecommerce','setting.add_location','Add location','2022-01-21 09:06:50','2022-01-21 09:07:21'),(2297,0,'en','plugins/ecommerce/ecommerce','setting.edit_location','Edit location','2022-01-21 09:06:50','2022-01-21 09:07:21'),(2298,0,'en','plugins/ecommerce/ecommerce','setting.delete_location','Delete location','2022-01-21 09:06:50','2022-01-21 09:07:21'),(2299,0,'en','plugins/ecommerce/ecommerce','setting.change_primary_location','Change primary location','2022-01-21 09:06:50','2022-01-21 09:07:21'),(2300,0,'en','plugins/ecommerce/ecommerce','setting.delete_location_confirmation','Are you sure you want to delete this location? This action cannot be undo.','2022-01-21 09:06:50','2022-01-21 09:07:21'),(2301,0,'en','plugins/ecommerce/ecommerce','setting.save_location','Save location','2022-01-21 09:06:50','2022-01-21 09:07:21'),(2302,0,'en','plugins/ecommerce/ecommerce','setting.accept','Accept','2022-01-21 09:06:50','2022-01-21 09:07:21'),(2303,0,'en','plugins/ecommerce/ecommerce','setting.select_country','Select country','2022-01-21 09:06:50','2022-01-21 09:07:21'),(2304,0,'en','plugins/ecommerce/ecommerce','setting.zip_code_enabled','Enable Zip Code?','2022-01-21 09:06:50','2022-01-21 09:07:21'),(2305,0,'en','plugins/ecommerce/ecommerce','setting.thousands_separator','Thousands separator','2022-01-21 09:06:50','2022-01-21 09:07:21'),(2306,0,'en','plugins/ecommerce/ecommerce','setting.decimal_separator','Decimal separator','2022-01-21 09:06:50','2022-01-21 09:07:21'),(2307,0,'en','plugins/ecommerce/ecommerce','setting.separator_period','Period (.)','2022-01-21 09:06:50','2022-01-21 09:07:21'),(2308,0,'en','plugins/ecommerce/ecommerce','setting.separator_comma','Comma (,)','2022-01-21 09:06:50','2022-01-21 09:07:21'),(2309,0,'en','plugins/ecommerce/ecommerce','setting.separator_space','Space ( )','2022-01-21 09:06:50','2022-01-21 09:07:21'),(2310,0,'en','plugins/ecommerce/ecommerce','setting.available_countries','Available countries','2022-01-21 09:06:50','2022-01-21 09:07:21'),(2311,0,'en','plugins/ecommerce/ecommerce','setting.all','All','2022-01-21 09:06:50','2022-01-21 09:07:21'),(2312,0,'en','plugins/ecommerce/ecommerce','setting.verify_customer_email','Verify customer\'s email?','2022-01-21 09:06:50','2022-01-21 09:07:21'),(2313,0,'en','plugins/ecommerce/ecommerce','setting.minimum_order_amount','Minimum order amount to place an order (:currency).','2022-01-21 09:06:50','2022-01-21 09:07:21'),(2314,0,'en','plugins/ecommerce/ecommerce','setting.enable_guest_checkout','Enable guest checkout?','2022-01-21 09:06:50','2022-01-21 09:07:21'),(2315,0,'en','plugins/ecommerce/ecommerce','setting.show_number_of_products','Show number of products in the product single','2022-01-21 09:06:50','2022-01-21 09:07:21'),(2316,0,'en','plugins/ecommerce/ecommerce','setting.payment_method_cod_minimum_amount','Minimum order amount - :currency (Optional)','2022-01-21 09:06:50','2022-01-21 09:07:21'),(2317,0,'en','plugins/ecommerce/ecommerce','setting.review.max_file_size','Review max file size (MB)','2022-01-21 09:06:50','2022-01-21 09:07:21'),(2318,0,'en','plugins/ecommerce/ecommerce','setting.review.max_file_number','Review max file number','2022-01-21 09:06:50','2022-01-21 09:07:21'),(2319,0,'en','plugins/ecommerce/ecommerce','setting.using_custom_font_for_invoice','Using custom font for invoice?','2022-01-21 09:06:50','2022-01-21 09:07:21'),(2320,0,'en','plugins/ecommerce/ecommerce','setting.invoice_font_family','Invoice font family (Only work for Latin language)','2022-01-21 09:06:50','2022-01-21 09:07:21'),(2321,0,'en','plugins/ecommerce/ecommerce','setting.enable_invoice_stamp','Enable invoice stamp?','2022-01-21 09:06:50','2022-01-21 09:07:21'),(2322,0,'en','plugins/ecommerce/ecommerce','setting.make_phone_field_at_the_checkout_optional','Make phone field at the checkout optional?','2022-01-21 09:06:50','2022-01-21 09:07:21'),(2323,0,'en','plugins/ecommerce/ecommerce','setting.disable_order_invoice_until_order_confirmed','Disable order invoice until order confirmed?','2022-01-21 09:06:50','2022-01-21 09:07:21'),(2324,0,'en','plugins/ecommerce/ecommerce','setting.vat_number','VAT number','2022-01-21 09:06:50','2022-01-21 09:07:21'),(2325,0,'en','plugins/ecommerce/ecommerce','setting.enable_recaptcha_in_register_page','Enable Recaptcha in the registration page?','2022-01-21 09:06:50','2022-01-21 09:07:21'),(2326,0,'en','plugins/ecommerce/ecommerce','setting.enable_recaptcha_in_register_page_description','Need to setup Captcha in Admin -> Settings -> General first.','2022-01-21 09:06:50','2022-01-21 09:07:21'),(2327,0,'en','plugins/ecommerce/ecommerce','setting.show_out_of_stock_products','Show out of stock products?','2022-01-21 09:06:50','2022-01-21 09:07:21'),(2328,0,'en','plugins/ecommerce/ecommerce','setting.default_tax_rate','Default tax rate','2022-01-21 09:06:50','2022-01-21 09:07:21'),(2329,0,'en','plugins/ecommerce/ecommerce','setting.default_tax_rate_description','Important: it will be applied if no tax selected in product.','2022-01-21 09:06:50','2022-01-21 09:07:21'),(2330,0,'en','plugins/ecommerce/ecommerce','setting.how_to_display_product_variation_images','How to display product variation images?','2022-01-21 09:06:50','2022-01-21 09:07:21'),(2331,0,'en','plugins/ecommerce/ecommerce','setting.only_variation_images','Only variation images','2022-01-21 09:06:50','2022-01-21 09:07:21'),(2332,0,'en','plugins/ecommerce/ecommerce','setting.variation_images_and_main_product_images','Variation images + main product images','2022-01-21 09:06:50','2022-01-21 09:07:21'),(2333,0,'en','plugins/ecommerce/ecommerce','setting.load_countries_states_cities_from_location_plugin','Load countries, states, cities from plugin location?','2022-01-21 09:06:50','2022-01-21 09:07:21'),(2334,0,'en','plugins/ecommerce/ecommerce','setting.enable_wishlist','Enable wishlist?','2022-01-21 09:06:50','2022-01-21 09:07:21'),(2335,0,'en','plugins/ecommerce/ecommerce','setting.enable_compare','Enable compare?','2022-01-21 09:06:50','2022-01-21 09:07:21'),(2336,0,'en','plugins/ecommerce/ecommerce','store_address','Store address','2022-01-21 09:06:50','2022-01-21 09:07:21'),(2337,0,'en','plugins/ecommerce/ecommerce','store_phone','Store phone','2022-01-21 09:06:50','2022-01-21 09:07:21'),(2338,0,'en','plugins/ecommerce/ecommerce','order_id','Order ID','2022-01-21 09:06:50','2022-01-21 09:07:21'),(2339,0,'en','plugins/ecommerce/ecommerce','order_token','Order token','2022-01-21 09:06:50','2022-01-21 09:07:21'),(2340,0,'en','plugins/ecommerce/ecommerce','customer_name','Customer name','2022-01-21 09:06:50','2022-01-21 09:07:21'),(2341,0,'en','plugins/ecommerce/ecommerce','customer_email','Customer email','2022-01-21 09:06:50','2022-01-21 09:07:21'),(2342,0,'en','plugins/ecommerce/ecommerce','customer_phone','Customer phone','2022-01-21 09:06:50','2022-01-21 09:07:21'),(2343,0,'en','plugins/ecommerce/ecommerce','customer_address','Customer address','2022-01-21 09:06:50','2022-01-21 09:07:21'),(2344,0,'en','plugins/ecommerce/ecommerce','product_list','List products in order','2022-01-21 09:06:50','2022-01-21 09:07:21'),(2345,0,'en','plugins/ecommerce/ecommerce','payment_detail','Payment detail','2022-01-21 09:06:50','2022-01-21 09:07:21'),(2346,0,'en','plugins/ecommerce/ecommerce','shipping_method','Shipping method','2022-01-21 09:06:50','2022-01-21 09:07:21'),(2347,0,'en','plugins/ecommerce/ecommerce','payment_method','Payment method','2022-01-21 09:06:50','2022-01-21 09:07:21'),(2348,0,'en','plugins/ecommerce/ecommerce','standard_and_format','Standard & Format','2022-01-21 09:06:50','2022-01-21 09:07:21'),(2349,0,'en','plugins/ecommerce/ecommerce','standard_and_format_description','Standards and formats are used to calculate things like product prices, shipping weights, and order times.','2022-01-21 09:06:50','2022-01-21 09:07:21'),(2350,0,'en','plugins/ecommerce/ecommerce','change_order_format','Edit order code format (optional)','2022-01-21 09:06:50','2022-01-21 09:07:21'),(2351,0,'en','plugins/ecommerce/ecommerce','change_order_format_description','The default order code starts at: number. You can change the start or end string to create the order code you want, for example \"DH-: number\" or \": number-A\"','2022-01-21 09:06:50','2022-01-21 09:07:21'),(2352,0,'en','plugins/ecommerce/ecommerce','start_with','Start with','2022-01-21 09:06:50','2022-01-21 09:07:21'),(2353,0,'en','plugins/ecommerce/ecommerce','end_with','End with','2022-01-21 09:06:50','2022-01-21 09:07:21'),(2354,0,'en','plugins/ecommerce/ecommerce','order_will_be_shown','Your order code will be shown','2022-01-21 09:06:50','2022-01-21 09:07:21'),(2355,0,'en','plugins/ecommerce/ecommerce','weight_unit','Unit of weight','2022-01-21 09:06:50','2022-01-21 09:07:21'),(2356,0,'en','plugins/ecommerce/ecommerce','height_unit','Unit length / height','2022-01-21 09:06:50','2022-01-21 09:07:21'),(2357,0,'en','plugins/ecommerce/ecommerce','theme_options.name','Ecommerce','2022-01-21 09:06:50','2022-01-21 09:07:21'),(2358,0,'en','plugins/ecommerce/ecommerce','theme_options.description','Theme options for Ecommerce','2022-01-21 09:06:50','2022-01-21 09:07:21'),(2359,0,'en','plugins/ecommerce/ecommerce','theme_options.number_products_per_page','Number of products per page','2022-01-21 09:06:50','2022-01-21 09:07:21'),(2360,0,'en','plugins/ecommerce/ecommerce','theme_options.number_of_cross_sale_product','Number of cross sale products in product detail page','2022-01-21 09:06:50','2022-01-21 09:07:21'),(2361,0,'en','plugins/ecommerce/ecommerce','theme_options.max_price_filter','Maximum price to filter','2022-01-21 09:06:50','2022-01-21 09:07:21'),(2362,0,'en','plugins/ecommerce/ecommerce','theme_options.logo_in_the_checkout_page','Logo in the checkout page (Default is the main logo)','2022-01-21 09:06:50','2022-01-21 09:07:21'),(2363,0,'en','plugins/ecommerce/ecommerce','theme_options.logo_in_invoices','Logo in invoices (Default is the main logo)','2022-01-21 09:06:50','2022-01-21 09:07:21'),(2364,0,'en','plugins/ecommerce/email','customer_new_order_title','Order confirmation','2022-01-21 09:06:50','2022-01-21 09:07:21'),(2365,0,'en','plugins/ecommerce/email','customer_new_order_description','Send email confirmation to customer when an order placed','2022-01-21 09:06:50','2022-01-21 09:07:21'),(2366,0,'en','plugins/ecommerce/email','order_cancellation_title','Order cancellation','2022-01-21 09:06:50','2022-01-21 09:07:21'),(2367,0,'en','plugins/ecommerce/email','order_cancellation_description','Send to custom when they cancelled order','2022-01-21 09:06:50','2022-01-21 09:07:21'),(2368,0,'en','plugins/ecommerce/email','delivery_confirmation_title','Delivering confirmation','2022-01-21 09:06:50','2022-01-21 09:07:21'),(2369,0,'en','plugins/ecommerce/email','delivery_confirmation_description','Send to customer when order is delivering','2022-01-21 09:06:50','2022-01-21 09:07:21'),(2370,0,'en','plugins/ecommerce/email','admin_new_order_title','Notice about new order','2022-01-21 09:06:50','2022-01-21 09:07:21'),(2371,0,'en','plugins/ecommerce/email','admin_new_order_description','Send to administrators when an order placed','2022-01-21 09:06:50','2022-01-21 09:07:21'),(2372,0,'en','plugins/ecommerce/email','order_confirmation_title','Order confirmation','2022-01-21 09:06:50','2022-01-21 09:07:21'),(2373,0,'en','plugins/ecommerce/email','order_confirmation_description','Send to customer when they order was confirmed by admins','2022-01-21 09:06:50','2022-01-21 09:07:21'),(2374,0,'en','plugins/ecommerce/email','payment_confirmation_title','Payment confirmation','2022-01-21 09:06:50','2022-01-21 09:07:21'),(2375,0,'en','plugins/ecommerce/email','payment_confirmation_description','Send to customer when their payment was confirmed','2022-01-21 09:06:50','2022-01-21 09:07:21'),(2376,0,'en','plugins/ecommerce/email','order_recover_title','Incomplete order','2022-01-21 09:06:50','2022-01-21 09:07:21'),(2377,0,'en','plugins/ecommerce/email','order_recover_description','Send to custom to remind them about incomplete orders','2022-01-21 09:06:50','2022-01-21 09:07:21'),(2378,0,'en','plugins/ecommerce/email','view_order','View order','2022-01-21 09:06:50','2022-01-21 09:07:21'),(2379,0,'en','plugins/ecommerce/email','link_go_to_our_shop','or <a href=\":link\">Go to our shop</a>','2022-01-21 09:06:50','2022-01-21 09:07:21'),(2380,0,'en','plugins/ecommerce/email','order_number','Order number: <strong>:order_id</strong>','2022-01-21 09:06:50','2022-01-21 09:07:21'),(2381,0,'en','plugins/ecommerce/email','order_information','Order information:','2022-01-21 09:06:50','2022-01-21 09:07:21'),(2382,0,'en','plugins/ecommerce/export','products.name','Export products','2022-01-21 09:06:50','2022-01-21 09:07:22'),(2383,0,'en','plugins/ecommerce/export','products.title','Export Products (CSV)','2022-01-21 09:06:50','2022-01-21 09:07:22'),(2384,0,'en','plugins/ecommerce/export','products.total_products','Total products','2022-01-21 09:06:50','2022-01-21 09:07:22'),(2385,0,'en','plugins/ecommerce/export','products.total_variations','Total variations','2022-01-21 09:06:50','2022-01-21 09:07:22'),(2386,0,'en','plugins/ecommerce/export','start_export','Start export','2022-01-21 09:06:50','2022-01-21 09:07:22'),(2387,0,'en','plugins/ecommerce/export','exporting','Exporting...','2022-01-21 09:06:50','2022-01-21 09:07:22'),(2388,0,'en','plugins/ecommerce/export','export','Export','2022-01-21 09:06:50','2022-01-21 09:07:22'),(2389,0,'en','plugins/ecommerce/flash-sale','name','Flash sales','2022-01-21 09:06:50','2022-01-21 09:07:22'),(2390,0,'en','plugins/ecommerce/flash-sale','create','New flash sale','2022-01-21 09:06:50','2022-01-21 09:07:22'),(2391,0,'en','plugins/ecommerce/flash-sale','edit','Edit flash sale','2022-01-21 09:06:50','2022-01-21 09:07:22'),(2392,0,'en','plugins/ecommerce/flash-sale','products','Products','2022-01-21 09:06:50','2022-01-21 09:07:22'),(2393,0,'en','plugins/ecommerce/order','statuses.pending','Pending','2022-01-21 09:06:50','2022-01-21 09:07:22'),(2394,0,'en','plugins/ecommerce/order','statuses.processing','Processing','2022-01-21 09:06:50','2022-01-21 09:07:22'),(2395,0,'en','plugins/ecommerce/order','statuses.completed','Completed','2022-01-21 09:06:50','2022-01-21 09:07:22'),(2396,0,'en','plugins/ecommerce/order','statuses.canceled','Canceled','2022-01-21 09:06:50','2022-01-21 09:07:22'),(2397,0,'en','plugins/ecommerce/order','menu','Orders','2022-01-21 09:06:50','2022-01-21 09:07:22'),(2398,0,'en','plugins/ecommerce/order','create','Create an order','2022-01-21 09:06:50','2022-01-21 09:07:22'),(2399,0,'en','plugins/ecommerce/order','cancel_error','The order is delivering or completed','2022-01-21 09:06:50','2022-01-21 09:07:22'),(2400,0,'en','plugins/ecommerce/order','cancel_success','You do cancel the order successful','2022-01-21 09:06:50','2022-01-21 09:07:22'),(2401,0,'en','plugins/ecommerce/order','incomplete_order','Incomplete orders','2022-01-21 09:06:50','2022-01-21 09:07:22'),(2402,0,'en','plugins/ecommerce/order','order_id','Order ID','2022-01-21 09:06:50','2022-01-21 09:07:22'),(2403,0,'en','plugins/ecommerce/order','product_id','Product ID','2022-01-21 09:06:50','2022-01-21 09:07:22'),(2404,0,'en','plugins/ecommerce/order','customer_label','Customer','2022-01-21 09:06:51','2022-01-21 09:07:22'),(2405,0,'en','plugins/ecommerce/order','tax_amount','Tax Amount','2022-01-21 09:06:51','2022-01-21 09:07:22'),(2406,0,'en','plugins/ecommerce/order','shipping_amount','Shipping amount','2022-01-21 09:06:51','2022-01-21 09:07:22'),(2407,0,'en','plugins/ecommerce/order','payment_method','Payment method','2022-01-21 09:06:51','2022-01-21 09:07:22'),(2408,0,'en','plugins/ecommerce/order','payment_status_label','Payment status','2022-01-21 09:06:51','2022-01-21 09:07:22'),(2409,0,'en','plugins/ecommerce/order','manage_orders','Manage orders','2022-01-21 09:06:51','2022-01-21 09:07:22'),(2410,0,'en','plugins/ecommerce/order','order_intro_description','Once your store has orders, this is where you will process and track those orders.','2022-01-21 09:06:51','2022-01-21 09:07:22'),(2411,0,'en','plugins/ecommerce/order','create_new_order','Create a new order','2022-01-21 09:06:51','2022-01-21 09:07:22'),(2412,0,'en','plugins/ecommerce/order','manage_incomplete_orders','Manage incomplete orders','2022-01-21 09:06:51','2022-01-21 09:07:22'),(2413,0,'en','plugins/ecommerce/order','incomplete_orders_intro_description','Incomplete order is an order created when a customer adds a product to the cart, proceeds to fill out the purchase information but does not complete the checkout process.','2022-01-21 09:06:51','2022-01-21 09:07:22'),(2414,0,'en','plugins/ecommerce/order','invoice_for_order','Invoice for order','2022-01-21 09:06:51','2022-01-21 09:07:22'),(2415,0,'en','plugins/ecommerce/order','created','Created','2022-01-21 09:06:51','2022-01-21 09:07:22'),(2416,0,'en','plugins/ecommerce/order','invoice','Invoice','2022-01-21 09:06:51','2022-01-21 09:07:22'),(2417,0,'en','plugins/ecommerce/order','return','Return','2022-01-21 09:06:51','2022-01-21 09:07:22'),(2418,0,'en','plugins/ecommerce/order','total_refund_amount','Total refund amount','2022-01-21 09:06:51','2022-01-21 09:07:22'),(2419,0,'en','plugins/ecommerce/order','total_amount_can_be_refunded','Total amount can be refunded','2022-01-21 09:06:51','2022-01-21 09:07:22'),(2420,0,'en','plugins/ecommerce/order','refund_reason','Refund reason (optional)','2022-01-21 09:06:51','2022-01-21 09:07:22'),(2421,0,'en','plugins/ecommerce/order','products','product(s)','2022-01-21 09:06:51','2022-01-21 09:07:22'),(2422,0,'en','plugins/ecommerce/order','default','Default','2022-01-21 09:06:51','2022-01-21 09:07:22'),(2423,0,'en','plugins/ecommerce/order','system','System','2022-01-21 09:06:51','2022-01-21 09:07:22'),(2424,0,'en','plugins/ecommerce/order','new_order_from','New order :order_id from :customer','2022-01-21 09:06:51','2022-01-21 09:07:22'),(2425,0,'en','plugins/ecommerce/order','confirmation_email_was_sent_to_customer','The email confirmation was sent to customer','2022-01-21 09:06:51','2022-01-21 09:07:22'),(2426,0,'en','plugins/ecommerce/order','address_name_required','The name field is required.','2022-01-21 09:06:51','2022-01-21 09:07:22'),(2427,0,'en','plugins/ecommerce/order','address_phone_required','The phone field is required.','2022-01-21 09:06:51','2022-01-21 09:07:22'),(2428,0,'en','plugins/ecommerce/order','address_email_required','The email field is required.','2022-01-21 09:06:51','2022-01-21 09:07:22'),(2429,0,'en','plugins/ecommerce/order','address_email_unique','The customer with that email is existed, please choose other email or login with this email!','2022-01-21 09:06:51','2022-01-21 09:07:22'),(2430,0,'en','plugins/ecommerce/order','address_state_required','The state field is required.','2022-01-21 09:06:51','2022-01-21 09:07:22'),(2431,0,'en','plugins/ecommerce/order','address_city_required','The city field is required.','2022-01-21 09:06:51','2022-01-21 09:07:22'),(2432,0,'en','plugins/ecommerce/order','address_country_required','The country field is required.','2022-01-21 09:06:51','2022-01-21 09:07:22'),(2433,0,'en','plugins/ecommerce/order','address_address_required','The address field is required.','2022-01-21 09:06:51','2022-01-21 09:07:22'),(2434,0,'en','plugins/ecommerce/order','create_order_from_payment_page','Order was created from checkout page','2022-01-21 09:06:51','2022-01-21 09:07:22'),(2435,0,'en','plugins/ecommerce/order','order_was_verified_by','Order was verified by %user_name%','2022-01-21 09:06:51','2022-01-21 09:07:22'),(2436,0,'en','plugins/ecommerce/order','new_order','New order :order_id','2022-01-21 09:06:51','2022-01-21 09:07:22'),(2437,0,'en','plugins/ecommerce/order','payment_was_confirmed_by','Payment was confirmed (amount :money) by %user_name%','2022-01-21 09:06:51','2022-01-21 09:07:22'),(2438,0,'en','plugins/ecommerce/order','edit_order','Edit order :code','2022-01-21 09:06:51','2022-01-21 09:07:22'),(2439,0,'en','plugins/ecommerce/order','confirm_order_success','Confirm order successfully!','2022-01-21 09:06:51','2022-01-21 09:07:22'),(2440,0,'en','plugins/ecommerce/order','error_when_sending_email','There is an error when sending email','2022-01-21 09:06:51','2022-01-21 09:07:22'),(2441,0,'en','plugins/ecommerce/order','sent_confirmation_email_success','Sent confirmation email successfully!','2022-01-21 09:06:51','2022-01-21 09:07:22'),(2442,0,'en','plugins/ecommerce/order','order_was_sent_to_shipping_team','Order was sent to shipping team','2022-01-21 09:06:51','2022-01-21 09:07:22'),(2443,0,'en','plugins/ecommerce/order','by_username','by %user_name%','2022-01-21 09:06:51','2022-01-21 09:07:22'),(2444,0,'en','plugins/ecommerce/order','shipping_was_created_from','Shipping was created from order %order_id%','2022-01-21 09:06:51','2022-01-21 09:07:22'),(2445,0,'en','plugins/ecommerce/order','shipping_was_canceled_success','Shipping was cancelled successfully!','2022-01-21 09:06:51','2022-01-21 09:07:22'),(2446,0,'en','plugins/ecommerce/order','shipping_was_canceled_by','Shipping was cancelled by %user_name%','2022-01-21 09:06:51','2022-01-21 09:07:22'),(2447,0,'en','plugins/ecommerce/order','update_shipping_address_success','Update shipping address successfully!','2022-01-21 09:06:51','2022-01-21 09:07:22'),(2448,0,'en','plugins/ecommerce/order','order_was_canceled_by','Order was cancelled by %user_name%','2022-01-21 09:06:51','2022-01-21 09:07:22'),(2449,0,'en','plugins/ecommerce/order','confirm_payment_success','Confirm payment successfully!','2022-01-21 09:06:51','2022-01-21 09:07:22'),(2450,0,'en','plugins/ecommerce/order','refund_amount_invalid','Refund amount must be lower or equal :price','2022-01-21 09:06:51','2022-01-21 09:07:22'),(2451,0,'en','plugins/ecommerce/order','number_of_products_invalid','Number of products refund is not valid!','2022-01-21 09:06:51','2022-01-21 09:07:22'),(2452,0,'en','plugins/ecommerce/order','cannot_found_payment_for_this_order','Cannot found payment for this order!','2022-01-21 09:06:51','2022-01-21 09:07:22'),(2453,0,'en','plugins/ecommerce/order','refund_success_with_price','Refund success :price','2022-01-21 09:06:51','2022-01-21 09:07:22'),(2454,0,'en','plugins/ecommerce/order','refund_success','Refund successfully!','2022-01-21 09:06:51','2022-01-21 09:07:22'),(2455,0,'en','plugins/ecommerce/order','order_is_not_existed','Order is not existed!','2022-01-21 09:06:51','2022-01-21 09:07:22'),(2456,0,'en','plugins/ecommerce/order','reorder','Reorder','2022-01-21 09:06:51','2022-01-21 09:07:22'),(2457,0,'en','plugins/ecommerce/order','sent_email_incomplete_order_success','Sent email to remind about incomplete order successfully!','2022-01-21 09:06:51','2022-01-21 09:07:22'),(2458,0,'en','plugins/ecommerce/order','applied_coupon_success','Applied coupon \":code\" successfully!','2022-01-21 09:06:51','2022-01-21 09:07:22'),(2459,0,'en','plugins/ecommerce/order','new_order_notice','You have <span class=\"bold\">:count</span> New Order(s)','2022-01-21 09:06:51','2022-01-21 09:07:22'),(2460,0,'en','plugins/ecommerce/order','view_all','View all','2022-01-21 09:06:51','2022-01-21 09:07:22'),(2461,0,'en','plugins/ecommerce/order','cancel_order','Cancel order','2022-01-21 09:06:51','2022-01-21 09:07:22'),(2462,0,'en','plugins/ecommerce/order','order_canceled','Order canceled','2022-01-21 09:06:51','2022-01-21 09:07:22'),(2463,0,'en','plugins/ecommerce/order','order_was_canceled_at','Order was canceled at','2022-01-21 09:06:51','2022-01-21 09:07:22'),(2464,0,'en','plugins/ecommerce/order','completed','Completed','2022-01-21 09:06:51','2022-01-21 09:07:22'),(2465,0,'en','plugins/ecommerce/order','uncompleted','Uncompleted','2022-01-21 09:06:51','2022-01-21 09:07:22'),(2466,0,'en','plugins/ecommerce/order','sku','SKU','2022-01-21 09:06:51','2022-01-21 09:07:22'),(2467,0,'en','plugins/ecommerce/order','warehouse','Warehouse','2022-01-21 09:06:51','2022-01-21 09:07:22'),(2468,0,'en','plugins/ecommerce/order','sub_amount','Sub amount','2022-01-21 09:06:51','2022-01-21 09:07:22'),(2469,0,'en','plugins/ecommerce/order','coupon_code','Coupon code: \":code\"','2022-01-21 09:06:51','2022-01-21 09:07:22'),(2470,0,'en','plugins/ecommerce/order','shipping_fee','Shipping fee','2022-01-21 09:06:51','2022-01-21 09:07:22'),(2471,0,'en','plugins/ecommerce/order','tax','Tax','2022-01-21 09:06:51','2022-01-21 09:07:22'),(2472,0,'en','plugins/ecommerce/order','refunded_amount','Refunded amount','2022-01-21 09:06:51','2022-01-21 09:07:22'),(2473,0,'en','plugins/ecommerce/order','amount_received','The amount actually received','2022-01-21 09:06:51','2022-01-21 09:07:22'),(2474,0,'en','plugins/ecommerce/order','download_invoice','Download invoice','2022-01-21 09:06:51','2022-01-21 09:07:22'),(2475,0,'en','plugins/ecommerce/order','add_note','Add note...','2022-01-21 09:06:51','2022-01-21 09:07:22'),(2476,0,'en','plugins/ecommerce/order','order_was_confirmed','Order was confirmed','2022-01-21 09:06:51','2022-01-21 09:07:22'),(2477,0,'en','plugins/ecommerce/order','confirm_order','Confirm order','2022-01-21 09:06:51','2022-01-21 09:07:22'),(2478,0,'en','plugins/ecommerce/order','confirm','Confirm','2022-01-21 09:06:51','2022-01-21 09:07:22'),(2479,0,'en','plugins/ecommerce/order','order_was_canceled','Order was canceled','2022-01-21 09:06:51','2022-01-21 09:07:22'),(2480,0,'en','plugins/ecommerce/order','pending_payment','Pending payment','2022-01-21 09:06:51','2022-01-21 09:07:22'),(2481,0,'en','plugins/ecommerce/order','payment_was_accepted','Payment :money was accepted','2022-01-21 09:06:51','2022-01-21 09:07:22'),(2482,0,'en','plugins/ecommerce/order','payment_was_refunded','Payment was refunded','2022-01-21 09:06:51','2022-01-21 09:07:22'),(2483,0,'en','plugins/ecommerce/order','confirm_payment','Confirm payment','2022-01-21 09:06:51','2022-01-21 09:07:22'),(2484,0,'en','plugins/ecommerce/order','refund','Refund','2022-01-21 09:06:51','2022-01-21 09:07:22'),(2485,0,'en','plugins/ecommerce/order','all_products_are_not_delivered','All products are not delivered','2022-01-21 09:06:51','2022-01-21 09:07:22'),(2486,0,'en','plugins/ecommerce/order','delivery','Delivery','2022-01-21 09:06:51','2022-01-21 09:07:22'),(2487,0,'en','plugins/ecommerce/order','history','History','2022-01-21 09:06:51','2022-01-21 09:07:22'),(2488,0,'en','plugins/ecommerce/order','order_number','Order number','2022-01-21 09:06:51','2022-01-21 09:07:22'),(2489,0,'en','plugins/ecommerce/order','from','from','2022-01-21 09:06:51','2022-01-21 09:07:22'),(2490,0,'en','plugins/ecommerce/order','status','Status','2022-01-21 09:06:51','2022-01-21 09:07:22'),(2491,0,'en','plugins/ecommerce/order','successfully','Successfully','2022-01-21 09:06:51','2022-01-21 09:07:22'),(2492,0,'en','plugins/ecommerce/order','transaction_type','Transaction\'s type','2022-01-21 09:06:51','2022-01-21 09:07:22'),(2493,0,'en','plugins/ecommerce/order','staff','Staff','2022-01-21 09:06:51','2022-01-21 09:07:22'),(2494,0,'en','plugins/ecommerce/order','refund_date','Refund date','2022-01-21 09:06:51','2022-01-21 09:07:22'),(2495,0,'en','plugins/ecommerce/order','n_a','N\\A','2022-01-21 09:06:51','2022-01-21 09:07:22'),(2496,0,'en','plugins/ecommerce/order','payment_date','Payment date','2022-01-21 09:06:51','2022-01-21 09:07:22'),(2497,0,'en','plugins/ecommerce/order','payment_gateway','Payment gateway','2022-01-21 09:06:51','2022-01-21 09:07:22'),(2498,0,'en','plugins/ecommerce/order','transaction_amount','Transaction amount','2022-01-21 09:06:51','2022-01-21 09:07:22'),(2499,0,'en','plugins/ecommerce/order','resend','Resend','2022-01-21 09:06:51','2022-01-21 09:07:22'),(2500,0,'en','plugins/ecommerce/order','default_store','Default store','2022-01-21 09:06:51','2022-01-21 09:07:22'),(2501,0,'en','plugins/ecommerce/order','update_address','Update address','2022-01-21 09:06:51','2022-01-21 09:07:22'),(2502,0,'en','plugins/ecommerce/order','have_an_account_already','Have an account already','2022-01-21 09:06:51','2022-01-21 09:07:22'),(2503,0,'en','plugins/ecommerce/order','dont_have_an_account_yet','Don\'t have an account yet','2022-01-21 09:06:51','2022-01-21 09:07:22'),(2504,0,'en','plugins/ecommerce/order','mark_payment_as_confirmed','Mark <span>:method</span> as confirmed','2022-01-21 09:06:51','2022-01-21 09:07:22'),(2505,0,'en','plugins/ecommerce/order','resend_order_confirmation','Resend order confirmation','2022-01-21 09:06:51','2022-01-21 09:07:22'),(2506,0,'en','plugins/ecommerce/order','resend_order_confirmation_description','Confirmation email will be sent to <strong>:email</strong>?','2022-01-21 09:06:51','2022-01-21 09:07:22'),(2507,0,'en','plugins/ecommerce/order','send','Send','2022-01-21 09:06:51','2022-01-21 09:07:22'),(2508,0,'en','plugins/ecommerce/order','update','Update','2022-01-21 09:06:51','2022-01-21 09:07:22'),(2509,0,'en','plugins/ecommerce/order','cancel_shipping_confirmation','Cancel shipping confirmation?','2022-01-21 09:06:51','2022-01-21 09:07:22'),(2510,0,'en','plugins/ecommerce/order','cancel_shipping_confirmation_description','Cancel shipping confirmation?','2022-01-21 09:06:51','2022-01-21 09:07:22'),(2511,0,'en','plugins/ecommerce/order','cancel_order_confirmation','Cancel order confirmation?','2022-01-21 09:06:51','2022-01-21 09:07:22'),(2512,0,'en','plugins/ecommerce/order','cancel_order_confirmation_description','Are you sure you want to cancel this order? This action cannot rollback','2022-01-21 09:06:51','2022-01-21 09:07:22'),(2513,0,'en','plugins/ecommerce/order','confirm_payment_confirmation_description','Processed by <strong>:method</strong>. Did you receive payment outside the system? This payment won\'t be saved into system and cannot be refunded','2022-01-21 09:06:51','2022-01-21 09:07:22'),(2514,0,'en','plugins/ecommerce/order','save_note','Save note','2022-01-21 09:06:51','2022-01-21 09:07:22'),(2515,0,'en','plugins/ecommerce/order','order_note','Order note','2022-01-21 09:06:51','2022-01-21 09:07:22'),(2516,0,'en','plugins/ecommerce/order','order_note_placeholder','Note about order, ex: time or shipping instruction.','2022-01-21 09:06:51','2022-01-21 09:07:22'),(2517,0,'en','plugins/ecommerce/order','order_amount','Order amount','2022-01-21 09:06:51','2022-01-21 09:07:22'),(2518,0,'en','plugins/ecommerce/order','additional_information','Additional information','2022-01-21 09:06:51','2022-01-21 09:07:22'),(2519,0,'en','plugins/ecommerce/order','notice_about_incomplete_order','Notice about incomplete order','2022-01-21 09:06:51','2022-01-21 09:07:22'),(2520,0,'en','plugins/ecommerce/order','notice_about_incomplete_order_description','Remind email about uncompleted order will be send to <strong>:email</strong>?','2022-01-21 09:06:51','2022-01-21 09:07:22'),(2521,0,'en','plugins/ecommerce/order','incomplete_order_description_1','An incomplete order is when a potential customer places items in their shopping cart, and goes all the way through to the payment page, but then doesn\'t complete the transaction.','2022-01-21 09:06:51','2022-01-21 09:07:22'),(2522,0,'en','plugins/ecommerce/order','incomplete_order_description_2','If you have contacted customers and they want to continue buying, you can help them complete their order by following the link:','2022-01-21 09:06:51','2022-01-21 09:07:22'),(2523,0,'en','plugins/ecommerce/order','send_an_email_to_recover_this_order','Send an email to customer to recover this order','2022-01-21 09:06:51','2022-01-21 09:07:22'),(2524,0,'en','plugins/ecommerce/order','see_maps','See maps','2022-01-21 09:06:51','2022-01-21 09:07:22'),(2525,0,'en','plugins/ecommerce/order','one_or_more_products_dont_have_enough_quantity','One or more products don\'t have enough quantity!','2022-01-21 09:06:51','2022-01-21 09:07:22'),(2526,0,'en','plugins/ecommerce/order','cannot_send_order_recover_to_mail','The email could not be found so it can\'t send a recovery email to the customer.','2022-01-21 09:06:51','2022-01-21 09:07:22'),(2527,0,'en','plugins/ecommerce/order','payment_info','Payment Info','2022-01-21 09:06:51','2022-01-21 09:07:22'),(2528,0,'en','plugins/ecommerce/order','payment_method_refund_automatic','Your customer will be refunded using :method automatically.','2022-01-21 09:06:51','2022-01-21 09:07:22'),(2529,0,'en','plugins/ecommerce/order','order','Order','2022-01-21 09:06:51','2022-01-21 09:07:22'),(2530,0,'en','plugins/ecommerce/order','order_information','Order information','2022-01-21 09:06:51','2022-01-21 09:07:22'),(2531,0,'en','plugins/ecommerce/order','create_a_new_product','Create a new product','2022-01-21 09:06:51','2022-01-21 09:07:22'),(2532,0,'en','plugins/ecommerce/order','out_of_stock','Out of stock','2022-01-21 09:06:51','2022-01-21 09:07:22'),(2533,0,'en','plugins/ecommerce/order','products_available','product(s) available','2022-01-21 09:06:51','2022-01-21 09:07:22'),(2534,0,'en','plugins/ecommerce/order','no_products_found','No products found!','2022-01-21 09:06:51','2022-01-21 09:07:22'),(2535,0,'en','plugins/ecommerce/order','note','Note','2022-01-21 09:06:51','2022-01-21 09:07:22'),(2536,0,'en','plugins/ecommerce/order','note_for_order','Note for order...','2022-01-21 09:06:51','2022-01-21 09:07:22'),(2537,0,'en','plugins/ecommerce/order','amount','Amount','2022-01-21 09:06:51','2022-01-21 09:07:22'),(2538,0,'en','plugins/ecommerce/order','add_discount','Add discount','2022-01-21 09:06:51','2022-01-21 09:07:22'),(2539,0,'en','plugins/ecommerce/order','discount','Discount','2022-01-21 09:06:51','2022-01-21 09:07:22'),(2540,0,'en','plugins/ecommerce/order','add_shipping_fee','Add shipping fee','2022-01-21 09:06:51','2022-01-21 09:07:22'),(2541,0,'en','plugins/ecommerce/order','shipping','Shipping','2022-01-21 09:06:51','2022-01-21 09:07:22'),(2542,0,'en','plugins/ecommerce/order','total_amount','Total amount','2022-01-21 09:06:51','2022-01-21 09:07:22'),(2543,0,'en','plugins/ecommerce/order','confirm_payment_and_create_order','Confirm payment and create order','2022-01-21 09:06:51','2022-01-21 09:07:22'),(2544,0,'en','plugins/ecommerce/order','paid','Paid','2022-01-21 09:06:51','2022-01-21 09:07:22'),(2545,0,'en','plugins/ecommerce/order','pay_later','Pay later','2022-01-21 09:06:51','2022-01-21 09:07:22'),(2546,0,'en','plugins/ecommerce/order','customer_information','Customer information','2022-01-21 09:06:51','2022-01-21 09:07:22'),(2547,0,'en','plugins/ecommerce/order','create_new_customer','Create new customer','2022-01-21 09:06:51','2022-01-21 09:07:22'),(2548,0,'en','plugins/ecommerce/order','no_customer_found','No customer found!','2022-01-21 09:06:51','2022-01-21 09:07:22'),(2549,0,'en','plugins/ecommerce/order','customer','Customer','2022-01-21 09:06:51','2022-01-21 09:07:22'),(2550,0,'en','plugins/ecommerce/order','orders','order(s)','2022-01-21 09:06:51','2022-01-21 09:07:22'),(2551,0,'en','plugins/ecommerce/order','shipping_address','Shipping Address','2022-01-21 09:06:51','2022-01-21 09:07:22'),(2552,0,'en','plugins/ecommerce/order','see_on_maps','See on maps','2022-01-21 09:06:51','2022-01-21 09:07:22'),(2553,0,'en','plugins/ecommerce/order','name','Name','2022-01-21 09:06:51','2022-01-21 09:07:22'),(2554,0,'en','plugins/ecommerce/order','price','Price','2022-01-21 09:06:51','2022-01-21 09:07:22'),(2555,0,'en','plugins/ecommerce/order','sku_optional','SKU (optional)','2022-01-21 09:06:51','2022-01-21 09:07:22'),(2556,0,'en','plugins/ecommerce/order','with_storehouse_management','With storehouse management?','2022-01-21 09:06:51','2022-01-21 09:07:22'),(2557,0,'en','plugins/ecommerce/order','quantity','Quantity','2022-01-21 09:06:51','2022-01-21 09:07:22'),(2558,0,'en','plugins/ecommerce/order','allow_customer_checkout_when_this_product_out_of_stock','Allow customer checkout when this product out of stock?','2022-01-21 09:06:51','2022-01-21 09:07:22'),(2559,0,'en','plugins/ecommerce/order','address','Address','2022-01-21 09:06:51','2022-01-21 09:07:22'),(2560,0,'en','plugins/ecommerce/order','phone','Phone','2022-01-21 09:06:51','2022-01-21 09:07:22'),(2561,0,'en','plugins/ecommerce/order','country','Country','2022-01-21 09:06:51','2022-01-21 09:07:22'),(2562,0,'en','plugins/ecommerce/order','state','State','2022-01-21 09:06:51','2022-01-21 09:07:22'),(2563,0,'en','plugins/ecommerce/order','city','City','2022-01-21 09:06:51','2022-01-21 09:07:22'),(2564,0,'en','plugins/ecommerce/order','zip_code','Zip code','2022-01-21 09:06:51','2022-01-21 09:07:22'),(2565,0,'en','plugins/ecommerce/order','discount_based_on','Discount based on','2022-01-21 09:06:51','2022-01-21 09:07:22'),(2566,0,'en','plugins/ecommerce/order','or_coupon_code','Or coupon code','2022-01-21 09:06:51','2022-01-21 09:07:22'),(2567,0,'en','plugins/ecommerce/order','description','Description','2022-01-21 09:06:51','2022-01-21 09:07:22'),(2568,0,'en','plugins/ecommerce/order','how_to_select_configured_shipping','How to select configured shipping?','2022-01-21 09:06:51','2022-01-21 09:07:22'),(2569,0,'en','plugins/ecommerce/order','please_add_customer_information_with_the_complete_shipping_address_to_see_the_configured_shipping_rates','Please add customer information with the complete shipping address to see the configured shipping rates','2022-01-21 09:06:51','2022-01-21 09:07:22'),(2570,0,'en','plugins/ecommerce/order','free_shipping','Free shipping','2022-01-21 09:06:51','2022-01-21 09:07:22'),(2571,0,'en','plugins/ecommerce/order','custom','Custom','2022-01-21 09:06:51','2022-01-21 09:07:22'),(2572,0,'en','plugins/ecommerce/order','email','Email','2022-01-21 09:06:51','2022-01-21 09:07:22'),(2573,0,'en','plugins/ecommerce/order','create_order','Create order','2022-01-21 09:06:51','2022-01-21 09:07:22'),(2574,0,'en','plugins/ecommerce/order','close','Close','2022-01-21 09:06:51','2022-01-21 09:07:22'),(2575,0,'en','plugins/ecommerce/order','confirm_payment_is_paid_for_this_order','Confirm payment is paid for this order','2022-01-21 09:06:51','2022-01-21 09:07:22'),(2576,0,'en','plugins/ecommerce/order','payment_status_of_the_order_is_paid_once_the_order_has_been_created_you_cannot_change_the_payment_method_or_status','Payment status of the order is Paid. Once the order has been created, you cannot change the payment method or status','2022-01-21 09:06:51','2022-01-21 09:07:22'),(2577,0,'en','plugins/ecommerce/order','select_payment_method','Select payment method','2022-01-21 09:06:51','2022-01-21 09:07:22'),(2578,0,'en','plugins/ecommerce/order','cash_on_delivery_cod','Cash on delivery (COD)','2022-01-21 09:06:51','2022-01-21 09:07:22'),(2579,0,'en','plugins/ecommerce/order','bank_transfer','Bank transfer','2022-01-21 09:06:51','2022-01-21 09:07:22'),(2580,0,'en','plugins/ecommerce/order','paid_amount','Paid amount','2022-01-21 09:06:51','2022-01-21 09:07:22'),(2581,0,'en','plugins/ecommerce/order','confirm_that_payment_for_this_order_will_be_paid_later','Confirm that payment for this order will be paid later','2022-01-21 09:06:51','2022-01-21 09:07:22'),(2582,0,'en','plugins/ecommerce/order','payment_status_of_the_order_is_pending_once_the_order_has_been_created_you_cannot_change_the_payment_method_or_status','Payment status of the order is Pending. Once the order has been created, you cannot change the payment method or status','2022-01-21 09:06:51','2022-01-21 09:07:22'),(2583,0,'en','plugins/ecommerce/order','pending_amount','Pending amount','2022-01-21 09:06:51','2022-01-21 09:07:22'),(2584,0,'en','plugins/ecommerce/order','update_email','Update email','2022-01-21 09:06:51','2022-01-21 09:07:22'),(2585,0,'en','plugins/ecommerce/order','save','Save','2022-01-21 09:06:51','2022-01-21 09:07:22'),(2586,0,'en','plugins/ecommerce/order','cancel','Cancel','2022-01-21 09:06:51','2022-01-21 09:07:22'),(2587,0,'en','plugins/ecommerce/order','create_a_new_order','Create a new order','2022-01-21 09:06:51','2022-01-21 09:07:22'),(2588,0,'en','plugins/ecommerce/order','search_or_create_new_product','Search or create a new product','2022-01-21 09:06:51','2022-01-21 09:07:22'),(2589,0,'en','plugins/ecommerce/order','search_or_create_new_customer','Search or create a new customer','2022-01-21 09:06:51','2022-01-21 09:07:22'),(2590,0,'en','plugins/ecommerce/order','discount_description','Discount description','2022-01-21 09:06:51','2022-01-21 09:07:22'),(2591,0,'en','plugins/ecommerce/order','cant_select_out_of_stock_product','Cannot select out of stock product!','2022-01-21 09:06:51','2022-01-21 09:07:22'),(2592,0,'en','plugins/ecommerce/payment','name','Payments','2022-01-21 09:06:51','2022-01-21 09:07:22'),(2593,0,'en','plugins/ecommerce/payment','payment_method','Payment methods','2022-01-21 09:06:51','2022-01-21 09:07:22'),(2594,0,'en','plugins/ecommerce/payment','view_payment','View payment #','2022-01-21 09:06:51','2022-01-21 09:07:22'),(2595,0,'en','plugins/ecommerce/payment','charge_id','Charge ID','2022-01-21 09:06:51','2022-01-21 09:07:22'),(2596,0,'en','plugins/ecommerce/payment','amount','Amount','2022-01-21 09:06:51','2022-01-21 09:07:22'),(2597,0,'en','plugins/ecommerce/payment','currency','Currency','2022-01-21 09:06:51','2022-01-21 09:07:22'),(2598,0,'en','plugins/ecommerce/payment','user','User','2022-01-21 09:06:51','2022-01-21 09:07:22'),(2599,0,'en','plugins/ecommerce/payment','paypal_name_required','PayPal\'s name is required!','2022-01-21 09:06:51','2022-01-21 09:07:22'),(2600,0,'en','plugins/ecommerce/payment','paypal_name_max','PayPal\'s name is too long!','2022-01-21 09:06:51','2022-01-21 09:07:22'),(2601,0,'en','plugins/ecommerce/payment','stripe_name_required','Stripe\'s name is required!','2022-01-21 09:06:51','2022-01-21 09:07:22'),(2602,0,'en','plugins/ecommerce/payment','stripe_name_max','Stripe\'s name is too long!','2022-01-21 09:06:51','2022-01-21 09:07:22'),(2603,0,'en','plugins/ecommerce/payment','status','Status','2022-01-21 09:06:51','2022-01-21 09:07:22'),(2604,0,'en','plugins/ecommerce/payment','enabled','Enabled','2022-01-21 09:06:51','2022-01-21 09:07:22'),(2605,0,'en','plugins/ecommerce/payment','disabled','Disabled','2022-01-21 09:06:51','2022-01-21 09:07:22'),(2606,0,'en','plugins/ecommerce/payment','client_id','Client ID','2022-01-21 09:06:51','2022-01-21 09:07:22'),(2607,0,'en','plugins/ecommerce/payment','client_secret','Client Secret','2022-01-21 09:06:51','2022-01-21 09:07:22'),(2608,0,'en','plugins/ecommerce/payment','mode','Mode','2022-01-21 09:06:51','2022-01-21 09:07:22'),(2609,0,'en','plugins/ecommerce/payment','sandbox','Sandbox','2022-01-21 09:06:51','2022-01-21 09:07:22'),(2610,0,'en','plugins/ecommerce/payment','live','Live','2022-01-21 09:06:51','2022-01-21 09:07:22'),(2611,0,'en','plugins/ecommerce/payment','enable_payment_log','Enable Payment Log','2022-01-21 09:06:51','2022-01-21 09:07:22'),(2612,0,'en','plugins/ecommerce/payment','yes','Yes','2022-01-21 09:06:51','2022-01-21 09:07:22'),(2613,0,'en','plugins/ecommerce/payment','no','No','2022-01-21 09:06:51','2022-01-21 09:07:22'),(2614,0,'en','plugins/ecommerce/payment','client_key','Client Key','2022-01-21 09:06:51','2022-01-21 09:07:22'),(2615,0,'en','plugins/ecommerce/payment','stripe','Stripe','2022-01-21 09:06:51','2022-01-21 09:07:22'),(2616,0,'en','plugins/ecommerce/payment','paypal','PayPal','2022-01-21 09:06:51','2022-01-21 09:07:22'),(2617,0,'en','plugins/ecommerce/payment','action','Action','2022-01-21 09:06:51','2022-01-21 09:07:22'),(2618,0,'en','plugins/ecommerce/payment','go_back','Go back','2022-01-21 09:06:51','2022-01-21 09:07:22'),(2619,0,'en','plugins/ecommerce/payment','view','View','2022-01-21 09:06:51','2022-01-21 09:07:22'),(2620,0,'en','plugins/ecommerce/payment','cash_on_delivery','Cash on delivery (COD)','2022-01-21 09:06:51','2022-01-21 09:07:22'),(2621,0,'en','plugins/ecommerce/payment','via_bank_transfer','Via bank transfer','2022-01-21 09:06:51','2022-01-21 09:07:22'),(2622,0,'en','plugins/ecommerce/payment','payment_via_cart','Payment via card','2022-01-21 09:06:51','2022-01-21 09:07:22'),(2623,0,'en','plugins/ecommerce/payment','card_number','Card number','2022-01-21 09:06:51','2022-01-21 09:07:22'),(2624,0,'en','plugins/ecommerce/payment','full_name','Full name','2022-01-21 09:06:51','2022-01-21 09:07:22'),(2625,0,'en','plugins/ecommerce/payment','payment_via_paypal','Payment via PayPal','2022-01-21 09:06:51','2022-01-21 09:07:22'),(2626,0,'en','plugins/ecommerce/payment','mm_yy','MM/YY','2022-01-21 09:06:51','2022-01-21 09:07:22'),(2627,0,'en','plugins/ecommerce/payment','cvc','CVC','2022-01-21 09:06:51','2022-01-21 09:07:22'),(2628,0,'en','plugins/ecommerce/payment','details','Details','2022-01-21 09:06:51','2022-01-21 09:07:22'),(2629,0,'en','plugins/ecommerce/payment','payer_name','Payer Name','2022-01-21 09:06:51','2022-01-21 09:07:22'),(2630,0,'en','plugins/ecommerce/payment','email','Email','2022-01-21 09:06:51','2022-01-21 09:07:22'),(2631,0,'en','plugins/ecommerce/payment','phone','Phone','2022-01-21 09:06:51','2022-01-21 09:07:22'),(2632,0,'en','plugins/ecommerce/payment','country','Country','2022-01-21 09:06:51','2022-01-21 09:07:22'),(2633,0,'en','plugins/ecommerce/payment','shipping_address','Shipping Address','2022-01-21 09:06:51','2022-01-21 09:07:22'),(2634,0,'en','plugins/ecommerce/payment','payment_details','Payment Details','2022-01-21 09:06:51','2022-01-21 09:07:22'),(2635,0,'en','plugins/ecommerce/payment','card','Card','2022-01-21 09:06:51','2022-01-21 09:07:22'),(2636,0,'en','plugins/ecommerce/payment','address','Address','2022-01-21 09:06:51','2022-01-21 09:07:22'),(2637,0,'en','plugins/ecommerce/payment','could_not_get_stripe_token','Could not get Stripe token to make a charge.','2022-01-21 09:06:51','2022-01-21 09:07:22'),(2638,0,'en','plugins/ecommerce/payment','new_payment','Payment for order :id','2022-01-21 09:06:51','2022-01-21 09:07:22'),(2639,0,'en','plugins/ecommerce/payment','payment_id','Payment ID','2022-01-21 09:06:51','2022-01-21 09:07:22'),(2640,0,'en','plugins/ecommerce/prices','name','Price','2022-01-21 09:06:51','2022-01-21 09:07:22'),(2641,0,'en','plugins/ecommerce/prices','create','New price','2022-01-21 09:06:51','2022-01-21 09:07:22'),(2642,0,'en','plugins/ecommerce/prices','edit','Edit price','2022-01-21 09:06:51','2022-01-21 09:07:22'),(2643,0,'en','plugins/ecommerce/prices','list','List price','2022-01-21 09:06:51','2022-01-21 09:07:22'),(2644,0,'en','plugins/ecommerce/product-attribute-sets','name','Product attribute sets','2022-01-21 09:06:51','2022-01-21 09:07:22'),(2645,0,'en','plugins/ecommerce/product-attribute-sets','create','New product attribute set','2022-01-21 09:06:51','2022-01-21 09:07:22'),(2646,0,'en','plugins/ecommerce/product-attribute-sets','edit','Edit product attribute set','2022-01-21 09:06:51','2022-01-21 09:07:22'),(2647,0,'en','plugins/ecommerce/product-attribute-sets','visible_in_categories','Visible in categories','2022-01-21 09:06:51','2022-01-21 09:07:22'),(2648,0,'en','plugins/ecommerce/product-attribute-sets','product_with_more_version','Product with more version','2022-01-21 09:06:51','2022-01-21 09:07:22'),(2649,0,'en','plugins/ecommerce/product-attribute-sets','create_a_version','Create a version','2022-01-21 09:06:51','2022-01-21 09:07:22'),(2650,0,'en','plugins/ecommerce/product-attribute-sets','enabled','Enabled','2022-01-21 09:06:51','2022-01-21 09:07:22'),(2651,0,'en','plugins/ecommerce/product-attribute-sets','attributes','Attributes','2022-01-21 09:06:51','2022-01-21 09:07:22'),(2652,0,'en','plugins/ecommerce/product-attribute-sets','price','Price','2022-01-21 09:06:51','2022-01-21 09:07:22'),(2653,0,'en','plugins/ecommerce/product-attribute-sets','edit_btn','Edit','2022-01-21 09:06:51','2022-01-21 09:07:22'),(2654,0,'en','plugins/ecommerce/product-attribute-sets','remove_btn','Remove','2022-01-21 09:06:51','2022-01-21 09:07:22'),(2655,0,'en','plugins/ecommerce/product-attribute-sets','product','Product','2022-01-21 09:06:51','2022-01-21 09:07:22'),(2656,0,'en','plugins/ecommerce/product-attribute-sets','back_to_product','Back to product','2022-01-21 09:06:51','2022-01-21 09:07:22'),(2657,0,'en','plugins/ecommerce/product-attribute-sets','save','Save','2022-01-21 09:06:51','2022-01-21 09:07:22'),(2658,0,'en','plugins/ecommerce/product-attribute-sets','other_existing_versions','Other existing versions','2022-01-21 09:06:51','2022-01-21 09:07:22'),(2659,0,'en','plugins/ecommerce/product-attribute-sets','version_information','Version information','2022-01-21 09:06:51','2022-01-21 09:07:22'),(2660,0,'en','plugins/ecommerce/product-attribute-sets','add_rule','Add rule','2022-01-21 09:06:51','2022-01-21 09:07:22'),(2661,0,'en','plugins/ecommerce/product-attribute-sets','rules','Rules','2022-01-21 09:06:52','2022-01-21 09:07:22'),(2662,0,'en','plugins/ecommerce/product-attribute-sets','pricing','Pricing','2022-01-21 09:06:52','2022-01-21 09:07:22'),(2663,0,'en','plugins/ecommerce/product-attribute-sets','sale_price','Sale price','2022-01-21 09:06:52','2022-01-21 09:07:22'),(2664,0,'en','plugins/ecommerce/product-attribute-sets','sale_type','Sale type','2022-01-21 09:06:52','2022-01-21 09:07:22'),(2665,0,'en','plugins/ecommerce/product-attribute-sets','no_sale_price','No sale price','2022-01-21 09:06:52','2022-01-21 09:07:22'),(2666,0,'en','plugins/ecommerce/product-attribute-sets','always_on_sale','Always on sale','2022-01-21 09:06:52','2022-01-21 09:07:22'),(2667,0,'en','plugins/ecommerce/product-attribute-sets','limited_time','Limited time','2022-01-21 09:06:52','2022-01-21 09:07:22'),(2668,0,'en','plugins/ecommerce/product-attribute-sets','from','From','2022-01-21 09:06:52','2022-01-21 09:07:22'),(2669,0,'en','plugins/ecommerce/product-attribute-sets','to','To','2022-01-21 09:06:52','2022-01-21 09:07:22'),(2670,0,'en','plugins/ecommerce/product-attribute-sets','storehouse','Storehouse','2022-01-21 09:06:52','2022-01-21 09:07:22'),(2671,0,'en','plugins/ecommerce/product-attribute-sets','no_storehouse_management','No storehouse management','2022-01-21 09:06:52','2022-01-21 09:07:22'),(2672,0,'en','plugins/ecommerce/product-attribute-sets','with_storehouse_management','With storehouse management','2022-01-21 09:06:52','2022-01-21 09:07:22'),(2673,0,'en','plugins/ecommerce/product-attribute-sets','quantity','Quantity','2022-01-21 09:06:52','2022-01-21 09:07:22'),(2674,0,'en','plugins/ecommerce/product-attribute-sets','allow_customer_checkout_out_of_stock','Allow customer checkout when this product out of stock','2022-01-21 09:06:52','2022-01-21 09:07:22'),(2675,0,'en','plugins/ecommerce/product-attribute-sets','shipping','Shipping','2022-01-21 09:06:52','2022-01-21 09:07:22'),(2676,0,'en','plugins/ecommerce/product-attribute-sets','length','Length','2022-01-21 09:06:52','2022-01-21 09:07:22'),(2677,0,'en','plugins/ecommerce/product-attribute-sets','wide','Wide','2022-01-21 09:06:52','2022-01-21 09:07:22'),(2678,0,'en','plugins/ecommerce/product-attribute-sets','height','Height','2022-01-21 09:06:52','2022-01-21 09:07:22'),(2679,0,'en','plugins/ecommerce/product-attribute-sets','weight','Weight','2022-01-21 09:06:52','2022-01-21 09:07:22'),(2680,0,'en','plugins/ecommerce/product-attribute-sets','version_images','Version images','2022-01-21 09:06:52','2022-01-21 09:07:22'),(2681,0,'en','plugins/ecommerce/product-attribute-sets','add_new_image','Add new image','2022-01-21 09:06:52','2022-01-21 09:07:22'),(2682,0,'en','plugins/ecommerce/product-attribute-sets','attribute_set','Attribute set','2022-01-21 09:06:52','2022-01-21 09:07:22'),(2683,0,'en','plugins/ecommerce/product-attribute-sets','value','Value','2022-01-21 09:06:52','2022-01-21 09:07:22'),(2684,0,'en','plugins/ecommerce/product-attribute-sets','dropdown_swatch','Dropdown Swatch','2022-01-21 09:06:52','2022-01-21 09:07:22'),(2685,0,'en','plugins/ecommerce/product-attribute-sets','visual_swatch','Visual Swatch','2022-01-21 09:06:52','2022-01-21 09:07:22'),(2686,0,'en','plugins/ecommerce/product-attribute-sets','text_swatch','Text Swatch','2022-01-21 09:06:52','2022-01-21 09:07:22'),(2687,0,'en','plugins/ecommerce/product-attribute-sets','display_layout','Display Layout','2022-01-21 09:06:52','2022-01-21 09:07:22'),(2688,0,'en','plugins/ecommerce/product-attribute-sets','searchable','Searchable','2022-01-21 09:06:52','2022-01-21 09:07:22'),(2689,0,'en','plugins/ecommerce/product-attribute-sets','comparable','Comparable','2022-01-21 09:06:52','2022-01-21 09:07:22'),(2690,0,'en','plugins/ecommerce/product-attribute-sets','use_in_product_listing','Used in product listing','2022-01-21 09:06:52','2022-01-21 09:07:22'),(2691,0,'en','plugins/ecommerce/product-attribute-sets','attributes_list','Attributes list','2022-01-21 09:06:52','2022-01-21 09:07:22'),(2692,0,'en','plugins/ecommerce/product-attribute-sets','is_default','Is default?','2022-01-21 09:06:52','2022-01-21 09:07:22'),(2693,0,'en','plugins/ecommerce/product-attribute-sets','title','Title','2022-01-21 09:06:52','2022-01-21 09:07:22'),(2694,0,'en','plugins/ecommerce/product-attribute-sets','slug','Slug','2022-01-21 09:06:52','2022-01-21 09:07:22'),(2695,0,'en','plugins/ecommerce/product-attribute-sets','color','Color','2022-01-21 09:06:52','2022-01-21 09:07:22'),(2696,0,'en','plugins/ecommerce/product-attribute-sets','image','Image','2022-01-21 09:06:52','2022-01-21 09:07:22'),(2697,0,'en','plugins/ecommerce/product-attribute-sets','remove','Remove','2022-01-21 09:06:52','2022-01-21 09:07:22'),(2698,0,'en','plugins/ecommerce/product-attribute-sets','add_new_attribute','Add new attribute','2022-01-21 09:06:52','2022-01-21 09:07:22'),(2699,0,'en','plugins/ecommerce/product-attributes','name','Product attributes','2022-01-21 09:06:52','2022-01-21 09:07:22'),(2700,0,'en','plugins/ecommerce/product-attributes','create','New product attribute','2022-01-21 09:06:52','2022-01-21 09:07:22'),(2701,0,'en','plugins/ecommerce/product-attributes','edit','Edit product attribute','2022-01-21 09:06:52','2022-01-21 09:07:22'),(2702,0,'en','plugins/ecommerce/product-attributes','intro.title','Manage product attributes','2022-01-21 09:06:52','2022-01-21 09:07:22'),(2703,0,'en','plugins/ecommerce/product-attributes','intro.description','Product attribute such as color, width, height ...','2022-01-21 09:06:52','2022-01-21 09:07:22'),(2704,0,'en','plugins/ecommerce/product-attributes','intro.button_text','Create product attribute','2022-01-21 09:06:52','2022-01-21 09:07:22'),(2705,0,'en','plugins/ecommerce/product-categories','name','Product categories','2022-01-21 09:06:52','2022-01-21 09:07:22'),(2706,0,'en','plugins/ecommerce/product-categories','create','Create new product category','2022-01-21 09:06:52','2022-01-21 09:07:22'),(2707,0,'en','plugins/ecommerce/product-categories','edit','Edit product category','2022-01-21 09:06:52','2022-01-21 09:07:22'),(2708,0,'en','plugins/ecommerce/product-categories','list','List product categories','2022-01-21 09:06:52','2022-01-21 09:07:22'),(2709,0,'en','plugins/ecommerce/product-categories','none','None','2022-01-21 09:06:52','2022-01-21 09:07:22'),(2710,0,'en','plugins/ecommerce/product-categories','menu','Product categories','2022-01-21 09:06:52','2022-01-21 09:07:22'),(2711,0,'en','plugins/ecommerce/product-categories','intro.title','Manage product categories','2022-01-21 09:06:52','2022-01-21 09:07:22'),(2712,0,'en','plugins/ecommerce/product-categories','intro.description','Such as clothes, shoes, bags, jewelry ...','2022-01-21 09:06:52','2022-01-21 09:07:22'),(2713,0,'en','plugins/ecommerce/product-categories','intro.button_text','Create product category','2022-01-21 09:06:52','2022-01-21 09:07:22'),(2714,0,'en','plugins/ecommerce/product-categories','total_products','Total products: :total','2022-01-21 09:06:52','2022-01-21 09:07:22'),(2715,0,'en','plugins/ecommerce/product-collections','name','Product collections','2022-01-21 09:06:52','2022-01-21 09:07:22'),(2716,0,'en','plugins/ecommerce/product-collections','create','New product collection','2022-01-21 09:06:52','2022-01-21 09:07:22'),(2717,0,'en','plugins/ecommerce/product-collections','edit','Edit product collection','2022-01-21 09:06:52','2022-01-21 09:07:22'),(2718,0,'en','plugins/ecommerce/product-collections','slug_help_block','Label key: <code>:slug</code>. We will use this key for filter.','2022-01-21 09:06:52','2022-01-21 09:07:22'),(2719,0,'en','plugins/ecommerce/product-collections','intro.title','Manage product collections','2022-01-21 09:06:52','2022-01-21 09:07:22'),(2720,0,'en','plugins/ecommerce/product-collections','intro.description','Group your products into collections to make it easier for customers to find them by category.','2022-01-21 09:06:52','2022-01-21 09:07:22'),(2721,0,'en','plugins/ecommerce/product-collections','intro.button_text','Create product collection','2022-01-21 09:06:52','2022-01-21 09:07:22'),(2722,0,'en','plugins/ecommerce/product-label','name','Product labels','2022-01-21 09:06:52','2022-01-21 09:07:22'),(2723,0,'en','plugins/ecommerce/product-label','create','New product label','2022-01-21 09:06:52','2022-01-21 09:07:22'),(2724,0,'en','plugins/ecommerce/product-label','edit','Edit product label','2022-01-21 09:06:52','2022-01-21 09:07:22'),(2725,0,'en','plugins/ecommerce/product-label','color','Color','2022-01-21 09:06:52','2022-01-21 09:07:22'),(2726,0,'en','plugins/ecommerce/product-label','color_placeholder','Example: #f0f0f0','2022-01-21 09:06:52','2022-01-21 09:07:22'),(2727,0,'en','plugins/ecommerce/product-tag','name','Product tags','2022-01-21 09:06:52','2022-01-21 09:07:22'),(2728,0,'en','plugins/ecommerce/product-tag','create','New product tag','2022-01-21 09:06:52','2022-01-21 09:07:22'),(2729,0,'en','plugins/ecommerce/product-tag','edit','Edit product tag','2022-01-21 09:06:52','2022-01-21 09:07:22'),(2730,0,'en','plugins/ecommerce/products','name','Products','2022-01-21 09:06:52','2022-01-21 09:07:22'),(2731,0,'en','plugins/ecommerce/products','create','New product','2022-01-21 09:06:52','2022-01-21 09:07:22'),(2732,0,'en','plugins/ecommerce/products','edit','Edit product - :name','2022-01-21 09:06:52','2022-01-21 09:07:22'),(2733,0,'en','plugins/ecommerce/products','form.name','Name','2022-01-21 09:06:52','2022-01-21 09:07:22'),(2734,0,'en','plugins/ecommerce/products','form.name_placeholder','Product\'s name (Maximum 120 characters)','2022-01-21 09:06:52','2022-01-21 09:07:22'),(2735,0,'en','plugins/ecommerce/products','form.description','Description','2022-01-21 09:06:52','2022-01-21 09:07:22'),(2736,0,'en','plugins/ecommerce/products','form.description_placeholder','Short description for product (Maximum 400 characters)','2022-01-21 09:06:52','2022-01-21 09:07:22'),(2737,0,'en','plugins/ecommerce/products','form.categories','Categories','2022-01-21 09:06:52','2022-01-21 09:07:22'),(2738,0,'en','plugins/ecommerce/products','form.content','Content','2022-01-21 09:06:52','2022-01-21 09:07:22'),(2739,0,'en','plugins/ecommerce/products','form.price','Price','2022-01-21 09:06:52','2022-01-21 09:07:22'),(2740,0,'en','plugins/ecommerce/products','form.quantity','Quantity','2022-01-21 09:06:52','2022-01-21 09:07:22'),(2741,0,'en','plugins/ecommerce/products','form.brand','Brand','2022-01-21 09:06:52','2022-01-21 09:07:22'),(2742,0,'en','plugins/ecommerce/products','form.width','Width','2022-01-21 09:06:52','2022-01-21 09:07:22'),(2743,0,'en','plugins/ecommerce/products','form.height','Height','2022-01-21 09:06:52','2022-01-21 09:07:22'),(2744,0,'en','plugins/ecommerce/products','form.weight','Weight','2022-01-21 09:06:52','2022-01-21 09:07:22'),(2745,0,'en','plugins/ecommerce/products','form.date.end','From date','2022-01-21 09:06:52','2022-01-21 09:07:22'),(2746,0,'en','plugins/ecommerce/products','form.date.start','To date','2022-01-21 09:06:52','2022-01-21 09:07:22'),(2747,0,'en','plugins/ecommerce/products','form.image','Images','2022-01-21 09:06:52','2022-01-21 09:07:22'),(2748,0,'en','plugins/ecommerce/products','form.collections','Product collections','2022-01-21 09:06:52','2022-01-21 09:07:22'),(2749,0,'en','plugins/ecommerce/products','form.labels','Labels','2022-01-21 09:06:52','2022-01-21 09:07:22'),(2750,0,'en','plugins/ecommerce/products','form.price_sale','Price sale','2022-01-21 09:06:52','2022-01-21 09:07:22'),(2751,0,'en','plugins/ecommerce/products','form.product_type.title','Product type','2022-01-21 09:06:52','2022-01-21 09:07:22'),(2752,0,'en','plugins/ecommerce/products','form.product','Product','2022-01-21 09:06:52','2022-01-21 09:07:22'),(2753,0,'en','plugins/ecommerce/products','form.total','Total','2022-01-21 09:06:52','2022-01-21 09:07:22'),(2754,0,'en','plugins/ecommerce/products','form.sub_total','Subtotal','2022-01-21 09:06:52','2022-01-21 09:07:22'),(2755,0,'en','plugins/ecommerce/products','form.shipping_fee','Shipping fee','2022-01-21 09:06:52','2022-01-21 09:07:22'),(2756,0,'en','plugins/ecommerce/products','form.discount','Discount','2022-01-21 09:06:52','2022-01-21 09:07:22'),(2757,0,'en','plugins/ecommerce/products','form.options','Options','2022-01-21 09:06:52','2022-01-21 09:07:22'),(2758,0,'en','plugins/ecommerce/products','form.shipping.height','Height','2022-01-21 09:06:52','2022-01-21 09:07:22'),(2759,0,'en','plugins/ecommerce/products','form.shipping.length','Length','2022-01-21 09:06:52','2022-01-21 09:07:22'),(2760,0,'en','plugins/ecommerce/products','form.shipping.title','Shipping','2022-01-21 09:06:52','2022-01-21 09:07:22'),(2761,0,'en','plugins/ecommerce/products','form.shipping.weight','Weight','2022-01-21 09:06:52','2022-01-21 09:07:22'),(2762,0,'en','plugins/ecommerce/products','form.shipping.wide','Wide','2022-01-21 09:06:52','2022-01-21 09:07:22'),(2763,0,'en','plugins/ecommerce/products','form.stock.allow_order_when_out','Allow customer checkout when this product out of stock','2022-01-21 09:06:52','2022-01-21 09:07:22'),(2764,0,'en','plugins/ecommerce/products','form.stock.in_stock','In stock','2022-01-21 09:06:52','2022-01-21 09:07:22'),(2765,0,'en','plugins/ecommerce/products','form.stock.out_stock','Out stock','2022-01-21 09:06:52','2022-01-21 09:07:22'),(2766,0,'en','plugins/ecommerce/products','form.stock.title','Stock status','2022-01-21 09:06:52','2022-01-21 09:07:22'),(2767,0,'en','plugins/ecommerce/products','form.storehouse.no_storehouse','No storehouse management','2022-01-21 09:06:52','2022-01-21 09:07:22'),(2768,0,'en','plugins/ecommerce/products','form.storehouse.storehouse','With storehouse management','2022-01-21 09:06:52','2022-01-21 09:07:22'),(2769,0,'en','plugins/ecommerce/products','form.storehouse.title','Storehouse','2022-01-21 09:06:52','2022-01-21 09:07:22'),(2770,0,'en','plugins/ecommerce/products','form.storehouse.quantity','Quantity','2022-01-21 09:06:52','2022-01-21 09:07:22'),(2771,0,'en','plugins/ecommerce/products','form.tax','Tax','2022-01-21 09:06:52','2022-01-21 09:07:22'),(2772,0,'en','plugins/ecommerce/products','form.is_default','Is default','2022-01-21 09:06:52','2022-01-21 09:07:22'),(2773,0,'en','plugins/ecommerce/products','form.action','Action','2022-01-21 09:06:52','2022-01-21 09:07:22'),(2774,0,'en','plugins/ecommerce/products','form.restock_quantity','Restock quantity','2022-01-21 09:06:52','2022-01-21 09:07:22'),(2775,0,'en','plugins/ecommerce/products','form.remain','Remain','2022-01-21 09:06:52','2022-01-21 09:07:22'),(2776,0,'en','plugins/ecommerce/products','form.choose_discount_period','Choose Discount Period','2022-01-21 09:06:52','2022-01-21 09:07:22'),(2777,0,'en','plugins/ecommerce/products','form.cancel','Cancel','2022-01-21 09:06:52','2022-01-21 09:07:22'),(2778,0,'en','plugins/ecommerce/products','form.no_results','No results!','2022-01-21 09:06:52','2022-01-21 09:07:22'),(2779,0,'en','plugins/ecommerce/products','form.value','Value','2022-01-21 09:06:52','2022-01-21 09:07:22'),(2780,0,'en','plugins/ecommerce/products','form.attribute_name','Attribute name','2022-01-21 09:06:52','2022-01-21 09:07:22'),(2781,0,'en','plugins/ecommerce/products','form.add_more_attribute','Add more attribute','2022-01-21 09:06:52','2022-01-21 09:07:22'),(2782,0,'en','plugins/ecommerce/products','form.continue','Continue','2022-01-21 09:06:52','2022-01-21 09:07:22'),(2783,0,'en','plugins/ecommerce/products','form.add_new_attributes','Add new attributes','2022-01-21 09:06:52','2022-01-21 09:07:22'),(2784,0,'en','plugins/ecommerce/products','form.add_new_attributes_description','Adding new attributes helps the product to have many options, such as size or color.','2022-01-21 09:06:52','2022-01-21 09:07:22'),(2785,0,'en','plugins/ecommerce/products','form.create_product_variations',':link to create product variations!','2022-01-21 09:06:52','2022-01-21 09:07:22'),(2786,0,'en','plugins/ecommerce/products','form.tags','Tags','2022-01-21 09:06:52','2022-01-21 09:07:22'),(2787,0,'en','plugins/ecommerce/products','form.write_some_tags','Write some tags','2022-01-21 09:06:52','2022-01-21 09:07:22'),(2788,0,'en','plugins/ecommerce/products','form.variation_existed','This variation is existed.','2022-01-21 09:06:52','2022-01-21 09:07:22'),(2789,0,'en','plugins/ecommerce/products','form.no_attributes_selected','No attributes selected!','2022-01-21 09:06:52','2022-01-21 09:07:22'),(2790,0,'en','plugins/ecommerce/products','form.added_variation_success','Added variation successfully!','2022-01-21 09:06:52','2022-01-21 09:07:22'),(2791,0,'en','plugins/ecommerce/products','form.updated_variation_success','Updated variation successfully!','2022-01-21 09:06:52','2022-01-21 09:07:22'),(2792,0,'en','plugins/ecommerce/products','form.created_all_variation_success','Created all variations successfully!','2022-01-21 09:06:52','2022-01-21 09:07:22'),(2793,0,'en','plugins/ecommerce/products','form.updated_product_attributes_success','Updated product attributes successfully!','2022-01-21 09:06:52','2022-01-21 09:07:22'),(2794,0,'en','plugins/ecommerce/products','form.stock_status','Stock status','2022-01-21 09:06:52','2022-01-21 09:07:22'),(2795,0,'en','plugins/ecommerce/products','form.auto_generate_sku','Auto generate SKU?','2022-01-21 09:06:52','2022-01-21 09:07:22'),(2796,0,'en','plugins/ecommerce/products','form.featured_image','Featured image (optional)','2022-01-21 09:06:52','2022-01-21 09:07:22'),(2797,0,'en','plugins/ecommerce/products','price','Price','2022-01-21 09:06:52','2022-01-21 09:07:22'),(2798,0,'en','plugins/ecommerce/products','quantity','Quantity','2022-01-21 09:06:52','2022-01-21 09:07:22'),(2799,0,'en','plugins/ecommerce/products','type','Type','2022-01-21 09:06:52','2022-01-21 09:07:22'),(2800,0,'en','plugins/ecommerce/products','image','Thumbnail','2022-01-21 09:06:52','2022-01-21 09:07:22'),(2801,0,'en','plugins/ecommerce/products','sku','SKU','2022-01-21 09:06:52','2022-01-21 09:07:22'),(2802,0,'en','plugins/ecommerce/products','brand','Brand','2022-01-21 09:06:52','2022-01-21 09:07:22'),(2803,0,'en','plugins/ecommerce/products','cannot_delete','Product could not be deleted','2022-01-21 09:06:52','2022-01-21 09:07:22'),(2804,0,'en','plugins/ecommerce/products','product_deleted','Product deleted','2022-01-21 09:06:52','2022-01-21 09:07:22'),(2805,0,'en','plugins/ecommerce/products','product_collections','Product collections','2022-01-21 09:06:52','2022-01-21 09:07:22'),(2806,0,'en','plugins/ecommerce/products','products','Products','2022-01-21 09:06:52','2022-01-21 09:07:22'),(2807,0,'en','plugins/ecommerce/products','menu','Products','2022-01-21 09:06:52','2022-01-21 09:07:22'),(2808,0,'en','plugins/ecommerce/products','control.button_add_image','Add image','2022-01-21 09:06:52','2022-01-21 09:07:22'),(2809,0,'en','plugins/ecommerce/products','price_sale','Sale price','2022-01-21 09:06:52','2022-01-21 09:07:22'),(2810,0,'en','plugins/ecommerce/products','price_group_title','Manager product price','2022-01-21 09:06:52','2022-01-21 09:07:22'),(2811,0,'en','plugins/ecommerce/products','store_house_group_title','Manager store house','2022-01-21 09:06:52','2022-01-21 09:07:22'),(2812,0,'en','plugins/ecommerce/products','shipping_group_title','Manager shipping','2022-01-21 09:06:52','2022-01-21 09:07:22'),(2813,0,'en','plugins/ecommerce/products','overview','Overview','2022-01-21 09:06:52','2022-01-21 09:07:22'),(2814,0,'en','plugins/ecommerce/products','attributes','Attributes','2022-01-21 09:06:52','2022-01-21 09:07:22'),(2815,0,'en','plugins/ecommerce/products','product_has_variations','Product has variations','2022-01-21 09:06:52','2022-01-21 09:07:22'),(2816,0,'en','plugins/ecommerce/products','manage_products','Manage products','2022-01-21 09:06:52','2022-01-21 09:07:22'),(2817,0,'en','plugins/ecommerce/products','add_new_product','Add a new product','2022-01-21 09:06:52','2022-01-21 09:07:22'),(2818,0,'en','plugins/ecommerce/products','start_by_adding_new_product','Start by adding new products.','2022-01-21 09:06:52','2022-01-21 09:07:22'),(2819,0,'en','plugins/ecommerce/products','edit_this_product','Edit this product','2022-01-21 09:06:52','2022-01-21 09:07:22'),(2820,0,'en','plugins/ecommerce/products','delete','Delete','2022-01-21 09:06:52','2022-01-21 09:07:22'),(2821,0,'en','plugins/ecommerce/products','related_products','Related products','2022-01-21 09:06:52','2022-01-21 09:07:22'),(2822,0,'en','plugins/ecommerce/products','cross_selling_products','Cross-selling products','2022-01-21 09:06:52','2022-01-21 09:07:22'),(2823,0,'en','plugins/ecommerce/products','up_selling_products','Up-selling products','2022-01-21 09:06:52','2022-01-21 09:07:22'),(2824,0,'en','plugins/ecommerce/products','grouped_products','Grouped products','2022-01-21 09:06:52','2022-01-21 09:07:22'),(2825,0,'en','plugins/ecommerce/products','search_products','Search products','2022-01-21 09:06:52','2022-01-21 09:07:22'),(2826,0,'en','plugins/ecommerce/products','selected_products','Selected products','2022-01-21 09:06:52','2022-01-21 09:07:22'),(2827,0,'en','plugins/ecommerce/products','edit_variation_item','Edit','2022-01-21 09:06:52','2022-01-21 09:07:22'),(2828,0,'en','plugins/ecommerce/products','variations_box_description','Click on \"Edit attribute\" to add/remove attributes of variation or click on \"Add new variation\" to add variation.','2022-01-21 09:06:52','2022-01-21 09:07:22'),(2829,0,'en','plugins/ecommerce/products','save_changes','Save changes','2022-01-21 09:06:52','2022-01-21 09:07:22'),(2830,0,'en','plugins/ecommerce/products','continue','Continue','2022-01-21 09:06:52','2022-01-21 09:07:22'),(2831,0,'en','plugins/ecommerce/products','edit_attribute','Edit attribute','2022-01-21 09:06:52','2022-01-21 09:07:22'),(2832,0,'en','plugins/ecommerce/products','select_attribute','Select attribute','2022-01-21 09:06:52','2022-01-21 09:07:22'),(2833,0,'en','plugins/ecommerce/products','add_new_variation','Add new variation','2022-01-21 09:06:52','2022-01-21 09:07:22'),(2834,0,'en','plugins/ecommerce/products','edit_variation','Edit variation','2022-01-21 09:06:52','2022-01-21 09:07:22'),(2835,0,'en','plugins/ecommerce/products','generate_all_variations','Generate all variations','2022-01-21 09:06:52','2022-01-21 09:07:22'),(2836,0,'en','plugins/ecommerce/products','generate_all_variations_confirmation','Are you sure you want to generate all variations for this product?','2022-01-21 09:06:52','2022-01-21 09:07:22'),(2837,0,'en','plugins/ecommerce/products','delete_variation','Delete variation?','2022-01-21 09:06:52','2022-01-21 09:07:22'),(2838,0,'en','plugins/ecommerce/products','delete_variation_confirmation','Are you sure you want to delete this variation? This action cannot be undo.','2022-01-21 09:06:52','2022-01-21 09:07:22'),(2839,0,'en','plugins/ecommerce/products','delete_variations_confirmation','Are you sure you want to delete those variations? This action cannot be undo.','2022-01-21 09:06:52','2022-01-21 09:07:22'),(2840,0,'en','plugins/ecommerce/products','product_create_validate_name_required','Please enter product\'s name','2022-01-21 09:06:52','2022-01-21 09:07:22'),(2841,0,'en','plugins/ecommerce/products','product_create_validate_sale_price_max','The discount must be less than the original price','2022-01-21 09:06:52','2022-01-21 09:07:22'),(2842,0,'en','plugins/ecommerce/products','product_create_validate_sale_price_required_if','Must enter a discount when you want to schedule a promotion','2022-01-21 09:06:52','2022-01-21 09:07:22'),(2843,0,'en','plugins/ecommerce/products','product_create_validate_end_date_after','End date must be after start date','2022-01-21 09:06:52','2022-01-21 09:07:22'),(2844,0,'en','plugins/ecommerce/products','product_create_validate_start_date_required_if','Discount start date cannot be left blank when scheduling is selected','2022-01-21 09:06:52','2022-01-21 09:07:22'),(2845,0,'en','plugins/ecommerce/products','product_create_validate_sale_price','Discounts cannot be left blank when scheduling is selected','2022-01-21 09:06:52','2022-01-21 09:07:22'),(2846,0,'en','plugins/ecommerce/products','stock_statuses.in_stock','In stock','2022-01-21 09:06:52','2022-01-21 09:07:22'),(2847,0,'en','plugins/ecommerce/products','stock_statuses.out_of_stock','Out of stock','2022-01-21 09:06:52','2022-01-21 09:07:22'),(2848,0,'en','plugins/ecommerce/products','stock_statuses.on_backorder','On backorder','2022-01-21 09:06:52','2022-01-21 09:07:22'),(2849,0,'en','plugins/ecommerce/products','stock_status','Stock status','2022-01-21 09:06:52','2022-01-21 09:07:22'),(2850,0,'en','plugins/ecommerce/products','processing','Processing...','2022-01-21 09:06:52','2022-01-21 09:07:22'),(2851,0,'en','plugins/ecommerce/products','delete_selected_variations','Delete selected variations','2022-01-21 09:06:52','2022-01-21 09:07:22'),(2852,0,'en','plugins/ecommerce/products','delete_variations','Delete variations','2022-01-21 09:06:52','2022-01-21 09:07:22'),(2853,0,'en','plugins/ecommerce/products','category','Category','2022-01-21 09:06:52','2022-01-21 09:07:22'),(2854,0,'en','plugins/ecommerce/reports','name','Report','2022-01-21 09:06:52','2022-01-21 09:07:22'),(2855,0,'en','plugins/ecommerce/reports','widget.order.title','Orders','2022-01-21 09:06:52','2022-01-21 09:07:22'),(2856,0,'en','plugins/ecommerce/reports','count.revenue','Today revenue','2022-01-21 09:06:52','2022-01-21 09:07:22'),(2857,0,'en','plugins/ecommerce/reports','count.orders','Today orders','2022-01-21 09:06:52','2022-01-21 09:07:22'),(2858,0,'en','plugins/ecommerce/reports','count.products','Total products','2022-01-21 09:06:52','2022-01-21 09:07:22'),(2859,0,'en','plugins/ecommerce/reports','count.customers','Total customers','2022-01-21 09:06:52','2022-01-21 09:07:22'),(2860,0,'en','plugins/ecommerce/reports','product_name','Product name','2022-01-21 09:06:52','2022-01-21 09:07:22'),(2861,0,'en','plugins/ecommerce/reports','quantity','Quantity','2022-01-21 09:06:52','2022-01-21 09:07:22'),(2862,0,'en','plugins/ecommerce/reports','revenue_statistics','Revenue statistics','2022-01-21 09:06:52','2022-01-21 09:07:22'),(2863,0,'en','plugins/ecommerce/reports','top_selling_products','Top Selling Products','2022-01-21 09:06:52','2022-01-21 09:07:22'),(2864,0,'en','plugins/ecommerce/reports','ranges.today','Today','2022-01-21 09:06:52','2022-01-21 09:07:22'),(2865,0,'en','plugins/ecommerce/reports','ranges.this_week','This week','2022-01-21 09:06:52','2022-01-21 09:07:22'),(2866,0,'en','plugins/ecommerce/reports','ranges.last_7_days','Last 7 days','2022-01-21 09:06:52','2022-01-21 09:07:22'),(2867,0,'en','plugins/ecommerce/reports','ranges.last_30_days','Last 30 days','2022-01-21 09:06:52','2022-01-21 09:07:22'),(2868,0,'en','plugins/ecommerce/reports','ranges.this_month','This month','2022-01-21 09:06:52','2022-01-21 09:07:22'),(2869,0,'en','plugins/ecommerce/reports','ranges.this_year','This year','2022-01-21 09:06:52','2022-01-21 09:07:22'),(2870,0,'en','plugins/ecommerce/reports','revenue_this_month','Revenue this month','2022-01-21 09:06:52','2022-01-21 09:07:22'),(2871,0,'en','plugins/ecommerce/reports','order_processing_this_month','order(s) processing in this month','2022-01-21 09:06:52','2022-01-21 09:07:22'),(2872,0,'en','plugins/ecommerce/reports','order_completed_this_month','order(s) completed in this month','2022-01-21 09:06:52','2022-01-21 09:07:22'),(2873,0,'en','plugins/ecommerce/reports','product_will_be_out_of_stock','product(s) will be out of stock soon','2022-01-21 09:06:52','2022-01-21 09:07:22'),(2874,0,'en','plugins/ecommerce/reports','product_out_of_stock','product(s) out of stock','2022-01-21 09:06:52','2022-01-21 09:07:22'),(2875,0,'en','plugins/ecommerce/reports','sales_reports','Sales Reports','2022-01-21 09:06:52','2022-01-21 09:07:22'),(2876,0,'en','plugins/ecommerce/reports','total_earnings','Total Earnings','2022-01-21 09:06:52','2022-01-21 09:07:22'),(2877,0,'en','plugins/ecommerce/reports','recent_orders','Recent Orders','2022-01-21 09:06:52','2022-01-21 09:07:22'),(2878,0,'en','plugins/ecommerce/reports','statistics','Statistics','2022-01-21 09:06:52','2022-01-21 09:07:22'),(2879,0,'en','plugins/ecommerce/reports','items_earning_sales','Items Earning Sales: :value','2022-01-21 09:06:52','2022-01-21 09:07:22'),(2880,0,'en','plugins/ecommerce/reports','revenue','Revenue','2022-01-21 09:06:52','2022-01-21 09:07:22'),(2881,0,'en','plugins/ecommerce/reports','orders','Orders','2022-01-21 09:06:52','2022-01-21 09:07:22'),(2882,0,'en','plugins/ecommerce/reports','products','Products','2022-01-21 09:06:52','2022-01-21 09:07:22'),(2883,0,'en','plugins/ecommerce/reports','customers','Customers','2022-01-21 09:06:52','2022-01-21 09:07:22'),(2884,0,'en','plugins/ecommerce/reports','earnings','Earnings','2022-01-21 09:06:53','2022-01-21 09:07:22'),(2885,0,'en','plugins/ecommerce/reports','date_range_format_value','From :from to :to','2022-01-21 09:06:53','2022-01-21 09:07:22'),(2886,0,'en','plugins/ecommerce/reports','select_range','Select Range','2022-01-21 09:06:53','2022-01-21 09:07:22'),(2887,0,'en','plugins/ecommerce/review','name','Reviews','2022-01-21 09:06:53','2022-01-21 09:07:22'),(2888,0,'en','plugins/ecommerce/review','add_review','Add review','2022-01-21 09:06:53','2022-01-21 09:07:22'),(2889,0,'en','plugins/ecommerce/review','delete_review','Delete review','2022-01-21 09:06:53','2022-01-21 09:07:22'),(2890,0,'en','plugins/ecommerce/review','create_review','Create Review','2022-01-21 09:06:53','2022-01-21 09:07:22'),(2891,0,'en','plugins/ecommerce/review','please_select_rating','Please select rating','2022-01-21 09:06:53','2022-01-21 09:07:22'),(2892,0,'en','plugins/ecommerce/review','comment','Comment','2022-01-21 09:06:53','2022-01-21 09:07:22'),(2893,0,'en','plugins/ecommerce/review','approve','Approve','2022-01-21 09:06:53','2022-01-21 09:07:22'),(2894,0,'en','plugins/ecommerce/review','approved','Approved','2022-01-21 09:06:53','2022-01-21 09:07:22'),(2895,0,'en','plugins/ecommerce/review','disapprove','Disapprove','2022-01-21 09:06:53','2022-01-21 09:07:22'),(2896,0,'en','plugins/ecommerce/review','disapproved','Disapproved','2022-01-21 09:06:53','2022-01-21 09:07:22'),(2897,0,'en','plugins/ecommerce/review','product','Product','2022-01-21 09:06:53','2022-01-21 09:07:22'),(2898,0,'en','plugins/ecommerce/review','user','User','2022-01-21 09:06:53','2022-01-21 09:07:22'),(2899,0,'en','plugins/ecommerce/review','star','Star','2022-01-21 09:06:53','2022-01-21 09:07:22'),(2900,0,'en','plugins/ecommerce/review','status','Status','2022-01-21 09:06:53','2022-01-21 09:07:22'),(2901,0,'en','plugins/ecommerce/review','list_review','Customer reviews','2022-01-21 09:06:53','2022-01-21 09:07:22'),(2902,0,'en','plugins/ecommerce/review','intro.title','Manage customer reviews','2022-01-21 09:06:53','2022-01-21 09:07:22'),(2903,0,'en','plugins/ecommerce/review','intro.description','Customer reviews will be shown here and you can manage it to show/hide in product detail page.','2022-01-21 09:06:53','2022-01-21 09:07:22'),(2904,0,'en','plugins/ecommerce/review','images','Images','2022-01-21 09:06:53','2022-01-21 09:07:22'),(2905,0,'en','plugins/ecommerce/shipping','name','Shipping Rules','2022-01-21 09:06:53','2022-01-21 09:07:22'),(2906,0,'en','plugins/ecommerce/shipping','shipping','Shipping','2022-01-21 09:06:53','2022-01-21 09:07:22'),(2907,0,'en','plugins/ecommerce/shipping','title','Title','2022-01-21 09:06:53','2022-01-21 09:07:22'),(2908,0,'en','plugins/ecommerce/shipping','amount','Amount','2022-01-21 09:06:53','2022-01-21 09:07:22'),(2909,0,'en','plugins/ecommerce/shipping','enable','Enable','2022-01-21 09:06:53','2022-01-21 09:07:22'),(2910,0,'en','plugins/ecommerce/shipping','enabled','Enabled','2022-01-21 09:06:53','2022-01-21 09:07:22'),(2911,0,'en','plugins/ecommerce/shipping','disable','Disable','2022-01-21 09:06:53','2022-01-21 09:07:22'),(2912,0,'en','plugins/ecommerce/shipping','disabled','Disabled','2022-01-21 09:06:53','2022-01-21 09:07:22'),(2913,0,'en','plugins/ecommerce/shipping','create_shipping','Create a shipping','2022-01-21 09:06:53','2022-01-21 09:07:22'),(2914,0,'en','plugins/ecommerce/shipping','edit_shipping','Edit shipping :code','2022-01-21 09:06:53','2022-01-21 09:07:22'),(2915,0,'en','plugins/ecommerce/shipping','status','Status','2022-01-21 09:06:53','2022-01-21 09:07:22'),(2916,0,'en','plugins/ecommerce/shipping','shipping_methods','Shipping methods','2022-01-21 09:06:53','2022-01-21 09:07:22'),(2917,0,'en','plugins/ecommerce/shipping','create_shipping_method','Create shipping method','2022-01-21 09:06:53','2022-01-21 09:07:22'),(2918,0,'en','plugins/ecommerce/shipping','edit_shipping_method','Edit shipping method','2022-01-21 09:06:53','2022-01-21 09:07:22'),(2919,0,'en','plugins/ecommerce/shipping','add_shipping_region','Add shipping region','2022-01-21 09:06:53','2022-01-21 09:07:22'),(2920,0,'en','plugins/ecommerce/shipping','country','Country','2022-01-21 09:06:53','2022-01-21 09:07:22'),(2921,0,'en','plugins/ecommerce/shipping','state','State','2022-01-21 09:06:53','2022-01-21 09:07:22'),(2922,0,'en','plugins/ecommerce/shipping','city','City','2022-01-21 09:06:53','2022-01-21 09:07:22'),(2923,0,'en','plugins/ecommerce/shipping','address','Address','2022-01-21 09:06:53','2022-01-21 09:07:22'),(2924,0,'en','plugins/ecommerce/shipping','phone','Phone','2022-01-21 09:06:53','2022-01-21 09:07:22'),(2925,0,'en','plugins/ecommerce/shipping','email','Email','2022-01-21 09:06:53','2022-01-21 09:07:22'),(2926,0,'en','plugins/ecommerce/shipping','zip_code','Zip code','2022-01-21 09:06:53','2022-01-21 09:07:22'),(2927,0,'en','plugins/ecommerce/shipping','methods.default','Default','2022-01-21 09:06:53','2022-01-21 09:07:22'),(2928,0,'en','plugins/ecommerce/shipping','statuses.not_approved','Not approved','2022-01-21 09:06:53','2022-01-21 09:07:22'),(2929,0,'en','plugins/ecommerce/shipping','statuses.approved','Approved','2022-01-21 09:06:53','2022-01-21 09:07:22'),(2930,0,'en','plugins/ecommerce/shipping','statuses.picking','Picking','2022-01-21 09:06:53','2022-01-21 09:07:22'),(2931,0,'en','plugins/ecommerce/shipping','statuses.delay_picking','Delay picking','2022-01-21 09:06:53','2022-01-21 09:07:22'),(2932,0,'en','plugins/ecommerce/shipping','statuses.picked','Picked','2022-01-21 09:06:53','2022-01-21 09:07:22'),(2933,0,'en','plugins/ecommerce/shipping','statuses.not_picked','Not picked','2022-01-21 09:06:53','2022-01-21 09:07:22'),(2934,0,'en','plugins/ecommerce/shipping','statuses.delivering','Delivering','2022-01-21 09:06:53','2022-01-21 09:07:22'),(2935,0,'en','plugins/ecommerce/shipping','statuses.delivered','Delivered','2022-01-21 09:06:53','2022-01-21 09:07:22'),(2936,0,'en','plugins/ecommerce/shipping','statuses.not_delivered','Not delivered','2022-01-21 09:06:53','2022-01-21 09:07:22'),(2937,0,'en','plugins/ecommerce/shipping','statuses.audited','Audited','2022-01-21 09:06:53','2022-01-21 09:07:22'),(2938,0,'en','plugins/ecommerce/shipping','statuses.canceled','Canceled','2022-01-21 09:06:53','2022-01-21 09:07:22'),(2939,0,'en','plugins/ecommerce/shipping','cod_statuses.pending','Pending','2022-01-21 09:06:53','2022-01-21 09:07:22'),(2940,0,'en','plugins/ecommerce/shipping','cod_statuses.completed','Completed','2022-01-21 09:06:53','2022-01-21 09:07:22'),(2941,0,'en','plugins/ecommerce/shipping','delete','Delete','2022-01-21 09:06:53','2022-01-21 09:07:22'),(2942,0,'en','plugins/ecommerce/shipping','shipping_rules','Shipping Rules','2022-01-21 09:06:53','2022-01-21 09:07:22'),(2943,0,'en','plugins/ecommerce/shipping','shipping_rules_description','Rules to calculate shipping fee.','2022-01-21 09:06:53','2022-01-21 09:07:22'),(2944,0,'en','plugins/ecommerce/shipping','select_country','Select country','2022-01-21 09:06:53','2022-01-21 09:07:22'),(2945,0,'en','plugins/ecommerce/shipping','add_shipping_rule','Add shipping rule','2022-01-21 09:06:53','2022-01-21 09:07:22'),(2946,0,'en','plugins/ecommerce/shipping','delete_shipping_rate','Delete shipping rate for area','2022-01-21 09:06:53','2022-01-21 09:07:22'),(2947,0,'en','plugins/ecommerce/shipping','delete_shipping_rate_confirmation','Are you sure you want to delete <strong class=\"region-price-item-label\"></strong> from this shipping area?','2022-01-21 09:06:53','2022-01-21 09:07:22'),(2948,0,'en','plugins/ecommerce/shipping','delete_shipping_area','Delete shipping area','2022-01-21 09:06:53','2022-01-21 09:07:22'),(2949,0,'en','plugins/ecommerce/shipping','delete_shipping_area_confirmation','Are you sure you want to delete shipping area <strong class=\"region-item-label\"></strong>?','2022-01-21 09:06:53','2022-01-21 09:07:22'),(2950,0,'en','plugins/ecommerce/shipping','add_shipping_fee_for_area','Add shipping fee for area','2022-01-21 09:06:53','2022-01-21 09:07:22'),(2951,0,'en','plugins/ecommerce/shipping','confirm','Confirm','2022-01-21 09:06:53','2022-01-21 09:07:22'),(2952,0,'en','plugins/ecommerce/shipping','save','Save','2022-01-21 09:06:53','2022-01-21 09:07:22'),(2953,0,'en','plugins/ecommerce/shipping','greater_than','Greater than','2022-01-21 09:06:53','2022-01-21 09:07:22'),(2954,0,'en','plugins/ecommerce/shipping','type','Type','2022-01-21 09:06:53','2022-01-21 09:07:22'),(2955,0,'en','plugins/ecommerce/shipping','shipping_rule_name','Name of shipping rule','2022-01-21 09:06:53','2022-01-21 09:07:22'),(2956,0,'en','plugins/ecommerce/shipping','shipping_fee','Shipping fee','2022-01-21 09:06:53','2022-01-21 09:07:22'),(2957,0,'en','plugins/ecommerce/shipping','cancel','Cancel','2022-01-21 09:06:53','2022-01-21 09:07:22'),(2958,0,'en','plugins/ecommerce/shipping','base_on_weight','Based on product\'s weight (:unit)','2022-01-21 09:06:53','2022-01-21 09:07:22'),(2959,0,'en','plugins/ecommerce/shipping','base_on_price','Based on product\'s price','2022-01-21 09:06:53','2022-01-21 09:07:22'),(2960,0,'en','plugins/ecommerce/shipping','shipment_canceled','Shipment was canceled','2022-01-21 09:06:53','2022-01-21 09:07:22'),(2961,0,'en','plugins/ecommerce/shipping','at','At','2022-01-21 09:06:53','2022-01-21 09:07:22'),(2962,0,'en','plugins/ecommerce/shipping','cash_on_delivery','Cash on delivery (COD)','2022-01-21 09:06:53','2022-01-21 09:07:22'),(2963,0,'en','plugins/ecommerce/shipping','update_shipping_status','Update shipping status','2022-01-21 09:06:53','2022-01-21 09:07:22'),(2964,0,'en','plugins/ecommerce/shipping','update_cod_status','Update COD status','2022-01-21 09:06:53','2022-01-21 09:07:22'),(2965,0,'en','plugins/ecommerce/shipping','history','History','2022-01-21 09:06:53','2022-01-21 09:07:22'),(2966,0,'en','plugins/ecommerce/shipping','shipment_information','Shipment information','2022-01-21 09:06:53','2022-01-21 09:07:22'),(2967,0,'en','plugins/ecommerce/shipping','order_number','Order number','2022-01-21 09:06:53','2022-01-21 09:07:22'),(2968,0,'en','plugins/ecommerce/shipping','shipping_method','Shipping method','2022-01-21 09:06:53','2022-01-21 09:07:22'),(2969,0,'en','plugins/ecommerce/shipping','select_shipping_method','Select shipping method','2022-01-21 09:06:53','2022-01-21 09:07:22'),(2970,0,'en','plugins/ecommerce/shipping','cod_status','COD status','2022-01-21 09:06:53','2022-01-21 09:07:22'),(2971,0,'en','plugins/ecommerce/shipping','shipping_status','Shipping status','2022-01-21 09:06:53','2022-01-21 09:07:22'),(2972,0,'en','plugins/ecommerce/shipping','customer_information','Customer information','2022-01-21 09:06:53','2022-01-21 09:07:22'),(2973,0,'en','plugins/ecommerce/shipping','sku','SKU','2022-01-21 09:06:53','2022-01-21 09:07:22'),(2974,0,'en','plugins/ecommerce/shipping','change_status_confirm_title','Confirm <span class=\"shipment-status-label\"></span> ?','2022-01-21 09:06:53','2022-01-21 09:07:22'),(2975,0,'en','plugins/ecommerce/shipping','change_status_confirm_description','Are you sure you want to confirm <span class=\"shipment-status-label\"></span> for this shipment?','2022-01-21 09:06:53','2022-01-21 09:07:22'),(2976,0,'en','plugins/ecommerce/shipping','accept','Accept','2022-01-21 09:06:53','2022-01-21 09:07:22'),(2977,0,'en','plugins/ecommerce/shipping','weight_unit','Weight (:unit)','2022-01-21 09:06:53','2022-01-21 09:07:22'),(2978,0,'en','plugins/ecommerce/shipping','updated_at','Last Update','2022-01-21 09:06:53','2022-01-21 09:07:22'),(2979,0,'en','plugins/ecommerce/shipping','cod_amount','Cash on delivery amount (COD)','2022-01-21 09:06:53','2022-01-21 09:07:22'),(2980,0,'en','plugins/ecommerce/shipping','cancel_shipping','Cancel shipping','2022-01-21 09:06:53','2022-01-21 09:07:22'),(2981,0,'en','plugins/ecommerce/shipping','shipping_address','Shipping address','2022-01-21 09:06:53','2022-01-21 09:07:22'),(2982,0,'en','plugins/ecommerce/shipping','packages','Packages','2022-01-21 09:06:53','2022-01-21 09:07:22'),(2983,0,'en','plugins/ecommerce/shipping','edit','Edit','2022-01-21 09:06:53','2022-01-21 09:07:22'),(2984,0,'en','plugins/ecommerce/shipping','fee','Fee','2022-01-21 09:06:53','2022-01-21 09:07:22'),(2985,0,'en','plugins/ecommerce/shipping','note','Note','2022-01-21 09:06:53','2022-01-21 09:07:22'),(2986,0,'en','plugins/ecommerce/shipping','finish','Finish','2022-01-21 09:06:53','2022-01-21 09:07:22'),(2987,0,'en','plugins/ecommerce/shipping','shipping_fee_cod','Shipping fee/COD','2022-01-21 09:06:53','2022-01-21 09:07:22'),(2988,0,'en','plugins/ecommerce/shipping','send_confirmation_email_to_customer','Send confirmation email to customer','2022-01-21 09:06:53','2022-01-21 09:07:22'),(2989,0,'en','plugins/ecommerce/shipping','form_name','Name','2022-01-21 09:06:53','2022-01-21 09:07:22'),(2990,0,'en','plugins/ecommerce/shipping','changed_shipping_status','Changed status of shipping to : :status . Updated by: %user_name%','2022-01-21 09:06:53','2022-01-21 09:07:22'),(2991,0,'en','plugins/ecommerce/shipping','order_confirmed_by','Order confirmed by %user_name%','2022-01-21 09:06:53','2022-01-21 09:07:22'),(2992,0,'en','plugins/ecommerce/shipping','shipping_canceled_by','Shipping is cancelled by %user_name%','2022-01-21 09:06:53','2022-01-21 09:07:22'),(2993,0,'en','plugins/ecommerce/shipping','update_shipping_status_success','Update shipping status successfully!','2022-01-21 09:06:53','2022-01-21 09:07:22'),(2994,0,'en','plugins/ecommerce/shipping','update_cod_status_success','Updated COD status of shipping successfully!','2022-01-21 09:06:53','2022-01-21 09:07:22'),(2995,0,'en','plugins/ecommerce/shipping','updated_cod_status_by','Updated COD status to :status . Updated by: %user_name%','2022-01-21 09:06:53','2022-01-21 09:07:22'),(2996,0,'en','plugins/ecommerce/shipping','all','All','2022-01-21 09:06:53','2022-01-21 09:07:22'),(2997,0,'en','plugins/ecommerce/shipping','error_when_adding_new_region','There is an error when adding new region!','2022-01-21 09:06:53','2022-01-21 09:07:22'),(2998,0,'en','plugins/ecommerce/shipping','delivery','Delivery','2022-01-21 09:06:53','2022-01-21 09:07:22'),(2999,0,'en','plugins/ecommerce/shipping','adjustment_price_of','Adjustment price of :key','2022-01-21 09:06:53','2022-01-21 09:07:22'),(3000,0,'en','plugins/ecommerce/shipping','warehouse','Warehouse','2022-01-21 09:06:53','2022-01-21 09:07:22'),(3001,0,'en','plugins/ecommerce/shipping','delivery_note','Delivery note','2022-01-21 09:06:53','2022-01-21 09:07:22'),(3002,0,'en','plugins/ecommerce/shipping','shipments','Shipments','2022-01-21 09:06:53','2022-01-21 09:07:22'),(3003,0,'en','plugins/ecommerce/shipping','order_id','Order ID','2022-01-21 09:06:53','2022-01-21 09:07:22'),(3004,0,'en','plugins/ecommerce/shipping','not_available','Not available','2022-01-21 09:06:53','2022-01-21 09:07:22'),(3005,0,'en','plugins/ecommerce/shipping','shipping_amount','Shipping Amount','2022-01-21 09:06:53','2022-01-21 09:07:22'),(3006,0,'en','plugins/ecommerce/shipping','additional_shipment_information','Additional shipment information','2022-01-21 09:06:53','2022-01-21 09:07:22'),(3007,0,'en','plugins/ecommerce/shipping','shipping_company_name','Shipping Company Name','2022-01-21 09:06:53','2022-01-21 09:07:22'),(3008,0,'en','plugins/ecommerce/shipping','tracking_id','Tracking ID','2022-01-21 09:06:53','2022-01-21 09:07:22'),(3009,0,'en','plugins/ecommerce/shipping','tracking_link','Tracking Link','2022-01-21 09:06:53','2022-01-21 09:07:22'),(3010,0,'en','plugins/ecommerce/shipping','estimate_date_shipped','Estimate Date Shipped','2022-01-21 09:06:53','2022-01-21 09:07:22'),(3011,0,'en','plugins/ecommerce/shipping','date_shipped','Date Shipped','2022-01-21 09:06:53','2022-01-21 09:07:22'),(3012,0,'en','plugins/ecommerce/shipping','add_note','Add note...','2022-01-21 09:06:53','2022-01-21 09:07:22'),(3013,0,'en','plugins/ecommerce/shipping','view_order','View Order :order_id','2022-01-21 09:06:53','2022-01-21 09:07:22'),(3014,0,'en','plugins/ecommerce/store-locator','name','Store locators','2022-01-21 09:06:53','2022-01-21 09:07:22'),(3015,0,'en','plugins/ecommerce/store-locator','description','This address will appear on your invoice and will be used to calculate your shipping price.','2022-01-21 09:06:53','2022-01-21 09:07:22'),(3016,0,'en','plugins/ecommerce/store-locator','shop_name','Shop name','2022-01-21 09:06:53','2022-01-21 09:07:22'),(3017,0,'en','plugins/ecommerce/store-locator','phone','Phone','2022-01-21 09:06:53','2022-01-21 09:07:22'),(3018,0,'en','plugins/ecommerce/store-locator','email','Email','2022-01-21 09:06:53','2022-01-21 09:07:22'),(3019,0,'en','plugins/ecommerce/store-locator','state','State','2022-01-21 09:06:53','2022-01-21 09:07:22'),(3020,0,'en','plugins/ecommerce/store-locator','city','City','2022-01-21 09:06:53','2022-01-21 09:07:22'),(3021,0,'en','plugins/ecommerce/store-locator','country','Country','2022-01-21 09:06:53','2022-01-21 09:07:22'),(3022,0,'en','plugins/ecommerce/store-locator','address','Address','2022-01-21 09:06:53','2022-01-21 09:07:22'),(3023,0,'en','plugins/ecommerce/store-locator','primary_store_is','Primary store is','2022-01-21 09:06:53','2022-01-21 09:07:22'),(3024,0,'en','plugins/ecommerce/store-locator','store_name','Store name','2022-01-21 09:06:53','2022-01-21 09:07:22'),(3025,0,'en','plugins/ecommerce/store-locator','select_country','Select country...','2022-01-21 09:06:53','2022-01-21 09:07:22'),(3026,0,'en','plugins/ecommerce/store-locator','default_shipping_location','Default shipping location','2022-01-21 09:06:53','2022-01-21 09:07:22'),(3027,0,'en','plugins/ecommerce/store-locator','default_store','Default store','2022-01-21 09:06:53','2022-01-21 09:07:22'),(3028,0,'en','plugins/ecommerce/tax','name','Taxes','2022-01-21 09:06:53','2022-01-21 09:07:23'),(3029,0,'en','plugins/ecommerce/tax','create','Create a tax','2022-01-21 09:06:53','2022-01-21 09:07:23'),(3030,0,'en','plugins/ecommerce/tax','edit','Edit tax :title','2022-01-21 09:06:53','2022-01-21 09:07:23'),(3031,0,'en','plugins/ecommerce/tax','title','Title','2022-01-21 09:06:53','2022-01-21 09:07:23'),(3032,0,'en','plugins/ecommerce/tax','percentage','Percentage %','2022-01-21 09:06:53','2022-01-21 09:07:23'),(3033,0,'en','plugins/ecommerce/tax','priority','Priority','2022-01-21 09:06:53','2022-01-21 09:07:23'),(3034,0,'en','plugins/ecommerce/tax','select_tax','-- select --','2022-01-21 09:06:53','2022-01-21 09:07:23'),(3035,0,'vi','plugins/ecommerce/brands','name','Thương hiệu','2022-01-21 09:06:53','2022-01-21 09:07:21'),(3036,0,'vi','plugins/ecommerce/brands','create','Thêm thương hiệu mới','2022-01-21 09:06:53','2022-01-21 09:07:21'),(3037,0,'vi','plugins/ecommerce/brands','edit','Sửa thương hiệu','2022-01-21 09:06:53','2022-01-21 09:07:21'),(3038,0,'vi','plugins/ecommerce/brands','form.name','Tên','2022-01-21 09:06:53','2022-01-21 09:07:21'),(3039,0,'vi','plugins/ecommerce/brands','form.name_placeholder','Tên thương hiệu (tối đa 255 kí tự)','2022-01-21 09:06:53','2022-01-21 09:07:21'),(3040,0,'vi','plugins/ecommerce/brands','form.description','Mô tả','2022-01-21 09:06:53','2022-01-21 09:07:21'),(3041,0,'vi','plugins/ecommerce/brands','form.description_placeholder','Mô tả ngắn cho thương hiệu này (tối đa 400 kí tự)','2022-01-21 09:06:53','2022-01-21 09:07:21'),(3042,0,'vi','plugins/ecommerce/brands','form.website','Website','2022-01-21 09:06:53','2022-01-21 09:07:21'),(3043,0,'vi','plugins/ecommerce/brands','form.logo','Logo','2022-01-21 09:06:53','2022-01-21 09:07:21'),(3044,0,'vi','plugins/ecommerce/brands','form.is_featured','Nổi bật?','2022-01-21 09:06:53','2022-01-21 09:07:21'),(3045,0,'vi','plugins/ecommerce/brands','logo','Logo','2022-01-21 09:06:53','2022-01-21 09:07:21'),(3046,0,'vi','plugins/ecommerce/brands','website','Website','2022-01-21 09:06:53','2022-01-21 09:07:21'),(3047,0,'vi','plugins/ecommerce/brands','notices.no_select','Không có bản ghi nào được chọn!','2022-01-21 09:06:53','2022-01-21 09:07:21'),(3048,0,'vi','plugins/ecommerce/brands','notices.update_success_message','Cập nhật thành công','2022-01-21 09:06:53','2022-01-21 09:07:21'),(3049,0,'vi','plugins/ecommerce/brands','cannot_delete','Xoá không thành công','2022-01-21 09:06:53','2022-01-21 09:07:21'),(3050,0,'vi','plugins/ecommerce/brands','brand_deleted','Xoá thương hiệu thành công','2022-01-21 09:06:53','2022-01-21 09:07:21'),(3051,0,'vi','plugins/ecommerce/brands','menu','Thương hiệu','2022-01-21 09:06:53','2022-01-21 09:07:21'),(3052,0,'vi','plugins/ecommerce/brands','intro.title','Quản lý danh sách thương hiệu','2022-01-21 09:06:53','2022-01-21 09:07:21'),(3053,0,'vi','plugins/ecommerce/brands','intro.description','Các thương hiệu của sản phẩm như Nike, Adidas, Bitis ...','2022-01-21 09:06:53','2022-01-21 09:07:21'),(3054,0,'vi','plugins/ecommerce/brands','intro.button_text','Tạo thương hiệu','2022-01-21 09:06:53','2022-01-21 09:07:21'),(3055,0,'vi','plugins/ecommerce/brands','no_brand','Không có thương hiệu','2022-01-21 09:06:53','2022-01-21 09:07:21'),(3077,0,'vi','plugins/ecommerce/currency','currencies','Tiền tệ','2022-01-21 09:06:53','2022-01-21 09:07:21'),(3078,0,'vi','plugins/ecommerce/currency','setting_description','Các loại tiền tệ được sử dụng trên website.','2022-01-21 09:06:53','2022-01-21 09:07:21'),(3079,0,'vi','plugins/ecommerce/currency','name','Tên','2022-01-21 09:06:53','2022-01-21 09:07:21'),(3080,0,'vi','plugins/ecommerce/currency','symbol','Ký hiệu','2022-01-21 09:06:54','2022-01-21 09:07:21'),(3081,0,'vi','plugins/ecommerce/currency','number_of_decimals','Số thập phân','2022-01-21 09:06:54','2022-01-21 09:07:21'),(3082,0,'vi','plugins/ecommerce/currency','exchange_rate','Tỷ giá','2022-01-21 09:06:54','2022-01-21 09:07:21'),(3083,0,'vi','plugins/ecommerce/currency','is_prefix_symbol','Vị trí ký hiệu','2022-01-21 09:06:54','2022-01-21 09:07:21'),(3084,0,'vi','plugins/ecommerce/currency','is_default','Mặc định?','2022-01-21 09:06:54','2022-01-21 09:07:21'),(3085,0,'vi','plugins/ecommerce/currency','remove','Xoá','2022-01-21 09:06:54','2022-01-21 09:07:21'),(3086,0,'vi','plugins/ecommerce/currency','new_currency','Thêm tiền tệ mới','2022-01-21 09:06:54','2022-01-21 09:07:21'),(3087,0,'vi','plugins/ecommerce/currency','save_settings','Lưu cài đặt','2022-01-21 09:06:54','2022-01-21 09:07:21'),(3088,0,'vi','plugins/ecommerce/currency','before_number','Trước số','2022-01-21 09:06:54','2022-01-21 09:07:21'),(3089,0,'vi','plugins/ecommerce/currency','after_number','Sau số','2022-01-21 09:06:54','2022-01-21 09:07:21'),(3090,0,'vi','plugins/ecommerce/customer','name','Khách hàng','2022-01-21 09:06:54','2022-01-21 09:07:21'),(3091,0,'vi','plugins/ecommerce/customer','create','Create a customer','2022-01-21 09:06:54','2022-01-21 09:07:21'),(3092,0,'vi','plugins/ecommerce/customer','edit','Edit customer \":name\"','2022-01-21 09:06:54','2022-01-21 09:07:21'),(3093,0,'vi','plugins/ecommerce/customer','email','Email','2022-01-21 09:06:54','2022-01-21 09:07:21'),(3094,0,'vi','plugins/ecommerce/customer','email_placeholder','Ex: example@gmail.com','2022-01-21 09:06:54','2022-01-21 09:07:21'),(3095,0,'vi','plugins/ecommerce/customer','password','Password','2022-01-21 09:06:54','2022-01-21 09:07:21'),(3096,0,'vi','plugins/ecommerce/customer','change_password','Change password?','2022-01-21 09:06:54','2022-01-21 09:07:21'),(3097,0,'vi','plugins/ecommerce/customer','password_confirmation','Password confirmation','2022-01-21 09:06:54','2022-01-21 09:07:21'),(3098,0,'vi','plugins/ecommerce/customer','intro.title','Quản lý danh sách khách hàng','2022-01-21 09:06:54','2022-01-21 09:07:21'),(3099,0,'vi','plugins/ecommerce/customer','intro.description','Khi khách hàng đặt hàng, bạn sẽ biết được thông tin và lịch sử mua hàng của khách hàng.','2022-01-21 09:06:54','2022-01-21 09:07:21'),(3100,0,'vi','plugins/ecommerce/customer','intro.button_text','Tạo khách hàng','2022-01-21 09:06:54','2022-01-21 09:07:21'),(3101,0,'vi','plugins/ecommerce/discount','name','Khuyến mãi','2022-01-21 09:06:54','2022-01-21 09:07:21'),(3102,0,'vi','plugins/ecommerce/discount','invalid_coupon','Mã khuyến mãi không hợp lệ hoặc đã hết hạn!','2022-01-21 09:06:54','2022-01-21 09:07:21'),(3103,0,'vi','plugins/ecommerce/discount','cannot_use_same_time_with_other_discount_program','Mã khuyến mãi này không thể sử dụng chung với chương trình khuyến mãi!','2022-01-21 09:06:54','2022-01-21 09:07:21'),(3104,0,'vi','plugins/ecommerce/discount','not_used','Chưa sử dụng mã giảm giá này','2022-01-21 09:06:54','2022-01-21 09:07:21'),(3105,0,'vi','plugins/ecommerce/discount','detail','Detail','2022-01-21 09:06:54','2022-01-21 09:07:21'),(3106,0,'vi','plugins/ecommerce/discount','used','Used','2022-01-21 09:06:54','2022-01-21 09:07:21'),(3107,0,'vi','plugins/ecommerce/discount','start_date','Start date','2022-01-21 09:06:54','2022-01-21 09:07:21'),(3108,0,'vi','plugins/ecommerce/discount','end_date','End date','2022-01-21 09:06:54','2022-01-21 09:07:21'),(3109,0,'vi','plugins/ecommerce/discount','intro.title','Chương trình khuyến mãi','2022-01-21 09:06:54','2022-01-21 09:07:21'),(3110,0,'vi','plugins/ecommerce/discount','intro.description','Tạo ra các mã coupon, cài đặt một sản phẩm, hoặc một nhóm sản phẩm khuyến mãi dành cho các khách hàng thân thiết của bạn.','2022-01-21 09:06:54','2022-01-21 09:07:21'),(3111,0,'vi','plugins/ecommerce/discount','intro.button_text','Tạo khuyến mãi','2022-01-21 09:06:54','2022-01-21 09:07:21'),(3112,0,'vi','plugins/ecommerce/discount','create','Create discount','2022-01-21 09:06:54','2022-01-21 09:07:21'),(3113,0,'vi','plugins/ecommerce/discount','expired','Expired','2022-01-21 09:06:54','2022-01-21 09:07:21'),(3114,0,'vi','plugins/ecommerce/discount','discount_promotion','Discount promotion','2022-01-21 09:06:54','2022-01-21 09:07:21'),(3115,0,'vi','plugins/ecommerce/discount','can','can','2022-01-21 09:06:54','2022-01-21 09:07:21'),(3116,0,'vi','plugins/ecommerce/discount','cannot','cannot','2022-01-21 09:06:54','2022-01-21 09:07:21'),(3117,0,'vi','plugins/ecommerce/discount','use_with_promotion','be used with promotion','2022-01-21 09:06:54','2022-01-21 09:07:21'),(3118,0,'vi','plugins/ecommerce/discount','create_discount_validate_title_required_if','Please enter the name of the promotion','2022-01-21 09:06:54','2022-01-21 09:07:21'),(3119,0,'vi','plugins/ecommerce/discount','create_discount_validate_code_required_if','Please enter the promotion code','2022-01-21 09:06:54','2022-01-21 09:07:21'),(3120,0,'vi','plugins/ecommerce/discount','create_discount_validate_value_required','Amount must be greater than 0','2022-01-21 09:06:54','2022-01-21 09:07:21'),(3121,0,'vi','plugins/ecommerce/discount','create_discount_validate_target_required','No object selected for promotion','2022-01-21 09:06:54','2022-01-21 09:07:21'),(3122,0,'vi','plugins/ecommerce/discount','enums.type-options.amount','Amount - Fixed','2022-01-21 09:06:54','2022-01-21 09:07:21'),(3123,0,'vi','plugins/ecommerce/discount','enums.type-options.percentage','Discount %','2022-01-21 09:06:54','2022-01-21 09:07:21'),(3124,0,'vi','plugins/ecommerce/discount','enums.type-options.shipping','Free shipping','2022-01-21 09:06:54','2022-01-21 09:07:21'),(3125,0,'vi','plugins/ecommerce/discount','enums.type-options.same-price','Same price','2022-01-21 09:06:54','2022-01-21 09:07:21'),(3126,0,'vi','plugins/ecommerce/discount','discount','Discount','2022-01-21 09:06:54','2022-01-21 09:07:21'),(3127,0,'vi','plugins/ecommerce/discount','create_coupon_code','Tạo mã khuyến mãi','2022-01-21 09:06:54','2022-01-21 09:07:21'),(3128,0,'vi','plugins/ecommerce/discount','create_discount_promotion','Create discount promotion','2022-01-21 09:06:54','2022-01-21 09:07:21'),(3129,0,'vi','plugins/ecommerce/discount','generate_coupon_code','Generate coupon code','2022-01-21 09:06:54','2022-01-21 09:07:21'),(3130,0,'vi','plugins/ecommerce/discount','customers_will_enter_this_coupon_code_when_they_checkout','Customers will enter this coupon code when they checkout','2022-01-21 09:06:54','2022-01-21 09:07:21'),(3131,0,'vi','plugins/ecommerce/discount','select_type_of_discount','Select type of discount','2022-01-21 09:06:54','2022-01-21 09:07:21'),(3132,0,'vi','plugins/ecommerce/discount','coupon_code','Coupon code','2022-01-21 09:06:54','2022-01-21 09:07:21'),(3133,0,'vi','plugins/ecommerce/discount','promotion','Promotion','2022-01-21 09:06:54','2022-01-21 09:07:21'),(3134,0,'vi','plugins/ecommerce/discount','can_be_used_with_promotion','Can be used with promotion','2022-01-21 09:06:54','2022-01-21 09:07:21'),(3135,0,'vi','plugins/ecommerce/discount','unlimited_coupon','Unlimited coupon','2022-01-21 09:06:54','2022-01-21 09:07:21'),(3136,0,'vi','plugins/ecommerce/discount','enter_number','Enter number','2022-01-21 09:06:54','2022-01-21 09:07:21'),(3137,0,'vi','plugins/ecommerce/discount','coupon_type','Coupon type','2022-01-21 09:06:54','2022-01-21 09:07:21'),(3138,0,'vi','plugins/ecommerce/discount','percentage_discount','Percentage discount (%)','2022-01-21 09:06:54','2022-01-21 09:07:21'),(3139,0,'vi','plugins/ecommerce/discount','free_shipping','Free shipping','2022-01-21 09:06:54','2022-01-21 09:07:21'),(3140,0,'vi','plugins/ecommerce/discount','same_price','Same price','2022-01-21 09:06:54','2022-01-21 09:07:21'),(3141,0,'vi','plugins/ecommerce/discount','apply_for','apply for','2022-01-21 09:06:54','2022-01-21 09:07:21'),(3142,0,'vi','plugins/ecommerce/discount','all_orders','All orders','2022-01-21 09:06:54','2022-01-21 09:07:21'),(3143,0,'vi','plugins/ecommerce/discount','order_amount_from','Order amount from','2022-01-21 09:06:54','2022-01-21 09:07:21'),(3144,0,'vi','plugins/ecommerce/discount','product_collection','Product collection','2022-01-21 09:06:54','2022-01-21 09:07:21'),(3145,0,'vi','plugins/ecommerce/discount','product','Product','2022-01-21 09:06:54','2022-01-21 09:07:21'),(3146,0,'vi','plugins/ecommerce/discount','customer','Customer','2022-01-21 09:06:54','2022-01-21 09:07:21'),(3147,0,'vi','plugins/ecommerce/discount','variant','Variant','2022-01-21 09:06:54','2022-01-21 09:07:21'),(3148,0,'vi','plugins/ecommerce/discount','search_product','Search product','2022-01-21 09:06:54','2022-01-21 09:07:21'),(3149,0,'vi','plugins/ecommerce/discount','no_products_found','No products found!','2022-01-21 09:06:54','2022-01-21 09:07:21'),(3150,0,'vi','plugins/ecommerce/discount','search_customer','Search customer','2022-01-21 09:06:54','2022-01-21 09:07:21'),(3151,0,'vi','plugins/ecommerce/discount','no_customer_found','No customer found!','2022-01-21 09:06:54','2022-01-21 09:07:21'),(3152,0,'vi','plugins/ecommerce/discount','one_time_per_order','One time per order','2022-01-21 09:06:54','2022-01-21 09:07:21'),(3153,0,'vi','plugins/ecommerce/discount','one_time_per_product_in_cart','One time per product in cart','2022-01-21 09:06:54','2022-01-21 09:07:21'),(3154,0,'vi','plugins/ecommerce/discount','number_of_products','Number of products required to apply','2022-01-21 09:06:54','2022-01-21 09:07:21'),(3155,0,'vi','plugins/ecommerce/discount','selected_products','Selected products','2022-01-21 09:06:54','2022-01-21 09:07:21'),(3156,0,'vi','plugins/ecommerce/discount','selected_customers','Selected customers','2022-01-21 09:06:54','2022-01-21 09:07:21'),(3157,0,'vi','plugins/ecommerce/discount','time','Time','2022-01-21 09:06:54','2022-01-21 09:07:21'),(3158,0,'vi','plugins/ecommerce/discount','never_expired','Never expired','2022-01-21 09:06:54','2022-01-21 09:07:21'),(3159,0,'vi','plugins/ecommerce/discount','save','Save','2022-01-21 09:06:54','2022-01-21 09:07:21'),(3160,0,'vi','plugins/ecommerce/discount','enter_promotion_name','Enter promotion name','2022-01-21 09:06:54','2022-01-21 09:07:21'),(3161,0,'vi','plugins/ecommerce/discount','enter_coupon_name','Enter coupon name','2022-01-21 09:06:54','2022-01-21 09:07:21'),(3162,0,'vi','plugins/ecommerce/discount','cancel','Cancel','2022-01-21 09:06:54','2022-01-21 09:07:21'),(3163,0,'vi','plugins/ecommerce/discount','is','Is','2022-01-21 09:06:54','2022-01-21 09:07:21'),(3164,0,'vi','plugins/ecommerce/discount','when_shipping_fee_less_than','when shipping fee less than','2022-01-21 09:06:54','2022-01-21 09:07:21'),(3165,0,'vi','plugins/ecommerce/ecommerce','settings','Cài đặt','2022-01-21 09:06:54','2022-01-21 09:07:21'),(3166,0,'vi','plugins/ecommerce/ecommerce','name','Thương mại điện tử','2022-01-21 09:06:54','2022-01-21 09:07:21'),(3167,0,'vi','plugins/ecommerce/ecommerce','setting.email.title','E-commerce','2022-01-21 09:06:54','2022-01-21 09:07:21'),(3168,0,'vi','plugins/ecommerce/ecommerce','setting.email.description','Ecommerce email config','2022-01-21 09:06:54','2022-01-21 09:07:21'),(3169,0,'vi','plugins/ecommerce/ecommerce','setting.email.order_confirm_subject','Subject of order confirmation email','2022-01-21 09:06:54','2022-01-21 09:07:21'),(3170,0,'vi','plugins/ecommerce/ecommerce','setting.email.order_confirm_subject_placeholder','The subject of email confirmation send to the customer','2022-01-21 09:06:54','2022-01-21 09:07:21'),(3171,0,'vi','plugins/ecommerce/ecommerce','setting.email.order_confirm_content','Content of order confirmation email','2022-01-21 09:06:54','2022-01-21 09:07:21'),(3172,0,'vi','plugins/ecommerce/ecommerce','setting.email.order_status_change_subject','Subject of email when changing order\'s status','2022-01-21 09:06:54','2022-01-21 09:07:21'),(3173,0,'vi','plugins/ecommerce/ecommerce','setting.email.order_status_change_subject_placeholder','Subject of email when changing order\'s status send to customer','2022-01-21 09:06:54','2022-01-21 09:07:21'),(3174,0,'vi','plugins/ecommerce/ecommerce','setting.email.order_status_change_content','Content of email when changing order\'s status','2022-01-21 09:06:54','2022-01-21 09:07:21'),(3175,0,'vi','plugins/ecommerce/ecommerce','setting.email.from_email','Email from','2022-01-21 09:06:54','2022-01-21 09:07:21'),(3176,0,'vi','plugins/ecommerce/ecommerce','setting.email.from_email_placeholder','Email from address to display in mail. Ex: example@gmail.com','2022-01-21 09:06:54','2022-01-21 09:07:21'),(3177,0,'vi','plugins/ecommerce/ecommerce','store_address','Địa chỉ cửa hàng','2022-01-21 09:06:54','2022-01-21 09:07:21'),(3178,0,'vi','plugins/ecommerce/ecommerce','store_phone','Số điện thoại cửa hàng','2022-01-21 09:06:54','2022-01-21 09:07:21'),(3179,0,'vi','plugins/ecommerce/ecommerce','order_id','Mã đơn hàng','2022-01-21 09:06:54','2022-01-21 09:07:21'),(3180,0,'vi','plugins/ecommerce/ecommerce','order_token','Chuỗi mã hoá đơn hàng','2022-01-21 09:06:54','2022-01-21 09:07:21'),(3181,0,'vi','plugins/ecommerce/ecommerce','customer_name','Tên khách hàng','2022-01-21 09:06:54','2022-01-21 09:07:21'),(3182,0,'vi','plugins/ecommerce/ecommerce','customer_email','Email khách hàng','2022-01-21 09:06:54','2022-01-21 09:07:21'),(3183,0,'vi','plugins/ecommerce/ecommerce','customer_phone','Số điện thoại khách hàng','2022-01-21 09:06:54','2022-01-21 09:07:21'),(3184,0,'vi','plugins/ecommerce/ecommerce','customer_address','Địa chỉ khách hàng','2022-01-21 09:06:54','2022-01-21 09:07:21'),(3185,0,'vi','plugins/ecommerce/ecommerce','product_list','Danh sách sản phẩm trong đơn hàng','2022-01-21 09:06:54','2022-01-21 09:07:21'),(3186,0,'vi','plugins/ecommerce/ecommerce','payment_detail','Chi tiết thanh toán','2022-01-21 09:06:54','2022-01-21 09:07:21'),(3187,0,'vi','plugins/ecommerce/ecommerce','shipping_method','Phương thức vận chuyển','2022-01-21 09:06:54','2022-01-21 09:07:21'),(3188,0,'vi','plugins/ecommerce/ecommerce','payment_method','Phương thức thanh toán','2022-01-21 09:06:54','2022-01-21 09:07:21'),(3189,0,'vi','plugins/ecommerce/ecommerce','standard_and_format','Tiêu chuẩn & Định dạng','2022-01-21 09:06:54','2022-01-21 09:07:21'),(3190,0,'vi','plugins/ecommerce/ecommerce','standard_and_format_description','Các tiêu chuẩn và các định dạng được sử dụng để tính toán những thứ như giá cả sản phẩm, trọng lượng vận chuyển và thời gian đơn hàng được đặt.','2022-01-21 09:06:54','2022-01-21 09:07:21'),(3191,0,'vi','plugins/ecommerce/ecommerce','change_order_format','Chỉnh sửa định dạng mã đơn hàng (tùy chọn)','2022-01-21 09:06:54','2022-01-21 09:07:21'),(3192,0,'vi','plugins/ecommerce/ecommerce','change_order_format_description','Mã đơn hàng mặc định bắt đầu từ :number. Bạn có thể thay đổi chuỗi bắt đầu hoặc kết thúc để tạo mã đơn hàng theo ý bạn, ví dụ \"DH-:number\" hoặc \":number-A\"','2022-01-21 09:06:54','2022-01-21 09:07:21'),(3193,0,'vi','plugins/ecommerce/ecommerce','start_with','Bắt đầu bằng','2022-01-21 09:06:54','2022-01-21 09:07:21'),(3194,0,'vi','plugins/ecommerce/ecommerce','end_with','Kết thúc bằng','2022-01-21 09:06:54','2022-01-21 09:07:21'),(3195,0,'vi','plugins/ecommerce/ecommerce','order_will_be_shown','Mã đơn hàng của bạn sẽ hiển thị theo mẫu','2022-01-21 09:06:54','2022-01-21 09:07:21'),(3196,0,'vi','plugins/ecommerce/ecommerce','weight_unit','Đơn vị cân nặng','2022-01-21 09:06:54','2022-01-21 09:07:21'),(3197,0,'vi','plugins/ecommerce/ecommerce','height_unit','Đơn vị chiều dài/chiều cao','2022-01-21 09:06:54','2022-01-21 09:07:21'),(3198,0,'vi','plugins/ecommerce/email','customer_new_order_title','Xác nhận đơn hàng','2022-01-21 09:06:54','2022-01-21 09:07:21'),(3199,0,'vi','plugins/ecommerce/email','customer_new_order_description','Được gửi khi khách hàng tạo đơn hàng','2022-01-21 09:06:54','2022-01-21 09:07:21'),(3200,0,'vi','plugins/ecommerce/email','order_cancellation_title','Hủy đơn hàng','2022-01-21 09:06:54','2022-01-21 09:07:21'),(3201,0,'vi','plugins/ecommerce/email','order_cancellation_description','Được gửi khi khách hàng hủy đơn hàng','2022-01-21 09:06:54','2022-01-21 09:07:21'),(3202,0,'vi','plugins/ecommerce/email','delivery_confirmation_title','Xác nhận giao hàng','2022-01-21 09:06:54','2022-01-21 09:07:21'),(3203,0,'vi','plugins/ecommerce/email','delivery_confirmation_description','Được gửi đến khách hàng khi bắt đầu giao hàng','2022-01-21 09:06:54','2022-01-21 09:07:21'),(3204,0,'vi','plugins/ecommerce/email','admin_new_order_title','Thông báo có đơn hàng mới','2022-01-21 09:06:54','2022-01-21 09:07:21'),(3205,0,'vi','plugins/ecommerce/email','admin_new_order_description','Được gửi cho quản trị viên khi có khách mua hàng','2022-01-21 09:06:54','2022-01-21 09:07:21'),(3206,0,'vi','plugins/ecommerce/email','order_confirmation_title','Xác nhận đơn hàng','2022-01-21 09:06:54','2022-01-21 09:07:21'),(3207,0,'vi','plugins/ecommerce/email','order_confirmation_description','Email được gửi đến khách hàng khi đơn hàng xác nhận','2022-01-21 09:06:54','2022-01-21 09:07:21'),(3208,0,'vi','plugins/ecommerce/email','payment_confirmation_title','Xác nhận thanh toán','2022-01-21 09:06:54','2022-01-21 09:07:21'),(3209,0,'vi','plugins/ecommerce/email','payment_confirmation_description','Email được gửi đến khách hàng khi đơn hàng xác nhận thanh toán','2022-01-21 09:06:54','2022-01-21 09:07:21'),(3210,0,'vi','plugins/ecommerce/email','order_recover_title','Đơn hàng đang chờ hoàn tất','2022-01-21 09:06:54','2022-01-21 09:07:21'),(3211,0,'vi','plugins/ecommerce/email','order_recover_description','Email nhắc nhở khách hàng hoàn tất đơn hàng','2022-01-21 09:06:54','2022-01-21 09:07:21'),(3212,0,'vi','plugins/ecommerce/email','link_go_to_our_shop','hoặc <a href=\":link\">Truy cập website</a>','2022-01-21 09:06:54','2022-01-21 09:07:21'),(3213,0,'vi','plugins/ecommerce/email','order_information','Thông tin đơn hàng','2022-01-21 09:06:54','2022-01-21 09:07:21'),(3214,0,'vi','plugins/ecommerce/email','order_number','Mã đơn hàng: <strong>:order_id</strong>','2022-01-21 09:06:54','2022-01-21 09:07:21'),(3215,0,'vi','plugins/ecommerce/email','view_order','Xem đơn hàng','2022-01-21 09:06:54','2022-01-21 09:07:21'),(3216,0,'vi','plugins/ecommerce/order','statuses.pending','Chưa xử lý','2022-01-21 09:06:54','2022-01-21 09:07:22'),(3217,0,'vi','plugins/ecommerce/order','statuses.processing','Đang xử lý','2022-01-21 09:06:54','2022-01-21 09:07:22'),(3218,0,'vi','plugins/ecommerce/order','statuses.completed','Hoàn thành','2022-01-21 09:06:54','2022-01-21 09:07:22'),(3219,0,'vi','plugins/ecommerce/order','statuses.canceled','Bị huỷ','2022-01-21 09:06:54','2022-01-21 09:07:22'),(3220,0,'vi','plugins/ecommerce/order','name','Đơn hàng','2022-01-21 09:06:54','2022-01-21 09:07:22'),(3221,0,'vi','plugins/ecommerce/order','incomplete_order','Đơn hàng chưa hoàn tất','2022-01-21 09:06:54','2022-01-21 09:07:22'),(3222,0,'vi','plugins/ecommerce/order','order_id','Mã đơn hàng','2022-01-21 09:06:54','2022-01-21 09:07:22'),(3223,0,'vi','plugins/ecommerce/order','customer_label','Khách hàng','2022-01-21 09:06:54','2022-01-21 09:07:22'),(3224,0,'vi','plugins/ecommerce/order','amount','Tổng cộng','2022-01-21 09:06:54','2022-01-21 09:07:22'),(3225,0,'vi','plugins/ecommerce/order','shipping_amount','Phí vận chuyển','2022-01-21 09:06:54','2022-01-21 09:07:22'),(3226,0,'vi','plugins/ecommerce/order','payment_method','Phương thức thanh toán','2022-01-21 09:06:54','2022-01-21 09:07:22'),(3227,0,'vi','plugins/ecommerce/order','payment_status_label','Trạng thái thanh toán','2022-01-21 09:06:54','2022-01-21 09:07:22'),(3228,0,'vi','plugins/ecommerce/order','manage_orders','Quản lý đơn hàng','2022-01-21 09:06:54','2022-01-21 09:07:22'),(3229,0,'vi','plugins/ecommerce/order','order_intro_description','Một khi cửa hàng của bạn có đơn đặt hàng, đây sẽ là nơi bạn xử lý và theo dõi những đơn đặt hàng đó.','2022-01-21 09:06:54','2022-01-21 09:07:22'),(3230,0,'vi','plugins/ecommerce/order','create_new_order','Tạo đơn hàng','2022-01-21 09:06:54','2022-01-21 09:07:22'),(3231,0,'vi','plugins/ecommerce/order','manage_incomplete_orders','Quản lý đơn hàng chưa hoàn tất','2022-01-21 09:06:54','2022-01-21 09:07:22'),(3232,0,'vi','plugins/ecommerce/order','incomplete_orders_intro_description','Đơn hàng chưa hoàn tất là đơn hàng được tạo khi khách hàng thêm sản phẩm vào giỏ hàng, tiến hành điền thông tin mua hàng nhưng không hoàn tất quá trình thanh toán.','2022-01-21 09:06:54','2022-01-21 09:07:22'),(3233,0,'vi','plugins/ecommerce/order','cannot_send_order_recover_to_mail','Không tìm thấy email nên không thể gửi email khôi phục cho khách hàng.','2022-01-21 09:06:54','2022-01-21 09:07:22'),(3234,0,'vi','plugins/ecommerce/order','menu','Đơn hàng','2022-01-21 09:06:54','2022-01-21 09:07:22'),(3235,0,'vi','plugins/ecommerce/order','order_information','Thông tin đơn hàng','2022-01-21 09:06:54','2022-01-21 09:07:22'),(3236,0,'vi','plugins/ecommerce/order','create','Create an order','2022-01-21 09:06:54','2022-01-21 09:07:22'),(3237,0,'vi','plugins/ecommerce/order','cancel_error','The order is delivering or completed','2022-01-21 09:06:54','2022-01-21 09:07:22'),(3238,0,'vi','plugins/ecommerce/order','cancel_success','You do cancel the order successful','2022-01-21 09:06:54','2022-01-21 09:07:22'),(3239,0,'vi','plugins/ecommerce/order','product_id','Product ID','2022-01-21 09:06:54','2022-01-21 09:07:22'),(3240,0,'vi','plugins/ecommerce/order','tax_amount','Tax Amount','2022-01-21 09:06:54','2022-01-21 09:07:22'),(3241,0,'vi','plugins/ecommerce/order','invoice_for_order','Invoice for order','2022-01-21 09:06:54','2022-01-21 09:07:22'),(3242,0,'vi','plugins/ecommerce/order','created','Created','2022-01-21 09:06:54','2022-01-21 09:07:22'),(3243,0,'vi','plugins/ecommerce/order','invoice','Invoice','2022-01-21 09:06:54','2022-01-21 09:07:22'),(3244,0,'vi','plugins/ecommerce/order','return','Return','2022-01-21 09:06:54','2022-01-21 09:07:22'),(3245,0,'vi','plugins/ecommerce/order','total_refund_amount','Total refund amount','2022-01-21 09:06:54','2022-01-21 09:07:22'),(3246,0,'vi','plugins/ecommerce/order','total_amount_can_be_refunded','Total amount can be refunded','2022-01-21 09:06:54','2022-01-21 09:07:22'),(3247,0,'vi','plugins/ecommerce/order','refund_reason','Refund reason (optional)','2022-01-21 09:06:54','2022-01-21 09:07:22'),(3248,0,'vi','plugins/ecommerce/order','products','product(s)','2022-01-21 09:06:54','2022-01-21 09:07:22'),(3249,0,'vi','plugins/ecommerce/order','default','Default','2022-01-21 09:06:54','2022-01-21 09:07:22'),(3250,0,'vi','plugins/ecommerce/order','system','System','2022-01-21 09:06:54','2022-01-21 09:07:22'),(3251,0,'vi','plugins/ecommerce/order','new_order_from','New order :order_id from :customer','2022-01-21 09:06:54','2022-01-21 09:07:22'),(3252,0,'vi','plugins/ecommerce/order','confirmation_email_was_sent_to_customer','The email confirmation was sent to customer','2022-01-21 09:06:54','2022-01-21 09:07:22'),(3253,0,'vi','plugins/ecommerce/order','address_name_required','The name field is required.','2022-01-21 09:06:54','2022-01-21 09:07:22'),(3254,0,'vi','plugins/ecommerce/order','address_phone_required','The phone field is required.','2022-01-21 09:06:54','2022-01-21 09:07:22'),(3255,0,'vi','plugins/ecommerce/order','address_email_required','The email field is required.','2022-01-21 09:06:54','2022-01-21 09:07:22'),(3256,0,'vi','plugins/ecommerce/order','address_email_unique','The customer with that email is existed, please choose other email or login with this email!','2022-01-21 09:06:54','2022-01-21 09:07:22'),(3257,0,'vi','plugins/ecommerce/order','address_state_required','The state field is required.','2022-01-21 09:06:54','2022-01-21 09:07:22'),(3258,0,'vi','plugins/ecommerce/order','address_city_required','The city field is required.','2022-01-21 09:06:54','2022-01-21 09:07:22'),(3259,0,'vi','plugins/ecommerce/order','address_country_required','The country field is required.','2022-01-21 09:06:54','2022-01-21 09:07:22'),(3260,0,'vi','plugins/ecommerce/order','address_address_required','The address field is required.','2022-01-21 09:06:54','2022-01-21 09:07:22'),(3261,0,'vi','plugins/ecommerce/order','create_order_from_payment_page','Order was created from checkout page','2022-01-21 09:06:54','2022-01-21 09:07:22'),(3262,0,'vi','plugins/ecommerce/order','order_was_verified_by','Order was verified by %user_name%','2022-01-21 09:06:54','2022-01-21 09:07:22'),(3263,0,'vi','plugins/ecommerce/order','new_order','New order :order_id','2022-01-21 09:06:54','2022-01-21 09:07:22'),(3264,0,'vi','plugins/ecommerce/order','payment_was_confirmed_by','Payment was confirmed (amount :money) by %user_name%','2022-01-21 09:06:54','2022-01-21 09:07:22'),(3265,0,'vi','plugins/ecommerce/order','edit_order','Edit order :code','2022-01-21 09:06:54','2022-01-21 09:07:22'),(3266,0,'vi','plugins/ecommerce/order','confirm_order_success','Confirm order successfully!','2022-01-21 09:06:54','2022-01-21 09:07:22'),(3267,0,'vi','plugins/ecommerce/order','error_when_sending_email','There is an error when sending email','2022-01-21 09:06:54','2022-01-21 09:07:22'),(3268,0,'vi','plugins/ecommerce/order','sent_confirmation_email_success','Sent confirmation email successfully!','2022-01-21 09:06:54','2022-01-21 09:07:22'),(3269,0,'vi','plugins/ecommerce/order','order_was_sent_to_shipping_team','Order was sent to shipping team','2022-01-21 09:06:54','2022-01-21 09:07:22'),(3270,0,'vi','plugins/ecommerce/order','by_username','by %user_name%','2022-01-21 09:06:54','2022-01-21 09:07:22'),(3271,0,'vi','plugins/ecommerce/order','shipping_was_created_from','Shipping was created from order %order_id%','2022-01-21 09:06:54','2022-01-21 09:07:22'),(3272,0,'vi','plugins/ecommerce/order','shipping_was_canceled_success','Shipping was cancelled successfully!','2022-01-21 09:06:54','2022-01-21 09:07:22'),(3273,0,'vi','plugins/ecommerce/order','shipping_was_canceled_by','Shipping was cancelled by %user_name%','2022-01-21 09:06:54','2022-01-21 09:07:22'),(3274,0,'vi','plugins/ecommerce/order','update_shipping_address_success','Update shipping address successfully!','2022-01-21 09:06:54','2022-01-21 09:07:22'),(3275,0,'vi','plugins/ecommerce/order','order_was_canceled_by','Order was cancelled by %user_name%','2022-01-21 09:06:54','2022-01-21 09:07:22'),(3276,0,'vi','plugins/ecommerce/order','confirm_payment_success','Confirm payment successfully!','2022-01-21 09:06:54','2022-01-21 09:07:22'),(3277,0,'vi','plugins/ecommerce/order','refund_amount_invalid','Refund amount must be lower or equal :price','2022-01-21 09:06:54','2022-01-21 09:07:22'),(3278,0,'vi','plugins/ecommerce/order','number_of_products_invalid','Number of products refund is not valid!','2022-01-21 09:06:54','2022-01-21 09:07:22'),(3279,0,'vi','plugins/ecommerce/order','cannot_found_payment_for_this_order','Cannot found payment for this order!','2022-01-21 09:06:54','2022-01-21 09:07:22'),(3280,0,'vi','plugins/ecommerce/order','refund_success_with_price','Refund success :price','2022-01-21 09:06:54','2022-01-21 09:07:22'),(3281,0,'vi','plugins/ecommerce/order','refund_success','Refund successfully!','2022-01-21 09:06:54','2022-01-21 09:07:22'),(3282,0,'vi','plugins/ecommerce/order','order_is_not_existed','Order is not existed!','2022-01-21 09:06:54','2022-01-21 09:07:22'),(3283,0,'vi','plugins/ecommerce/order','reorder','Reorder','2022-01-21 09:06:54','2022-01-21 09:07:22'),(3284,0,'vi','plugins/ecommerce/order','sent_email_incomplete_order_success','Sent email to remind about incomplete order successfully!','2022-01-21 09:06:54','2022-01-21 09:07:22'),(3285,0,'vi','plugins/ecommerce/order','applied_coupon_success','Applied coupon \":code\" successfully!','2022-01-21 09:06:54','2022-01-21 09:07:22'),(3286,0,'vi','plugins/ecommerce/order','new_order_notice','You have <span class=\"bold\">:count</span> New Order(s)','2022-01-21 09:06:54','2022-01-21 09:07:22'),(3287,0,'vi','plugins/ecommerce/order','view_all','View all','2022-01-21 09:06:54','2022-01-21 09:07:22'),(3288,0,'vi','plugins/ecommerce/order','cancel_order','Cancel order','2022-01-21 09:06:54','2022-01-21 09:07:22'),(3289,0,'vi','plugins/ecommerce/order','order_canceled','Order canceled','2022-01-21 09:06:54','2022-01-21 09:07:22'),(3290,0,'vi','plugins/ecommerce/order','order_was_canceled_at','Order was canceled at','2022-01-21 09:06:54','2022-01-21 09:07:22'),(3291,0,'vi','plugins/ecommerce/order','completed','Completed','2022-01-21 09:06:54','2022-01-21 09:07:22'),(3292,0,'vi','plugins/ecommerce/order','uncompleted','Uncompleted','2022-01-21 09:06:54','2022-01-21 09:07:22'),(3293,0,'vi','plugins/ecommerce/order','sku','SKU','2022-01-21 09:06:54','2022-01-21 09:07:22'),(3294,0,'vi','plugins/ecommerce/order','warehouse','Warehouse','2022-01-21 09:06:54','2022-01-21 09:07:22'),(3295,0,'vi','plugins/ecommerce/order','sub_amount','Sub amount','2022-01-21 09:06:54','2022-01-21 09:07:22'),(3296,0,'vi','plugins/ecommerce/order','coupon_code','Coupon code: \":code\"','2022-01-21 09:06:54','2022-01-21 09:07:22'),(3297,0,'vi','plugins/ecommerce/order','shipping_fee','Shipping fee','2022-01-21 09:06:54','2022-01-21 09:07:22'),(3298,0,'vi','plugins/ecommerce/order','tax','Tax','2022-01-21 09:06:54','2022-01-21 09:07:22'),(3299,0,'vi','plugins/ecommerce/order','refunded_amount','Refunded amount','2022-01-21 09:06:54','2022-01-21 09:07:22'),(3300,0,'vi','plugins/ecommerce/order','amount_received','The amount actually received','2022-01-21 09:06:54','2022-01-21 09:07:22'),(3301,0,'vi','plugins/ecommerce/order','download_invoice','Download invoice','2022-01-21 09:06:54','2022-01-21 09:07:22'),(3302,0,'vi','plugins/ecommerce/order','add_note','Add note...','2022-01-21 09:06:54','2022-01-21 09:07:22'),(3303,0,'vi','plugins/ecommerce/order','order_was_confirmed','Order was confirmed','2022-01-21 09:06:54','2022-01-21 09:07:22'),(3304,0,'vi','plugins/ecommerce/order','confirm_order','Confirm order','2022-01-21 09:06:54','2022-01-21 09:07:22'),(3305,0,'vi','plugins/ecommerce/order','confirm','Confirm','2022-01-21 09:06:54','2022-01-21 09:07:22'),(3306,0,'vi','plugins/ecommerce/order','order_was_canceled','Order was canceled','2022-01-21 09:06:54','2022-01-21 09:07:22'),(3307,0,'vi','plugins/ecommerce/order','pending_payment','Pending payment','2022-01-21 09:06:54','2022-01-21 09:07:22'),(3308,0,'vi','plugins/ecommerce/order','payment_was_accepted','Payment :money was accepted','2022-01-21 09:06:54','2022-01-21 09:07:22'),(3309,0,'vi','plugins/ecommerce/order','payment_was_refunded','Payment was refunded','2022-01-21 09:06:54','2022-01-21 09:07:22'),(3310,0,'vi','plugins/ecommerce/order','confirm_payment','Confirm payment','2022-01-21 09:06:54','2022-01-21 09:07:22'),(3311,0,'vi','plugins/ecommerce/order','refund','Refund','2022-01-21 09:06:54','2022-01-21 09:07:22'),(3312,0,'vi','plugins/ecommerce/order','all_products_are_not_delivered','All products are not delivered','2022-01-21 09:06:54','2022-01-21 09:07:22'),(3313,0,'vi','plugins/ecommerce/order','delivery','Delivery','2022-01-21 09:06:54','2022-01-21 09:07:22'),(3314,0,'vi','plugins/ecommerce/order','history','History','2022-01-21 09:06:54','2022-01-21 09:07:22'),(3315,0,'vi','plugins/ecommerce/order','order_number','Order number','2022-01-21 09:06:54','2022-01-21 09:07:22'),(3316,0,'vi','plugins/ecommerce/order','from','from','2022-01-21 09:06:54','2022-01-21 09:07:22'),(3317,0,'vi','plugins/ecommerce/order','status','Status','2022-01-21 09:06:55','2022-01-21 09:07:22'),(3318,0,'vi','plugins/ecommerce/order','successfully','Successfully','2022-01-21 09:06:55','2022-01-21 09:07:22'),(3319,0,'vi','plugins/ecommerce/order','transaction_type','Transaction\'s type','2022-01-21 09:06:55','2022-01-21 09:07:22'),(3320,0,'vi','plugins/ecommerce/order','staff','Staff','2022-01-21 09:06:55','2022-01-21 09:07:22'),(3321,0,'vi','plugins/ecommerce/order','refund_date','Refund date','2022-01-21 09:06:55','2022-01-21 09:07:22'),(3322,0,'vi','plugins/ecommerce/order','n_a','N\\A','2022-01-21 09:06:55','2022-01-21 09:07:22'),(3323,0,'vi','plugins/ecommerce/order','payment_date','Payment date','2022-01-21 09:06:55','2022-01-21 09:07:22'),(3324,0,'vi','plugins/ecommerce/order','payment_gateway','Payment gateway','2022-01-21 09:06:55','2022-01-21 09:07:22'),(3325,0,'vi','plugins/ecommerce/order','transaction_amount','Transaction amount','2022-01-21 09:06:55','2022-01-21 09:07:22'),(3326,0,'vi','plugins/ecommerce/order','resend','Resend','2022-01-21 09:06:55','2022-01-21 09:07:22'),(3327,0,'vi','plugins/ecommerce/order','default_store','Default store','2022-01-21 09:06:55','2022-01-21 09:07:22'),(3328,0,'vi','plugins/ecommerce/order','update_address','Update address','2022-01-21 09:06:55','2022-01-21 09:07:22'),(3329,0,'vi','plugins/ecommerce/order','have_an_account_already','Have an account already','2022-01-21 09:06:55','2022-01-21 09:07:22'),(3330,0,'vi','plugins/ecommerce/order','dont_have_an_account_yet','Don\'t have an account yet','2022-01-21 09:06:55','2022-01-21 09:07:22'),(3331,0,'vi','plugins/ecommerce/order','mark_payment_as_confirmed','Mark <span>:method</span> as confirmed','2022-01-21 09:06:55','2022-01-21 09:07:22'),(3332,0,'vi','plugins/ecommerce/order','resend_order_confirmation','Resend order confirmation','2022-01-21 09:06:55','2022-01-21 09:07:22'),(3333,0,'vi','plugins/ecommerce/order','resend_order_confirmation_description','Confirmation email will be sent to <strong>:email</strong>?','2022-01-21 09:06:55','2022-01-21 09:07:22'),(3334,0,'vi','plugins/ecommerce/order','send','Send','2022-01-21 09:06:55','2022-01-21 09:07:22'),(3335,0,'vi','plugins/ecommerce/order','update','Update','2022-01-21 09:06:55','2022-01-21 09:07:22'),(3336,0,'vi','plugins/ecommerce/order','cancel_shipping_confirmation','Cancel shipping confirmation?','2022-01-21 09:06:55','2022-01-21 09:07:22'),(3337,0,'vi','plugins/ecommerce/order','cancel_shipping_confirmation_description','Cancel shipping confirmation?','2022-01-21 09:06:55','2022-01-21 09:07:22'),(3338,0,'vi','plugins/ecommerce/order','cancel_order_confirmation','Cancel order confirmation?','2022-01-21 09:06:55','2022-01-21 09:07:22'),(3339,0,'vi','plugins/ecommerce/order','cancel_order_confirmation_description','Are you sure you want to cancel this order? This action cannot rollback','2022-01-21 09:06:55','2022-01-21 09:07:22'),(3340,0,'vi','plugins/ecommerce/order','confirm_payment_confirmation_description','Processed by <strong>:method</strong>. Did you receive payment outside the system? This payment won\'t be saved into system and cannot be refunded','2022-01-21 09:06:55','2022-01-21 09:07:22'),(3341,0,'vi','plugins/ecommerce/order','save_note','Save note','2022-01-21 09:06:55','2022-01-21 09:07:22'),(3342,0,'vi','plugins/ecommerce/order','order_note','Order note','2022-01-21 09:06:55','2022-01-21 09:07:22'),(3343,0,'vi','plugins/ecommerce/order','order_note_placeholder','Note about order, ex: time or shipping instruction.','2022-01-21 09:06:55','2022-01-21 09:07:22'),(3344,0,'vi','plugins/ecommerce/order','order_amount','Order amount','2022-01-21 09:06:55','2022-01-21 09:07:22'),(3345,0,'vi','plugins/ecommerce/order','additional_information','Additional information','2022-01-21 09:06:55','2022-01-21 09:07:22'),(3346,0,'vi','plugins/ecommerce/order','notice_about_incomplete_order','Notice about incomplete order','2022-01-21 09:06:55','2022-01-21 09:07:22'),(3347,0,'vi','plugins/ecommerce/order','notice_about_incomplete_order_description','Remind email about uncompleted order will be send to <strong>:email</strong>?','2022-01-21 09:06:55','2022-01-21 09:07:22'),(3348,0,'vi','plugins/ecommerce/order','incomplete_order_description_1','An incomplete order is when a potential customer places items in their shopping cart, and goes all the way through to the payment page, but then doesn\'t complete the transaction.','2022-01-21 09:06:55','2022-01-21 09:07:22'),(3349,0,'vi','plugins/ecommerce/order','incomplete_order_description_2','If you have contacted customers and they want to continue buying, you can help them complete their order by following the link:','2022-01-21 09:06:55','2022-01-21 09:07:22'),(3350,0,'vi','plugins/ecommerce/order','send_an_email_to_recover_this_order','Send an email to customer to recover this order','2022-01-21 09:06:55','2022-01-21 09:07:22'),(3351,0,'vi','plugins/ecommerce/order','see_maps','See maps','2022-01-21 09:06:55','2022-01-21 09:07:22'),(3352,0,'vi','plugins/ecommerce/order','one_or_more_products_dont_have_enough_quantity','One or more products don\'t have enough quantity!','2022-01-21 09:06:55','2022-01-21 09:07:22'),(3353,0,'vi','plugins/ecommerce/order','payment_info','Payment Info','2022-01-21 09:06:55','2022-01-21 09:07:22'),(3354,0,'vi','plugins/ecommerce/order','payment_method_refund_automatic','Your customer will be refunded using :method automatically.','2022-01-21 09:06:55','2022-01-21 09:07:22'),(3355,0,'vi','plugins/ecommerce/order','order','Order','2022-01-21 09:06:55','2022-01-21 09:07:22'),(3356,0,'vi','plugins/ecommerce/order','create_a_new_product','Create a new product','2022-01-21 09:06:55','2022-01-21 09:07:22'),(3357,0,'vi','plugins/ecommerce/order','out_of_stock','Out of stock','2022-01-21 09:06:55','2022-01-21 09:07:22'),(3358,0,'vi','plugins/ecommerce/order','products_available','product(s) available','2022-01-21 09:06:55','2022-01-21 09:07:22'),(3359,0,'vi','plugins/ecommerce/order','no_products_found','No products found!','2022-01-21 09:06:55','2022-01-21 09:07:22'),(3360,0,'vi','plugins/ecommerce/order','note','Note','2022-01-21 09:06:55','2022-01-21 09:07:22'),(3361,0,'vi','plugins/ecommerce/order','note_for_order','Note for order...','2022-01-21 09:06:55','2022-01-21 09:07:22'),(3362,0,'vi','plugins/ecommerce/order','add_discount','Add discount','2022-01-21 09:06:55','2022-01-21 09:07:22'),(3363,0,'vi','plugins/ecommerce/order','discount','Discount','2022-01-21 09:06:55','2022-01-21 09:07:22'),(3364,0,'vi','plugins/ecommerce/order','add_shipping_fee','Add shipping fee','2022-01-21 09:06:55','2022-01-21 09:07:22'),(3365,0,'vi','plugins/ecommerce/order','shipping','Shipping','2022-01-21 09:06:55','2022-01-21 09:07:22'),(3366,0,'vi','plugins/ecommerce/order','total_amount','Total amount','2022-01-21 09:06:55','2022-01-21 09:07:22'),(3367,0,'vi','plugins/ecommerce/order','confirm_payment_and_create_order','Confirm payment and create order','2022-01-21 09:06:55','2022-01-21 09:07:22'),(3368,0,'vi','plugins/ecommerce/order','paid','Paid','2022-01-21 09:06:55','2022-01-21 09:07:22'),(3369,0,'vi','plugins/ecommerce/order','pay_later','Pay later','2022-01-21 09:06:55','2022-01-21 09:07:22'),(3370,0,'vi','plugins/ecommerce/order','customer_information','Customer information','2022-01-21 09:06:55','2022-01-21 09:07:22'),(3371,0,'vi','plugins/ecommerce/order','create_new_customer','Create new customer','2022-01-21 09:06:55','2022-01-21 09:07:22'),(3372,0,'vi','plugins/ecommerce/order','no_customer_found','No customer found!','2022-01-21 09:06:55','2022-01-21 09:07:22'),(3373,0,'vi','plugins/ecommerce/order','customer','Customer','2022-01-21 09:06:55','2022-01-21 09:07:22'),(3374,0,'vi','plugins/ecommerce/order','orders','order(s)','2022-01-21 09:06:55','2022-01-21 09:07:22'),(3375,0,'vi','plugins/ecommerce/order','shipping_address','Shipping Address','2022-01-21 09:06:55','2022-01-21 09:07:22'),(3376,0,'vi','plugins/ecommerce/order','see_on_maps','See on maps','2022-01-21 09:06:55','2022-01-21 09:07:22'),(3377,0,'vi','plugins/ecommerce/order','price','Price','2022-01-21 09:06:55','2022-01-21 09:07:22'),(3378,0,'vi','plugins/ecommerce/order','sku_optional','SKU (optional)','2022-01-21 09:06:55','2022-01-21 09:07:22'),(3379,0,'vi','plugins/ecommerce/order','with_storehouse_management','With storehouse management?','2022-01-21 09:06:55','2022-01-21 09:07:22'),(3380,0,'vi','plugins/ecommerce/order','quantity','Quantity','2022-01-21 09:06:55','2022-01-21 09:07:22'),(3381,0,'vi','plugins/ecommerce/order','allow_customer_checkout_when_this_product_out_of_stock','Allow customer checkout when this product out of stock?','2022-01-21 09:06:55','2022-01-21 09:07:22'),(3382,0,'vi','plugins/ecommerce/order','address','Address','2022-01-21 09:06:55','2022-01-21 09:07:22'),(3383,0,'vi','plugins/ecommerce/order','phone','Phone','2022-01-21 09:06:55','2022-01-21 09:07:22'),(3384,0,'vi','plugins/ecommerce/order','country','Country','2022-01-21 09:06:55','2022-01-21 09:07:22'),(3385,0,'vi','plugins/ecommerce/order','state','State','2022-01-21 09:06:55','2022-01-21 09:07:22'),(3386,0,'vi','plugins/ecommerce/order','city','City','2022-01-21 09:06:55','2022-01-21 09:07:22'),(3387,0,'vi','plugins/ecommerce/order','zip_code','Zip code','2022-01-21 09:06:55','2022-01-21 09:07:22'),(3388,0,'vi','plugins/ecommerce/order','discount_based_on','Discount based on','2022-01-21 09:06:55','2022-01-21 09:07:22'),(3389,0,'vi','plugins/ecommerce/order','or_coupon_code','Or coupon code','2022-01-21 09:06:55','2022-01-21 09:07:22'),(3390,0,'vi','plugins/ecommerce/order','description','Description','2022-01-21 09:06:55','2022-01-21 09:07:22'),(3391,0,'vi','plugins/ecommerce/order','how_to_select_configured_shipping','How to select configured shipping?','2022-01-21 09:06:55','2022-01-21 09:07:22'),(3392,0,'vi','plugins/ecommerce/order','please_add_customer_information_with_the_complete_shipping_address_to_see_the_configured_shipping_rates','Please add customer information with the complete shipping address to see the configured shipping rates','2022-01-21 09:06:55','2022-01-21 09:07:22'),(3393,0,'vi','plugins/ecommerce/order','free_shipping','Free shipping','2022-01-21 09:06:55','2022-01-21 09:07:22'),(3394,0,'vi','plugins/ecommerce/order','custom','Custom','2022-01-21 09:06:55','2022-01-21 09:07:22'),(3395,0,'vi','plugins/ecommerce/order','email','Email','2022-01-21 09:06:55','2022-01-21 09:07:22'),(3396,0,'vi','plugins/ecommerce/order','create_order','Create order','2022-01-21 09:06:55','2022-01-21 09:07:22'),(3397,0,'vi','plugins/ecommerce/order','close','Close','2022-01-21 09:06:55','2022-01-21 09:07:22'),(3398,0,'vi','plugins/ecommerce/order','confirm_payment_is_paid_for_this_order','Confirm payment is paid for this order','2022-01-21 09:06:55','2022-01-21 09:07:22'),(3399,0,'vi','plugins/ecommerce/order','payment_status_of_the_order_is_paid_once_the_order_has_been_created_you_cannot_change_the_payment_method_or_status','Payment status of the order is Paid. Once the order has been created, you cannot change the payment method or status','2022-01-21 09:06:55','2022-01-21 09:07:22'),(3400,0,'vi','plugins/ecommerce/order','select_payment_method','Select payment method','2022-01-21 09:06:55','2022-01-21 09:07:22'),(3401,0,'vi','plugins/ecommerce/order','cash_on_delivery_cod','Cash on delivery (COD)','2022-01-21 09:06:55','2022-01-21 09:07:22'),(3402,0,'vi','plugins/ecommerce/order','bank_transfer','Bank transfer','2022-01-21 09:06:55','2022-01-21 09:07:22'),(3403,0,'vi','plugins/ecommerce/order','paid_amount','Paid amount','2022-01-21 09:06:55','2022-01-21 09:07:22'),(3404,0,'vi','plugins/ecommerce/order','confirm_that_payment_for_this_order_will_be_paid_later','Confirm that payment for this order will be paid later','2022-01-21 09:06:55','2022-01-21 09:07:22'),(3405,0,'vi','plugins/ecommerce/order','payment_status_of_the_order_is_pending_once_the_order_has_been_created_you_cannot_change_the_payment_method_or_status','Payment status of the order is Pending. Once the order has been created, you cannot change the payment method or status','2022-01-21 09:06:55','2022-01-21 09:07:22'),(3406,0,'vi','plugins/ecommerce/order','pending_amount','Pending amount','2022-01-21 09:06:55','2022-01-21 09:07:22'),(3407,0,'vi','plugins/ecommerce/order','update_email','Update email','2022-01-21 09:06:55','2022-01-21 09:07:22'),(3408,0,'vi','plugins/ecommerce/order','save','Save','2022-01-21 09:06:55','2022-01-21 09:07:22'),(3409,0,'vi','plugins/ecommerce/order','cancel','Cancel','2022-01-21 09:06:55','2022-01-21 09:07:22'),(3410,0,'vi','plugins/ecommerce/order','create_a_new_order','Create a new order','2022-01-21 09:06:55','2022-01-21 09:07:22'),(3411,0,'vi','plugins/ecommerce/order','search_or_create_new_product','Search or create a new product','2022-01-21 09:06:55','2022-01-21 09:07:22'),(3412,0,'vi','plugins/ecommerce/order','search_or_create_new_customer','Search or create a new customer','2022-01-21 09:06:55','2022-01-21 09:07:22'),(3413,0,'vi','plugins/ecommerce/order','discount_description','Discount description','2022-01-21 09:06:55','2022-01-21 09:07:22'),(3414,0,'vi','plugins/ecommerce/order','cant_select_out_of_stock_product','Cannot select out of stock product!','2022-01-21 09:06:55','2022-01-21 09:07:22'),(3415,0,'vi','plugins/ecommerce/payment','name','Thanh toán','2022-01-21 09:06:55','2022-01-21 09:07:22'),(3416,0,'vi','plugins/ecommerce/payment','payment_method','Phương thức thanh toán','2022-01-21 09:06:55','2022-01-21 09:07:22'),(3417,0,'vi','plugins/ecommerce/payment','view_payment','Xem thanh toán #','2022-01-21 09:06:55','2022-01-21 09:07:22'),(3418,0,'vi','plugins/ecommerce/payment','charge_id','Mã giao dịch','2022-01-21 09:06:55','2022-01-21 09:07:22'),(3419,0,'vi','plugins/ecommerce/payment','amount','Số tiền','2022-01-21 09:06:55','2022-01-21 09:07:22'),(3420,0,'vi','plugins/ecommerce/payment','currency','Đơn vị tiền tệ','2022-01-21 09:06:55','2022-01-21 09:07:22'),(3421,0,'vi','plugins/ecommerce/payment','user','Người dùng','2022-01-21 09:06:55','2022-01-21 09:07:22'),(3422,0,'vi','plugins/ecommerce/payment','paypal_name_required','Tên của phương thức PayPal là bắt buộc!','2022-01-21 09:06:55','2022-01-21 09:07:22'),(3423,0,'vi','plugins/ecommerce/payment','paypal_name_max','Tên của phương thức PayPal quá dài!','2022-01-21 09:06:55','2022-01-21 09:07:22'),(3424,0,'vi','plugins/ecommerce/payment','stripe_name_required','Tên của phương thức Stripe là bắt buộc!','2022-01-21 09:06:55','2022-01-21 09:07:22'),(3425,0,'vi','plugins/ecommerce/payment','stripe_name_max','Tên của phương thức Stripe quá dài!','2022-01-21 09:06:55','2022-01-21 09:07:22'),(3426,0,'vi','plugins/ecommerce/payment','status','Trạng thái','2022-01-21 09:06:55','2022-01-21 09:07:22'),(3427,0,'vi','plugins/ecommerce/payment','enabled','Bật','2022-01-21 09:06:55','2022-01-21 09:07:22'),(3428,0,'vi','plugins/ecommerce/payment','disabled','Tắt','2022-01-21 09:06:55','2022-01-21 09:07:22'),(3429,0,'vi','plugins/ecommerce/payment','client_id','Client ID','2022-01-21 09:06:55','2022-01-21 09:07:22'),(3430,0,'vi','plugins/ecommerce/payment','client_secret','Client Secret','2022-01-21 09:06:55','2022-01-21 09:07:22'),(3431,0,'vi','plugins/ecommerce/payment','mode','Chế độ','2022-01-21 09:06:55','2022-01-21 09:07:22'),(3432,0,'vi','plugins/ecommerce/payment','sandbox','Sandbox','2022-01-21 09:06:55','2022-01-21 09:07:22'),(3433,0,'vi','plugins/ecommerce/payment','live','Live','2022-01-21 09:06:55','2022-01-21 09:07:22'),(3434,0,'vi','plugins/ecommerce/payment','enable_payment_log','Bật lưu nhật ký thanh toán','2022-01-21 09:06:55','2022-01-21 09:07:22'),(3435,0,'vi','plugins/ecommerce/payment','yes','Có','2022-01-21 09:06:55','2022-01-21 09:07:22'),(3436,0,'vi','plugins/ecommerce/payment','no','Không','2022-01-21 09:06:55','2022-01-21 09:07:22'),(3437,0,'vi','plugins/ecommerce/payment','client_key','Client Key','2022-01-21 09:06:55','2022-01-21 09:07:22'),(3438,0,'vi','plugins/ecommerce/payment','stripe','Stripe','2022-01-21 09:06:55','2022-01-21 09:07:22'),(3439,0,'vi','plugins/ecommerce/payment','paypal','PayPal','2022-01-21 09:06:55','2022-01-21 09:07:22'),(3440,0,'vi','plugins/ecommerce/payment','action','Hành động','2022-01-21 09:06:55','2022-01-21 09:07:22'),(3441,0,'vi','plugins/ecommerce/payment','go_back','Quay lại','2022-01-21 09:06:55','2022-01-21 09:07:22'),(3442,0,'vi','plugins/ecommerce/payment','view','Xem','2022-01-21 09:06:55','2022-01-21 09:07:22'),(3443,0,'vi','plugins/ecommerce/payment','cash_on_delivery','Thanh toán khi nhận hàng (COD)','2022-01-21 09:06:55','2022-01-21 09:07:22'),(3444,0,'vi','plugins/ecommerce/payment','via_bank_transfer','Thông qua chuyển khoản ngân hàng','2022-01-21 09:06:55','2022-01-21 09:07:22'),(3445,0,'vi','plugins/ecommerce/payment','payment_via_cart','Thanh toán bằng thẻ','2022-01-21 09:06:55','2022-01-21 09:07:22'),(3446,0,'vi','plugins/ecommerce/payment','card_number','Số thẻ','2022-01-21 09:06:55','2022-01-21 09:07:22'),(3447,0,'vi','plugins/ecommerce/payment','full_name','Tên trên thẻ','2022-01-21 09:06:55','2022-01-21 09:07:22'),(3448,0,'vi','plugins/ecommerce/payment','payment_via_paypal','Thanh toán thông qua PayPal','2022-01-21 09:06:55','2022-01-21 09:07:22'),(3449,0,'vi','plugins/ecommerce/payment','mm_yy','MM/YY','2022-01-21 09:06:55','2022-01-21 09:07:22'),(3450,0,'vi','plugins/ecommerce/payment','cvc','CVC','2022-01-21 09:06:55','2022-01-21 09:07:22'),(3451,0,'vi','plugins/ecommerce/payment','details','Chi tiết','2022-01-21 09:06:55','2022-01-21 09:07:22'),(3452,0,'vi','plugins/ecommerce/payment','payer_name','Người thanh toán','2022-01-21 09:06:55','2022-01-21 09:07:22'),(3453,0,'vi','plugins/ecommerce/payment','email','Địa chỉ email','2022-01-21 09:06:55','2022-01-21 09:07:22'),(3454,0,'vi','plugins/ecommerce/payment','phone','Điện thoại','2022-01-21 09:06:55','2022-01-21 09:07:22'),(3455,0,'vi','plugins/ecommerce/payment','country','Quốc gia','2022-01-21 09:06:55','2022-01-21 09:07:22'),(3456,0,'vi','plugins/ecommerce/payment','shipping_address','Địa chỉ giao hàng','2022-01-21 09:06:55','2022-01-21 09:07:22'),(3457,0,'vi','plugins/ecommerce/payment','payment_details','Chi tiết giao dịch','2022-01-21 09:06:55','2022-01-21 09:07:22'),(3458,0,'vi','plugins/ecommerce/payment','card','Thẻ','2022-01-21 09:06:55','2022-01-21 09:07:22'),(3459,0,'vi','plugins/ecommerce/payment','address','Địa chỉ','2022-01-21 09:06:55','2022-01-21 09:07:22'),(3460,0,'vi','plugins/ecommerce/payment','could_not_get_stripe_token','Không thể lấy mã Stripe để thanh toán','2022-01-21 09:06:55','2022-01-21 09:07:22'),(3461,0,'vi','plugins/ecommerce/payment','new_payment','Thanh toán cho đơn hàng :id','2022-01-21 09:06:55','2022-01-21 09:07:22'),(3462,0,'vi','plugins/ecommerce/payment','payment_id','Mã thanh toán','2022-01-21 09:06:55','2022-01-21 09:07:22'),(3463,0,'vi','plugins/ecommerce/prices','name','Price','2022-01-21 09:06:55','2022-01-21 09:07:22'),(3464,0,'vi','plugins/ecommerce/prices','create','New price','2022-01-21 09:06:55','2022-01-21 09:07:22'),(3465,0,'vi','plugins/ecommerce/prices','edit','Edit price','2022-01-21 09:06:55','2022-01-21 09:07:22'),(3466,0,'vi','plugins/ecommerce/prices','list','List price','2022-01-21 09:06:55','2022-01-21 09:07:22'),(3467,0,'vi','plugins/ecommerce/product-attribute-sets','name','Product attribute sets','2022-01-21 09:06:55','2022-01-21 09:07:22'),(3468,0,'vi','plugins/ecommerce/product-attribute-sets','create','New product attribute set','2022-01-21 09:06:55','2022-01-21 09:07:22'),(3469,0,'vi','plugins/ecommerce/product-attribute-sets','edit','Edit product attribute set','2022-01-21 09:06:55','2022-01-21 09:07:22'),(3470,0,'vi','plugins/ecommerce/product-attribute-sets','visible_in_categories','Visible in categories','2022-01-21 09:06:55','2022-01-21 09:07:22'),(3471,0,'vi','plugins/ecommerce/product-attribute-sets','product_with_more_version','Product with more version','2022-01-21 09:06:55','2022-01-21 09:07:22'),(3472,0,'vi','plugins/ecommerce/product-attribute-sets','create_a_version','Create a version','2022-01-21 09:06:55','2022-01-21 09:07:22'),(3473,0,'vi','plugins/ecommerce/product-attribute-sets','enabled','Enabled','2022-01-21 09:06:55','2022-01-21 09:07:22'),(3474,0,'vi','plugins/ecommerce/product-attribute-sets','attributes','Attributes','2022-01-21 09:06:55','2022-01-21 09:07:22'),(3475,0,'vi','plugins/ecommerce/product-attribute-sets','price','Price','2022-01-21 09:06:55','2022-01-21 09:07:22'),(3476,0,'vi','plugins/ecommerce/product-attribute-sets','edit_btn','Edit','2022-01-21 09:06:55','2022-01-21 09:07:22'),(3477,0,'vi','plugins/ecommerce/product-attribute-sets','remove_btn','Remove','2022-01-21 09:06:55','2022-01-21 09:07:22'),(3478,0,'vi','plugins/ecommerce/product-attribute-sets','product','Product','2022-01-21 09:06:55','2022-01-21 09:07:22'),(3479,0,'vi','plugins/ecommerce/product-attribute-sets','back_to_product','Back to product','2022-01-21 09:06:55','2022-01-21 09:07:22'),(3480,0,'vi','plugins/ecommerce/product-attribute-sets','save','Save','2022-01-21 09:06:55','2022-01-21 09:07:22'),(3481,0,'vi','plugins/ecommerce/product-attribute-sets','other_existing_versions','Other existing versions','2022-01-21 09:06:55','2022-01-21 09:07:22'),(3482,0,'vi','plugins/ecommerce/product-attribute-sets','version_information','Version information','2022-01-21 09:06:55','2022-01-21 09:07:22'),(3483,0,'vi','plugins/ecommerce/product-attribute-sets','add_rule','Add rule','2022-01-21 09:06:55','2022-01-21 09:07:22'),(3484,0,'vi','plugins/ecommerce/product-attribute-sets','rules','Rules','2022-01-21 09:06:55','2022-01-21 09:07:22'),(3485,0,'vi','plugins/ecommerce/product-attribute-sets','pricing','Pricing','2022-01-21 09:06:55','2022-01-21 09:07:22'),(3486,0,'vi','plugins/ecommerce/product-attribute-sets','sale_price','Sale price','2022-01-21 09:06:55','2022-01-21 09:07:22'),(3487,0,'vi','plugins/ecommerce/product-attribute-sets','sale_type','Sale type','2022-01-21 09:06:55','2022-01-21 09:07:22'),(3488,0,'vi','plugins/ecommerce/product-attribute-sets','no_sale_price','No sale price','2022-01-21 09:06:55','2022-01-21 09:07:22'),(3489,0,'vi','plugins/ecommerce/product-attribute-sets','always_on_sale','Always on sale','2022-01-21 09:06:55','2022-01-21 09:07:22'),(3490,0,'vi','plugins/ecommerce/product-attribute-sets','limited_time','Limited time','2022-01-21 09:06:55','2022-01-21 09:07:22'),(3491,0,'vi','plugins/ecommerce/product-attribute-sets','from','From','2022-01-21 09:06:55','2022-01-21 09:07:22'),(3492,0,'vi','plugins/ecommerce/product-attribute-sets','to','To','2022-01-21 09:06:55','2022-01-21 09:07:22'),(3493,0,'vi','plugins/ecommerce/product-attribute-sets','storehouse','Storehouse','2022-01-21 09:06:55','2022-01-21 09:07:22'),(3494,0,'vi','plugins/ecommerce/product-attribute-sets','no_storehouse_management','No storehouse management','2022-01-21 09:06:55','2022-01-21 09:07:22'),(3495,0,'vi','plugins/ecommerce/product-attribute-sets','with_storehouse_management','With storehouse management','2022-01-21 09:06:55','2022-01-21 09:07:22'),(3496,0,'vi','plugins/ecommerce/product-attribute-sets','quantity','Quantity','2022-01-21 09:06:55','2022-01-21 09:07:22'),(3497,0,'vi','plugins/ecommerce/product-attribute-sets','allow_customer_checkout_out_of_stock','Allow customer checkout when this product out of stock','2022-01-21 09:06:55','2022-01-21 09:07:22'),(3498,0,'vi','plugins/ecommerce/product-attribute-sets','shipping','Shipping','2022-01-21 09:06:55','2022-01-21 09:07:22'),(3499,0,'vi','plugins/ecommerce/product-attribute-sets','length','Length','2022-01-21 09:06:55','2022-01-21 09:07:22'),(3500,0,'vi','plugins/ecommerce/product-attribute-sets','wide','Wide','2022-01-21 09:06:55','2022-01-21 09:07:22'),(3501,0,'vi','plugins/ecommerce/product-attribute-sets','height','Height','2022-01-21 09:06:55','2022-01-21 09:07:22'),(3502,0,'vi','plugins/ecommerce/product-attribute-sets','weight','Weight','2022-01-21 09:06:55','2022-01-21 09:07:22'),(3503,0,'vi','plugins/ecommerce/product-attribute-sets','version_images','Version images','2022-01-21 09:06:55','2022-01-21 09:07:22'),(3504,0,'vi','plugins/ecommerce/product-attribute-sets','add_new_image','Add new image','2022-01-21 09:06:55','2022-01-21 09:07:22'),(3505,0,'vi','plugins/ecommerce/product-attribute-sets','attribute_set','Attribute set','2022-01-21 09:06:55','2022-01-21 09:07:22'),(3506,0,'vi','plugins/ecommerce/product-attribute-sets','value','Value','2022-01-21 09:06:56','2022-01-21 09:07:22'),(3507,0,'vi','plugins/ecommerce/product-attribute-sets','dropdown_swatch','Dropdown Swatch','2022-01-21 09:06:56','2022-01-21 09:07:22'),(3508,0,'vi','plugins/ecommerce/product-attribute-sets','visual_swatch','Visual Swatch','2022-01-21 09:06:56','2022-01-21 09:07:22'),(3509,0,'vi','plugins/ecommerce/product-attribute-sets','text_swatch','Text Swatch','2022-01-21 09:06:56','2022-01-21 09:07:22'),(3510,0,'vi','plugins/ecommerce/product-attributes','name','Thuộc tính sản phẩm','2022-01-21 09:06:56','2022-01-21 09:07:22'),(3511,0,'vi','plugins/ecommerce/product-attributes','create','Tạo','2022-01-21 09:06:56','2022-01-21 09:07:22'),(3512,0,'vi','plugins/ecommerce/product-attributes','edit','Sửa','2022-01-21 09:06:56','2022-01-21 09:07:22'),(3513,0,'vi','plugins/ecommerce/product-attributes','intro.title','Quản lý danh sách thuộc tính sản phẩm','2022-01-21 09:06:56','2022-01-21 09:07:22'),(3514,0,'vi','plugins/ecommerce/product-attributes','intro.description','Các thuộc tính của sản phẩm như màu sắc, kích thước ...','2022-01-21 09:06:56','2022-01-21 09:07:22'),(3515,0,'vi','plugins/ecommerce/product-attributes','intro.button_text','Tạo thuộc tính sản phẩm','2022-01-21 09:06:56','2022-01-21 09:07:22'),(3516,0,'vi','plugins/ecommerce/product-categories','create','Create new product category','2022-01-21 09:06:56','2022-01-21 09:07:22'),(3517,0,'vi','plugins/ecommerce/product-categories','edit','Edit product category','2022-01-21 09:06:56','2022-01-21 09:07:22'),(3518,0,'vi','plugins/ecommerce/product-categories','name','Danh mục sản phẩm','2022-01-21 09:06:56','2022-01-21 09:07:22'),(3519,0,'vi','plugins/ecommerce/product-categories','none','Không có','2022-01-21 09:06:56','2022-01-21 09:07:22'),(3520,0,'vi','plugins/ecommerce/product-categories','menu','Danh mục sản phẩm','2022-01-21 09:06:56','2022-01-21 09:07:22'),(3521,0,'vi','plugins/ecommerce/product-categories','intro.title','Quản lý danh sách danh mục sản phẩm','2022-01-21 09:06:56','2022-01-21 09:07:22'),(3522,0,'vi','plugins/ecommerce/product-categories','intro.description','Danh mục sản phẩm như quần áo, giày dép, linh kiện điện tử ...','2022-01-21 09:06:56','2022-01-21 09:07:22'),(3523,0,'vi','plugins/ecommerce/product-categories','intro.button_text','Tạo danh mục sản phẩm','2022-01-21 09:06:56','2022-01-21 09:07:22'),(3524,0,'vi','plugins/ecommerce/product-categories','total_products','Tổng sản phẩm: :total','2022-01-21 09:06:56','2022-01-21 09:07:22'),(3525,0,'vi','plugins/ecommerce/product-collections','name','Nhóm sản phẩm','2022-01-21 09:06:56','2022-01-21 09:07:22'),(3526,0,'vi','plugins/ecommerce/product-collections','create','Thêm nhóm sản phẩm','2022-01-21 09:06:56','2022-01-21 09:07:22'),(3527,0,'vi','plugins/ecommerce/product-collections','edit','Sửa nhóm sản phẩm','2022-01-21 09:06:56','2022-01-21 09:07:22'),(3528,0,'vi','plugins/ecommerce/product-collections','slug_help_block','Label key: <code>:slug</code>. We will use this key for filter.','2022-01-21 09:06:56','2022-01-21 09:07:22'),(3529,0,'vi','plugins/ecommerce/product-collections','intro.title','Quản lý nhóm sản phẩm','2022-01-21 09:06:56','2022-01-21 09:07:22'),(3530,0,'vi','plugins/ecommerce/product-collections','intro.description','Nhóm sản phẩm giúp quản lý sản phẩm và khách hàng tìm kiếm sản phẩm một cách dễ dàng.','2022-01-21 09:06:56','2022-01-21 09:07:22'),(3531,0,'vi','plugins/ecommerce/product-collections','intro.button_text','Tạo nhóm sản phẩm','2022-01-21 09:06:56','2022-01-21 09:07:22'),(3532,0,'vi','plugins/ecommerce/products','name','Sản phẩm','2022-01-21 09:06:56','2022-01-21 09:07:22'),(3533,0,'vi','plugins/ecommerce/products','create','Thêm sản phẩm mới','2022-01-21 09:06:56','2022-01-21 09:07:22'),(3534,0,'vi','plugins/ecommerce/products','edit','Sửa sản phẩm - :name','2022-01-21 09:06:56','2022-01-21 09:07:22'),(3535,0,'vi','plugins/ecommerce/products','form.name','Tên sản phẩm','2022-01-21 09:06:56','2022-01-21 09:07:22'),(3536,0,'vi','plugins/ecommerce/products','form.name_placeholder','Tên sản phẩm (Tối đa 120 chữ cái)','2022-01-21 09:06:56','2022-01-21 09:07:22'),(3537,0,'vi','plugins/ecommerce/products','form.description','Mô tả ngắn','2022-01-21 09:06:56','2022-01-21 09:07:22'),(3538,0,'vi','plugins/ecommerce/products','form.description_placeholder','Mô tả ngắn gọn cho sản phẩm (Tối đa 400 chữ cái)','2022-01-21 09:06:56','2022-01-21 09:07:22'),(3539,0,'vi','plugins/ecommerce/products','form.categories','Danh mục','2022-01-21 09:06:56','2022-01-21 09:07:22'),(3540,0,'vi','plugins/ecommerce/products','form.content','Chi tiết sản phẩm','2022-01-21 09:06:56','2022-01-21 09:07:22'),(3541,0,'vi','plugins/ecommerce/products','form.price','Giá cơ bản','2022-01-21 09:06:56','2022-01-21 09:07:22'),(3542,0,'vi','plugins/ecommerce/products','form.price_sale','Giá giảm','2022-01-21 09:06:56','2022-01-21 09:07:22'),(3543,0,'vi','plugins/ecommerce/products','form.quantity','Số lượng','2022-01-21 09:06:56','2022-01-21 09:07:22'),(3544,0,'vi','plugins/ecommerce/products','form.brand','Thương hiệu','2022-01-21 09:06:56','2022-01-21 09:07:22'),(3545,0,'vi','plugins/ecommerce/products','form.width','Rộng','2022-01-21 09:06:56','2022-01-21 09:07:22'),(3546,0,'vi','plugins/ecommerce/products','form.height','Cao','2022-01-21 09:06:56','2022-01-21 09:07:22'),(3547,0,'vi','plugins/ecommerce/products','form.weight','Cân nặng','2022-01-21 09:06:56','2022-01-21 09:07:22'),(3548,0,'vi','plugins/ecommerce/products','form.image','Hình ảnh','2022-01-21 09:06:56','2022-01-21 09:07:22'),(3549,0,'vi','plugins/ecommerce/products','form.product_type.title','Loại sản phẩm','2022-01-21 09:06:56','2022-01-21 09:07:22'),(3550,0,'vi','plugins/ecommerce/products','form.stock.title','Tình trạng kho','2022-01-21 09:06:56','2022-01-21 09:07:22'),(3551,0,'vi','plugins/ecommerce/products','form.stock.in_stock','Còn hàng','2022-01-21 09:06:56','2022-01-21 09:07:22'),(3552,0,'vi','plugins/ecommerce/products','form.stock.out_stock','Hết hàng','2022-01-21 09:06:56','2022-01-21 09:07:22'),(3553,0,'vi','plugins/ecommerce/products','form.stock.allow_order_when_out','Cho phép đặt hàng khi hết','2022-01-21 09:06:56','2022-01-21 09:07:22'),(3554,0,'vi','plugins/ecommerce/products','form.storehouse.title','Quản lý kho','2022-01-21 09:06:56','2022-01-21 09:07:22'),(3555,0,'vi','plugins/ecommerce/products','form.storehouse.no_storehouse','Không quản lý kho','2022-01-21 09:06:56','2022-01-21 09:07:22'),(3556,0,'vi','plugins/ecommerce/products','form.storehouse.storehouse','Quản lý kho','2022-01-21 09:06:56','2022-01-21 09:07:22'),(3557,0,'vi','plugins/ecommerce/products','form.storehouse.quantity','Số lượng','2022-01-21 09:06:56','2022-01-21 09:07:22'),(3558,0,'vi','plugins/ecommerce/products','form.shipping.title','Giao hàng','2022-01-21 09:06:56','2022-01-21 09:07:22'),(3559,0,'vi','plugins/ecommerce/products','form.shipping.length','Chiều dài','2022-01-21 09:06:56','2022-01-21 09:07:22'),(3560,0,'vi','plugins/ecommerce/products','form.shipping.wide','Chiều rộng','2022-01-21 09:06:56','2022-01-21 09:07:22'),(3561,0,'vi','plugins/ecommerce/products','form.shipping.height','Chiều cao','2022-01-21 09:06:56','2022-01-21 09:07:22'),(3562,0,'vi','plugins/ecommerce/products','form.shipping.weight','Cân nặng','2022-01-21 09:06:56','2022-01-21 09:07:22'),(3563,0,'vi','plugins/ecommerce/products','form.date.start','Ngày bắt đầu','2022-01-21 09:06:56','2022-01-21 09:07:22'),(3564,0,'vi','plugins/ecommerce/products','form.date.end','Ngày kết thúc','2022-01-21 09:06:56','2022-01-21 09:07:22'),(3565,0,'vi','plugins/ecommerce/products','form.tags','Nhãn','2022-01-21 09:06:56','2022-01-21 09:07:22'),(3566,0,'vi','plugins/ecommerce/products','form.tax','Thuế','2022-01-21 09:06:56','2022-01-21 09:07:22'),(3567,0,'vi','plugins/ecommerce/products','price','Giá cơ bản','2022-01-21 09:06:56','2022-01-21 09:07:22'),(3568,0,'vi','plugins/ecommerce/products','price_sale','Giá giảm','2022-01-21 09:06:56','2022-01-21 09:07:22'),(3569,0,'vi','plugins/ecommerce/products','quantity','Số lượng','2022-01-21 09:06:56','2022-01-21 09:07:22'),(3570,0,'vi','plugins/ecommerce/products','type','Loại sản phẩm','2022-01-21 09:06:56','2022-01-21 09:07:22'),(3571,0,'vi','plugins/ecommerce/products','image','Ảnh','2022-01-21 09:06:56','2022-01-21 09:07:22'),(3572,0,'vi','plugins/ecommerce/products','sku','Mã sản phẩm','2022-01-21 09:06:56','2022-01-21 09:07:22'),(3573,0,'vi','plugins/ecommerce/products','brand','Thương hiệu','2022-01-21 09:06:56','2022-01-21 09:07:22'),(3574,0,'vi','plugins/ecommerce/products','cannot_delete','Product could not be deleted','2022-01-21 09:06:56','2022-01-21 09:07:22'),(3575,0,'vi','plugins/ecommerce/products','product_deleted','Product deleted','2022-01-21 09:06:56','2022-01-21 09:07:22'),(3576,0,'vi','plugins/ecommerce/products','products','Sản phẩm','2022-01-21 09:06:56','2022-01-21 09:07:22'),(3577,0,'vi','plugins/ecommerce/products','menu','Sản phẩm','2022-01-21 09:06:56','2022-01-21 09:07:22'),(3578,0,'vi','plugins/ecommerce/products','control.button_add_image','Thêm hình ảnh','2022-01-21 09:06:56','2022-01-21 09:07:22'),(3579,0,'vi','plugins/ecommerce/products','overview','Tổng quan','2022-01-21 09:06:56','2022-01-21 09:07:22'),(3580,0,'vi','plugins/ecommerce/products','attributes','Thuộc tính','2022-01-21 09:06:56','2022-01-21 09:07:22'),(3581,0,'vi','plugins/ecommerce/products','product_has_variations','Sản phẩm có nhiều phiên bản','2022-01-21 09:06:56','2022-01-21 09:07:22'),(3582,0,'vi','plugins/ecommerce/products','manage_products','Quản lý danh sách sản phẩm','2022-01-21 09:06:56','2022-01-21 09:07:22'),(3583,0,'vi','plugins/ecommerce/products','add_new_product','Tạo sản phẩm','2022-01-21 09:06:56','2022-01-21 09:07:22'),(3584,0,'vi','plugins/ecommerce/products','start_by_adding_new_product','Bắt đầu bán hàng bằng việc thêm sản phẩm.','2022-01-21 09:06:56','2022-01-21 09:07:22'),(3585,0,'vi','plugins/ecommerce/reports','name','Báo cáo','2022-01-21 09:06:56','2022-01-21 09:07:22'),(3586,0,'vi','plugins/ecommerce/reports','widget.order.title','Đơn hàng','2022-01-21 09:06:56','2022-01-21 09:07:22'),(3587,0,'vi','plugins/ecommerce/reports','count.revenue','Doanh thu hôm nay','2022-01-21 09:06:56','2022-01-21 09:07:22'),(3588,0,'vi','plugins/ecommerce/reports','count.orders','Đơn hàng hôm nay','2022-01-21 09:06:56','2022-01-21 09:07:22'),(3589,0,'vi','plugins/ecommerce/reports','count.products','Sản phẩm','2022-01-21 09:06:56','2022-01-21 09:07:22'),(3590,0,'vi','plugins/ecommerce/reports','count.customers','Khách hàng','2022-01-21 09:06:56','2022-01-21 09:07:22'),(3591,0,'vi','plugins/ecommerce/reports','product_name','Tên sản phẩm','2022-01-21 09:06:56','2022-01-21 09:07:22'),(3592,0,'vi','plugins/ecommerce/reports','quantity','Số lượng','2022-01-21 09:06:56','2022-01-21 09:07:22'),(3593,0,'vi','plugins/ecommerce/reports','revenue_statistics','Thống kê doanh thu','2022-01-21 09:06:56','2022-01-21 09:07:22'),(3594,0,'vi','plugins/ecommerce/reports','top_selling_products','Sản phẩm bán chạy trong tháng','2022-01-21 09:06:56','2022-01-21 09:07:22'),(3595,0,'vi','plugins/ecommerce/review','name','Đánh giá','2022-01-21 09:06:56','2022-01-21 09:07:22'),(3596,0,'vi','plugins/ecommerce/review','list_review','Khách hàng đánh giá','2022-01-21 09:06:56','2022-01-21 09:07:22'),(3597,0,'vi','plugins/ecommerce/review','add_review','Thêm đánh giá','2022-01-21 09:06:56','2022-01-21 09:07:22'),(3598,0,'vi','plugins/ecommerce/review','delete_review','Xóa đánh giá','2022-01-21 09:06:56','2022-01-21 09:07:22'),(3599,0,'vi','plugins/ecommerce/review','create_review','Tạo đánh giá','2022-01-21 09:06:56','2022-01-21 09:07:22'),(3600,0,'vi','plugins/ecommerce/review','please_select_rating','Chọn đánh giá','2022-01-21 09:06:56','2022-01-21 09:07:22'),(3601,0,'vi','plugins/ecommerce/review','comment','Bình luận','2022-01-21 09:06:56','2022-01-21 09:07:22'),(3602,0,'vi','plugins/ecommerce/review','approve','Chấp thuận','2022-01-21 09:06:56','2022-01-21 09:07:22'),(3603,0,'vi','plugins/ecommerce/review','approved','Đã chấp thuận','2022-01-21 09:06:56','2022-01-21 09:07:22'),(3604,0,'vi','plugins/ecommerce/review','disapprove','Không chấp thuận','2022-01-21 09:06:56','2022-01-21 09:07:22'),(3605,0,'vi','plugins/ecommerce/review','disapproved','Đã không chấp thuận','2022-01-21 09:06:56','2022-01-21 09:07:22'),(3606,0,'vi','plugins/ecommerce/review','product','Sản phẩm','2022-01-21 09:06:56','2022-01-21 09:07:22'),(3607,0,'vi','plugins/ecommerce/review','user','Người dùng','2022-01-21 09:06:56','2022-01-21 09:07:22'),(3608,0,'vi','plugins/ecommerce/review','star','Sao','2022-01-21 09:06:56','2022-01-21 09:07:22'),(3609,0,'vi','plugins/ecommerce/review','status','Trạng thái','2022-01-21 09:06:56','2022-01-21 09:07:22'),(3610,0,'vi','plugins/ecommerce/review','intro.title','Quản lý danh sách nhận xét của khách hàng','2022-01-21 09:06:56','2022-01-21 09:07:22'),(3611,0,'vi','plugins/ecommerce/review','intro.description','Lưu trữ các nhận xét, đánh giá của khách hàng','2022-01-21 09:06:56','2022-01-21 09:07:22'),(3612,0,'vi','plugins/ecommerce/shipping','name','Phí vận chuyển','2022-01-21 09:06:56','2022-01-21 09:07:22'),(3613,0,'vi','plugins/ecommerce/shipping','shipping','Vận chuyển','2022-01-21 09:06:56','2022-01-21 09:07:22'),(3614,0,'vi','plugins/ecommerce/shipping','title','Title','2022-01-21 09:06:56','2022-01-21 09:07:22'),(3615,0,'vi','plugins/ecommerce/shipping','country','Quốc gia','2022-01-21 09:06:56','2022-01-21 09:07:22'),(3616,0,'vi','plugins/ecommerce/shipping','state','State','2022-01-21 09:06:57','2022-01-21 09:07:22'),(3617,0,'vi','plugins/ecommerce/shipping','city','City','2022-01-21 09:06:57','2022-01-21 09:07:22'),(3618,0,'vi','plugins/ecommerce/shipping','amount','Amount','2022-01-21 09:06:57','2022-01-21 09:07:22'),(3619,0,'vi','plugins/ecommerce/shipping','enable','Enable','2022-01-21 09:06:57','2022-01-21 09:07:22'),(3620,0,'vi','plugins/ecommerce/shipping','enabled','Enabled','2022-01-21 09:06:57','2022-01-21 09:07:22'),(3621,0,'vi','plugins/ecommerce/shipping','disable','Disable','2022-01-21 09:06:57','2022-01-21 09:07:22'),(3622,0,'vi','plugins/ecommerce/shipping','disabled','Disabled','2022-01-21 09:06:57','2022-01-21 09:07:22'),(3623,0,'vi','plugins/ecommerce/shipping','create_shipping','Create a shipping','2022-01-21 09:06:57','2022-01-21 09:07:22'),(3624,0,'vi','plugins/ecommerce/shipping','edit_shipping','Edit shipping #','2022-01-21 09:06:57','2022-01-21 09:07:22'),(3625,0,'vi','plugins/ecommerce/shipping','status','Status','2022-01-21 09:06:57','2022-01-21 09:07:22'),(3626,0,'vi','plugins/ecommerce/shipping','shipping_methods','Phương thức vận chuyển','2022-01-21 09:06:57','2022-01-21 09:07:22'),(3627,0,'vi','plugins/ecommerce/shipping','create_shipping_method','Tạo phương thức vận chuyển','2022-01-21 09:06:57','2022-01-21 09:07:22'),(3628,0,'vi','plugins/ecommerce/shipping','edit_shipping_method','Sửa phương thức vận chuyển','2022-01-21 09:06:57','2022-01-21 09:07:22'),(3629,0,'vi','plugins/ecommerce/shipping','add_shipping_region','Thêm khu vực vận chuyển','2022-01-21 09:06:57','2022-01-21 09:07:22'),(3630,0,'vi','plugins/ecommerce/shipping','methods.default','Default','2022-01-21 09:06:57','2022-01-21 09:07:22'),(3631,0,'vi','plugins/ecommerce/shipping','statuses.not_approved','Not approved','2022-01-21 09:06:57','2022-01-21 09:07:22'),(3632,0,'vi','plugins/ecommerce/shipping','statuses.approved','Approved','2022-01-21 09:06:57','2022-01-21 09:07:22'),(3633,0,'vi','plugins/ecommerce/shipping','statuses.picking','Picking','2022-01-21 09:06:57','2022-01-21 09:07:22'),(3634,0,'vi','plugins/ecommerce/shipping','statuses.delay_picking','Delay picking','2022-01-21 09:06:57','2022-01-21 09:07:22'),(3635,0,'vi','plugins/ecommerce/shipping','statuses.picked','Picked','2022-01-21 09:06:57','2022-01-21 09:07:22'),(3636,0,'vi','plugins/ecommerce/shipping','statuses.not_picked','Not picked','2022-01-21 09:06:57','2022-01-21 09:07:22'),(3637,0,'vi','plugins/ecommerce/shipping','statuses.delivering','Delivering','2022-01-21 09:06:57','2022-01-21 09:07:22'),(3638,0,'vi','plugins/ecommerce/shipping','statuses.delivered','Delivered','2022-01-21 09:06:57','2022-01-21 09:07:22'),(3639,0,'vi','plugins/ecommerce/shipping','statuses.not_delivered','Not delivered','2022-01-21 09:06:57','2022-01-21 09:07:22'),(3640,0,'vi','plugins/ecommerce/shipping','statuses.audited','Audited','2022-01-21 09:06:57','2022-01-21 09:07:22'),(3641,0,'vi','plugins/ecommerce/shipping','statuses.canceled','Canceled','2022-01-21 09:06:57','2022-01-21 09:07:22'),(3642,0,'vi','plugins/ecommerce/shipping','cod_statuses.pending','Pending','2022-01-21 09:06:57','2022-01-21 09:07:22'),(3643,0,'vi','plugins/ecommerce/shipping','cod_statuses.completed','Completed','2022-01-21 09:06:57','2022-01-21 09:07:22'),(3644,0,'vi','plugins/ecommerce/store-locator','name','Địa chỉ cửa hàng','2022-01-21 09:06:57','2022-01-21 09:07:22'),(3645,0,'vi','plugins/ecommerce/store-locator','description','Địa chỉ này sẽ xuất hiện trên hoá đơn của bạn và sẽ được sử dụng để tính toán mức giá vận chuyển của bạn.','2022-01-21 09:06:57','2022-01-21 09:07:22'),(3646,0,'vi','plugins/ecommerce/store-locator','shop_name','Tên cửa hàng','2022-01-21 09:06:57','2022-01-21 09:07:22'),(3647,0,'vi','plugins/ecommerce/store-locator','phone','Điện thoại','2022-01-21 09:06:57','2022-01-21 09:07:22'),(3648,0,'vi','plugins/ecommerce/store-locator','address','Địa chỉ','2022-01-21 09:06:57','2022-01-21 09:07:22'),(3649,0,'vi','plugins/ecommerce/tax','name','Thuế','2022-01-21 09:06:57','2022-01-21 09:07:23'),(3650,0,'vi','plugins/ecommerce/tax','create','Tạo thuế','2022-01-21 09:06:57','2022-01-21 09:07:23'),(3651,0,'vi','plugins/ecommerce/tax','edit','Chỉnh sửa thuế :title','2022-01-21 09:06:57','2022-01-21 09:07:23'),(3652,0,'vi','plugins/ecommerce/tax','title','Tiêu đề','2022-01-21 09:06:57','2022-01-21 09:07:23'),(3653,0,'vi','plugins/ecommerce/tax','percentage','Tỉ lệ phần trăm %','2022-01-21 09:06:57','2022-01-21 09:07:23'),(3654,0,'vi','plugins/ecommerce/tax','priority','Thứ tự ưu tiên','2022-01-21 09:06:57','2022-01-21 09:07:23'),(3655,0,'vi','plugins/ecommerce/tax','select_tax','-- lựa chọn --','2022-01-21 09:06:57','2022-01-21 09:07:23'),(3656,0,'en','plugins/faq/faq-category','name','Categories','2022-01-21 09:06:57','2022-01-21 09:07:23'),(3657,0,'en','plugins/faq/faq-category','create','New category','2022-01-21 09:06:57','2022-01-21 09:07:23'),(3658,0,'en','plugins/faq/faq-category','edit','Edit category','2022-01-21 09:06:57','2022-01-21 09:07:23'),(3659,0,'en','plugins/faq/faq','name','FAQ','2022-01-21 09:06:57','2022-01-21 09:07:23'),(3660,0,'en','plugins/faq/faq','create','New faq','2022-01-21 09:06:57','2022-01-21 09:07:23'),(3661,0,'en','plugins/faq/faq','edit','Edit faq','2022-01-21 09:06:57','2022-01-21 09:07:23'),(3662,0,'en','plugins/faq/faq','question','Question','2022-01-21 09:06:57','2022-01-21 09:07:23'),(3663,0,'en','plugins/faq/faq','answer','Answer','2022-01-21 09:06:57','2022-01-21 09:07:23'),(3664,0,'en','plugins/faq/faq','category','Category','2022-01-21 09:06:57','2022-01-21 09:07:23'),(3665,0,'en','plugins/faq/faq','all','All','2022-01-21 09:06:57','2022-01-21 09:07:23'),(3666,0,'en','plugins/faq/faq','faq_schema_config','FAQ schema configuration (:link)','2022-01-21 09:06:57','2022-01-21 09:07:23'),(3667,0,'en','plugins/faq/faq','learn_more','Learn more','2022-01-21 09:06:57','2022-01-21 09:07:23'),(3668,0,'en','plugins/faq/faq','settings.title','FAQ','2022-01-21 09:06:57','2022-01-21 09:07:23'),(3669,0,'en','plugins/faq/faq','settings.description','Settings for FAQ','2022-01-21 09:06:57','2022-01-21 09:07:23'),(3670,0,'en','plugins/faq/faq','settings.enable_faq_schema','Enable FAQ Schema?','2022-01-21 09:06:57','2022-01-21 09:07:23'),(3671,0,'en','plugins/faq/faq','settings.enable_faq_schema_description','Learn more: https://developers.google.com/search/docs/data-types/faqpage','2022-01-21 09:06:57','2022-01-21 09:07:23'),(3672,0,'en','plugins/faq/faq','select_category','Select a category','2022-01-21 09:06:57','2022-01-21 09:07:23'),(3673,0,'en','plugins/faq/faq','add_item','Add item','2022-01-21 09:06:57','2022-01-21 09:07:23'),(3674,0,'en','plugins/language/language','name','Languages','2022-01-21 09:06:57','2022-01-21 09:07:23'),(3675,0,'en','plugins/language/language','choose_language','Choose a language','2022-01-21 09:06:57','2022-01-21 09:07:23'),(3676,0,'en','plugins/language/language','select_language','Select language','2022-01-21 09:06:57','2022-01-21 09:07:23'),(3677,0,'en','plugins/language/language','choose_language_helper','You can choose a language in the list or directly edit it below.','2022-01-21 09:06:57','2022-01-21 09:07:23'),(3678,0,'en','plugins/language/language','language_name','Language name','2022-01-21 09:06:57','2022-01-21 09:07:23'),(3679,0,'en','plugins/language/language','language_name_helper','The name is how it is displayed on your site (for example: English).','2022-01-21 09:06:57','2022-01-21 09:07:23'),(3680,0,'en','plugins/language/language','locale','Locale','2022-01-21 09:06:57','2022-01-21 09:07:23'),(3681,0,'en','plugins/language/language','locale_helper','Laravel Locale for the language (for example: <code>en</code>).','2022-01-21 09:06:57','2022-01-21 09:07:23'),(3682,0,'en','plugins/language/language','language_code','Language code','2022-01-21 09:06:57','2022-01-21 09:07:23'),(3683,0,'en','plugins/language/language','language_code_helper','Language code - preferably 2-letters ISO 639-1 (for example: en)','2022-01-21 09:06:57','2022-01-21 09:07:23'),(3684,0,'en','plugins/language/language','text_direction','Text direction','2022-01-21 09:06:57','2022-01-21 09:07:23'),(3685,0,'en','plugins/language/language','text_direction_helper','Choose the text direction for the language','2022-01-21 09:06:57','2022-01-21 09:07:23'),(3686,0,'en','plugins/language/language','left_to_right','Left to right','2022-01-21 09:06:57','2022-01-21 09:07:23'),(3687,0,'en','plugins/language/language','right_to_left','Right to left','2022-01-21 09:06:57','2022-01-21 09:07:23'),(3688,0,'en','plugins/language/language','flag','Flag','2022-01-21 09:06:57','2022-01-21 09:07:23'),(3689,0,'en','plugins/language/language','flag_helper','Choose a flag for the language.','2022-01-21 09:06:57','2022-01-21 09:07:23'),(3690,0,'en','plugins/language/language','order','Order','2022-01-21 09:06:57','2022-01-21 09:07:23'),(3691,0,'en','plugins/language/language','order_helper','Position of the language in the language switcher','2022-01-21 09:06:57','2022-01-21 09:07:23'),(3692,0,'en','plugins/language/language','add_new_language','Add new language','2022-01-21 09:06:57','2022-01-21 09:07:23'),(3693,0,'en','plugins/language/language','code','Code','2022-01-21 09:06:57','2022-01-21 09:07:23'),(3694,0,'en','plugins/language/language','default_language','Is default?','2022-01-21 09:06:57','2022-01-21 09:07:23'),(3695,0,'en','plugins/language/language','actions','Actions','2022-01-21 09:06:57','2022-01-21 09:07:23'),(3696,0,'en','plugins/language/language','translations','Translations','2022-01-21 09:06:57','2022-01-21 09:07:23'),(3697,0,'en','plugins/language/language','edit','Edit','2022-01-21 09:06:57','2022-01-21 09:07:23'),(3698,0,'en','plugins/language/language','edit_tooltip','Edit this language','2022-01-21 09:06:57','2022-01-21 09:07:23'),(3699,0,'en','plugins/language/language','delete','Delete','2022-01-21 09:06:57','2022-01-21 09:07:23'),(3700,0,'en','plugins/language/language','delete_tooltip','Delete this language and all its associated data','2022-01-21 09:06:57','2022-01-21 09:07:23'),(3701,0,'en','plugins/language/language','choose_default_language','Choose :language as default language','2022-01-21 09:06:57','2022-01-21 09:07:23'),(3702,0,'en','plugins/language/language','current_language','Current record\'s language','2022-01-21 09:06:57','2022-01-21 09:07:23'),(3703,0,'en','plugins/language/language','edit_related','Edit related language for this record','2022-01-21 09:06:57','2022-01-21 09:07:23'),(3704,0,'en','plugins/language/language','add_language_for_item','Add other language version for this record','2022-01-21 09:06:57','2022-01-21 09:07:23'),(3705,0,'en','plugins/language/language','settings','Settings','2022-01-21 09:06:57','2022-01-21 09:07:23'),(3706,0,'en','plugins/language/language','language_hide_default','Hide default language from URL?','2022-01-21 09:06:57','2022-01-21 09:07:23'),(3707,0,'en','plugins/language/language','language_display_flag_only','Flag only','2022-01-21 09:06:57','2022-01-21 09:07:23'),(3708,0,'en','plugins/language/language','language_display_name_only','Name only','2022-01-21 09:06:57','2022-01-21 09:07:23'),(3709,0,'en','plugins/language/language','language_display_all','Display all flag and name','2022-01-21 09:06:57','2022-01-21 09:07:23'),(3710,0,'en','plugins/language/language','language_display','Language display','2022-01-21 09:06:57','2022-01-21 09:07:23'),(3711,0,'en','plugins/language/language','switcher_display','Switcher language display','2022-01-21 09:06:57','2022-01-21 09:07:23'),(3712,0,'en','plugins/language/language','language_switcher_display_dropdown','Dropdown','2022-01-21 09:06:57','2022-01-21 09:07:23'),(3713,0,'en','plugins/language/language','language_switcher_display_list','List','2022-01-21 09:06:57','2022-01-21 09:07:23'),(3714,0,'en','plugins/language/language','current_language_edit_notification','You are editing \"<strong class=\"current_language_text\">:language</strong>\" version','2022-01-21 09:06:57','2022-01-21 09:07:23'),(3715,0,'en','plugins/language/language','confirm-change-language','Confirm change language','2022-01-21 09:06:57','2022-01-21 09:07:23'),(3716,0,'en','plugins/language/language','confirm-change-language-message','Do you really want to change language to \"<strong class=\"change_to_language_text\"></strong>\" ? This action will be override \"<strong class=\"change_to_language_text\"></strong>\" version if it\'s existed!','2022-01-21 09:06:57','2022-01-21 09:07:23'),(3717,0,'en','plugins/language/language','confirm-change-language-btn','Confirm change','2022-01-21 09:06:57','2022-01-21 09:07:23'),(3718,0,'en','plugins/language/language','hide_languages','Hide languages','2022-01-21 09:06:57','2022-01-21 09:07:23'),(3719,0,'en','plugins/language/language','hide_languages_description','You can completely hide content in specific languages from visitors and search engines, but still view it yourself. This allows reviewing translations that are in progress.','2022-01-21 09:06:57','2022-01-21 09:07:23'),(3720,0,'en','plugins/language/language','hide_languages_helper_display_hidden','{0} All languages are currently displayed.|{1} :language is currently hidden to visitors.|[2, Inf] :language are currently hidden to visitors.','2022-01-21 09:06:57','2022-01-21 09:07:23'),(3721,0,'en','plugins/language/language','show_all','Show all','2022-01-21 09:06:57','2022-01-21 09:07:23'),(3722,0,'en','plugins/language/language','change_language','Language','2022-01-21 09:06:57','2022-01-21 09:07:23'),(3723,0,'en','plugins/language/language','language_show_default_item_if_current_version_not_existed','Show item in default language if it is not existed in current language','2022-01-21 09:06:57','2022-01-21 09:07:23'),(3724,0,'en','plugins/language/language','select_flag','Select a flag...','2022-01-21 09:06:57','2022-01-21 09:07:23'),(3725,0,'en','plugins/language/language','delete_confirmation_message','Do you really want to delete this language? It also deletes all items in this language and cannot rollback!','2022-01-21 09:06:57','2022-01-21 09:07:23'),(3726,0,'en','plugins/language/language','added_already','This language was added already!','2022-01-21 09:06:57','2022-01-21 09:07:23'),(3727,0,'en','plugins/language/language','language_auto_detect_user_language','Auto detect user language?','2022-01-21 09:06:57','2022-01-21 09:07:23'),(3728,0,'en','plugins/marketplace/marketplace','name','Marketplace','2022-01-21 09:06:57','2022-01-21 09:07:23'),(3729,0,'en','plugins/marketplace/marketplace','email.store_new_order_title','Notice about new order','2022-01-21 09:06:57','2022-01-21 09:07:23'),(3730,0,'en','plugins/marketplace/marketplace','email.store_new_order_description','Send email to the store owner when an order placed','2022-01-21 09:06:57','2022-01-21 09:07:23'),(3731,0,'en','plugins/marketplace/marketplace','email.verify_vendor_title','Verify vendor','2022-01-21 09:06:57','2022-01-21 09:07:23'),(3732,0,'en','plugins/marketplace/marketplace','email.verify_vendor_description','Send email to the admin when a vendor registers','2022-01-21 09:06:57','2022-01-21 09:07:23'),(3733,0,'en','plugins/marketplace/marketplace','email.pending_product_approval_title','Pending product approval','2022-01-21 09:06:57','2022-01-21 09:07:23'),(3734,0,'en','plugins/marketplace/marketplace','email.pending_product_approval_description','Send email to the admin when a vendor post their products','2022-01-21 09:06:57','2022-01-21 09:07:23'),(3735,0,'en','plugins/marketplace/marketplace','email.vendor_account_approved_title','Vendor account approved','2022-01-21 09:06:57','2022-01-21 09:07:23'),(3736,0,'en','plugins/marketplace/marketplace','email.vendor_account_approved_description','Send email to vendor when their account approved','2022-01-21 09:06:58','2022-01-21 09:07:23'),(3737,0,'en','plugins/marketplace/marketplace','email.product_approved_title','Product approved','2022-01-21 09:06:58','2022-01-21 09:07:23'),(3738,0,'en','plugins/marketplace/marketplace','email.product_approved_description','Send email to vendor when their product approved','2022-01-21 09:06:58','2022-01-21 09:07:23'),(3739,0,'en','plugins/marketplace/marketplace','email.withdrawal_approved_title','Withdrawal approved','2022-01-21 09:06:58','2022-01-21 09:07:23'),(3740,0,'en','plugins/marketplace/marketplace','email.withdrawal_approved_description','Send email to vendor when their withdrawal request approved','2022-01-21 09:06:58','2022-01-21 09:07:23'),(3741,0,'en','plugins/marketplace/marketplace','current_balance','Current balance','2022-01-21 09:06:58','2022-01-21 09:07:23'),(3742,0,'en','plugins/marketplace/marketplace','settings.name','Settings','2022-01-21 09:06:58','2022-01-21 09:07:23'),(3743,0,'en','plugins/marketplace/marketplace','settings.title','Settings for marketplace','2022-01-21 09:06:58','2022-01-21 09:07:23'),(3744,0,'en','plugins/marketplace/marketplace','settings.description','','2022-01-21 09:06:58','2022-01-21 09:07:23'),(3745,0,'en','plugins/marketplace/marketplace','settings.fee_per_order','Fee per order (%), suggest: 2 or 3','2022-01-21 09:06:58','2022-01-21 09:07:23'),(3746,0,'en','plugins/marketplace/marketplace','settings.fee_withdrawal','Fee withdrawal (Fixed amount)','2022-01-21 09:06:58','2022-01-21 09:07:23'),(3747,0,'en','plugins/marketplace/marketplace','settings.check_valid_signature','Check valid signature in vendor\'s earnings','2022-01-21 09:06:58','2022-01-21 09:07:23'),(3748,0,'en','plugins/marketplace/marketplace','settings.verify_vendor','Vendor verification (Vendor just can post their product listing after getting verified)','2022-01-21 09:06:58','2022-01-21 09:07:23'),(3749,0,'en','plugins/marketplace/marketplace','settings.enable_product_approval','Enable product approval','2022-01-21 09:06:58','2022-01-21 09:07:23'),(3750,0,'en','plugins/marketplace/marketplace','theme_options.name','Marketplace','2022-01-21 09:06:58','2022-01-21 09:07:23'),(3751,0,'en','plugins/marketplace/marketplace','theme_options.description','Theme options for Marketplace','2022-01-21 09:06:58','2022-01-21 09:07:23'),(3752,0,'en','plugins/marketplace/marketplace','theme_options.logo_vendor_dashboard','Logo in the vendor dashboard (Default is the main logo)','2022-01-21 09:06:58','2022-01-21 09:07:23'),(3753,0,'en','plugins/marketplace/marketplace','store_name','Store name','2022-01-21 09:06:58','2022-01-21 09:07:23'),(3754,0,'en','plugins/marketplace/marketplace','store_email','Store email','2022-01-21 09:06:58','2022-01-21 09:07:23'),(3755,0,'en','plugins/marketplace/marketplace','store_phone','Store phone','2022-01-21 09:06:58','2022-01-21 09:07:23'),(3756,0,'en','plugins/marketplace/marketplace','product_name','Product name','2022-01-21 09:06:58','2022-01-21 09:07:23'),(3757,0,'en','plugins/marketplace/marketplace','product_url','Product URL','2022-01-21 09:06:58','2022-01-21 09:07:23'),(3758,0,'en','plugins/marketplace/marketplace','withdrawal_amount','Withdrawal amount','2022-01-21 09:06:58','2022-01-21 09:07:23'),(3759,0,'en','plugins/marketplace/marketplace','helpers.customer_status','If you change the status other than \":status\" this vendor\'s store will also change to \":store\"','2022-01-21 09:06:58','2022-01-21 09:07:23'),(3760,0,'en','plugins/marketplace/marketplace','helpers.store_status','If you change the status other than \":status\" this store\'s account will also change to \":customer\"','2022-01-21 09:06:58','2022-01-21 09:07:23'),(3761,0,'en','plugins/marketplace/marketplace','tables.earnings','Earnings','2022-01-21 09:06:58','2022-01-21 09:07:23'),(3762,0,'en','plugins/marketplace/marketplace','tables.products_count','Products Count','2022-01-21 09:06:58','2022-01-21 09:07:23'),(3763,0,'en','plugins/marketplace/order','shipping_method_required','Shipping method for \":name\" store order is required.','2022-01-21 09:06:58','2022-01-21 09:07:23'),(3764,0,'en','plugins/marketplace/order','shipping_method_in','Shipping method for \":name\" store order is invalid.','2022-01-21 09:06:58','2022-01-21 09:07:23'),(3765,0,'en','plugins/marketplace/order','shipping_option_required','Shipping option for \":name\" store order is required.','2022-01-21 09:06:58','2022-01-21 09:07:23'),(3766,0,'en','plugins/marketplace/order','refund.insufficient_balance','Balance of vendor is not enough to refund order, balance: :balance','2022-01-21 09:06:58','2022-01-21 09:07:23'),(3767,0,'en','plugins/marketplace/order','refund.description','Refunded from the order #:order','2022-01-21 09:06:58','2022-01-21 09:07:23'),(3768,0,'en','plugins/marketplace/revenue','edit','Update wallet balance','2022-01-21 09:06:58','2022-01-21 09:07:23'),(3769,0,'en','plugins/marketplace/revenue','view_store','View store \":store\"','2022-01-21 09:06:58','2022-01-21 09:07:23'),(3770,0,'en','plugins/marketplace/revenue','forms.description_placeholder','Update the exact amount with order #__ORDER_ID__ with reason: __REASON__','2022-01-21 09:06:58','2022-01-21 09:07:23'),(3771,0,'en','plugins/marketplace/revenue','forms.amount','Amount','2022-01-21 09:06:58','2022-01-21 09:07:23'),(3772,0,'en','plugins/marketplace/revenue','forms.amount_placeholder','Enter Amount','2022-01-21 09:06:58','2022-01-21 09:07:23'),(3773,0,'en','plugins/marketplace/revenue','forms.type','Type','2022-01-21 09:06:58','2022-01-21 09:07:23'),(3774,0,'en','plugins/marketplace/revenue','forms.created_by','Created By','2022-01-21 09:06:58','2022-01-21 09:07:23'),(3775,0,'en','plugins/marketplace/revenue','types.add-amount','Add Amount','2022-01-21 09:06:58','2022-01-21 09:07:23'),(3776,0,'en','plugins/marketplace/revenue','types.subtract-amount','Subtract Amount','2022-01-21 09:06:58','2022-01-21 09:07:23'),(3777,0,'en','plugins/marketplace/revenue','store_name','Store Name','2022-01-21 09:06:58','2022-01-21 09:07:23'),(3778,0,'en','plugins/marketplace/revenue','vendor_name','Vendor Name','2022-01-21 09:06:58','2022-01-21 09:07:23'),(3779,0,'en','plugins/marketplace/revenue','balance','Balance','2022-01-21 09:06:58','2022-01-21 09:07:23'),(3780,0,'en','plugins/marketplace/revenue','store_information','Store information','2022-01-21 09:06:58','2022-01-21 09:07:23'),(3781,0,'en','plugins/marketplace/revenue','update_balance','Adjust Balance','2022-01-21 09:06:58','2022-01-21 09:07:23'),(3782,0,'en','plugins/marketplace/revenue','update_balance_title','Add/Subtract amount of vendor','2022-01-21 09:06:58','2022-01-21 09:07:23'),(3783,0,'en','plugins/marketplace/revenue','statements','Statements','2022-01-21 09:06:58','2022-01-21 09:07:23'),(3784,0,'en','plugins/marketplace/revenue','products','Products','2022-01-21 09:06:58','2022-01-21 09:07:23'),(3785,0,'en','plugins/marketplace/store','name','Stores','2022-01-21 09:06:58','2022-01-21 09:07:23'),(3786,0,'en','plugins/marketplace/store','create','New store','2022-01-21 09:06:58','2022-01-21 09:07:23'),(3787,0,'en','plugins/marketplace/store','edit','Edit store','2022-01-21 09:06:58','2022-01-21 09:07:23'),(3788,0,'en','plugins/marketplace/store','view','View','2022-01-21 09:06:58','2022-01-21 09:07:23'),(3789,0,'en','plugins/marketplace/store','forms.logo','Logo','2022-01-21 09:06:58','2022-01-21 09:07:23'),(3790,0,'en','plugins/marketplace/store','forms.email','Email','2022-01-21 09:06:58','2022-01-21 09:07:23'),(3791,0,'en','plugins/marketplace/store','forms.email_placeholder','Ex: name@store.com','2022-01-21 09:06:58','2022-01-21 09:07:23'),(3792,0,'en','plugins/marketplace/store','forms.phone','Phone','2022-01-21 09:06:58','2022-01-21 09:07:23'),(3793,0,'en','plugins/marketplace/store','forms.phone_placeholder','Phone','2022-01-21 09:06:58','2022-01-21 09:07:23'),(3794,0,'en','plugins/marketplace/store','forms.address','Address','2022-01-21 09:06:58','2022-01-21 09:07:23'),(3795,0,'en','plugins/marketplace/store','forms.address_placeholder','Address','2022-01-21 09:06:58','2022-01-21 09:07:23'),(3796,0,'en','plugins/marketplace/store','forms.city','City','2022-01-21 09:06:58','2022-01-21 09:07:23'),(3797,0,'en','plugins/marketplace/store','forms.city_placeholder','City','2022-01-21 09:06:58','2022-01-21 09:07:23'),(3798,0,'en','plugins/marketplace/store','forms.state','State','2022-01-21 09:06:58','2022-01-21 09:07:23'),(3799,0,'en','plugins/marketplace/store','forms.state_placeholder','State','2022-01-21 09:06:58','2022-01-21 09:07:23'),(3800,0,'en','plugins/marketplace/store','forms.country','Country','2022-01-21 09:06:58','2022-01-21 09:07:23'),(3801,0,'en','plugins/marketplace/store','forms.country_placeholder','Country','2022-01-21 09:06:58','2022-01-21 09:07:23'),(3802,0,'en','plugins/marketplace/store','forms.store_owner','Store owner','2022-01-21 09:06:58','2022-01-21 09:07:23'),(3803,0,'en','plugins/marketplace/store','forms.select_store_owner','Select a store owner...','2022-01-21 09:06:58','2022-01-21 09:07:23'),(3804,0,'en','plugins/marketplace/store','forms.store','Store','2022-01-21 09:06:58','2022-01-21 09:07:23'),(3805,0,'en','plugins/marketplace/store','forms.select_store','Select a store...','2022-01-21 09:06:58','2022-01-21 09:07:23'),(3806,0,'en','plugins/marketplace/store','forms.is_vendor','Is vendor?','2022-01-21 09:06:58','2022-01-21 09:07:23'),(3807,0,'en','plugins/marketplace/store','store','Store','2022-01-21 09:06:58','2022-01-21 09:07:23'),(3808,0,'en','plugins/marketplace/store','store_name','Store name','2022-01-21 09:06:58','2022-01-21 09:07:23'),(3809,0,'en','plugins/marketplace/store','store_phone','Store phone','2022-01-21 09:06:58','2022-01-21 09:07:23'),(3810,0,'en','plugins/marketplace/store','store_link','Store link','2022-01-21 09:06:58','2022-01-21 09:07:23'),(3811,0,'en','plugins/marketplace/store','product_approval_notification','This product was created by :vendor. It needs to be approved to be shown on your website. :approve_link','2022-01-21 09:06:58','2022-01-21 09:07:23'),(3812,0,'en','plugins/marketplace/store','approve_here','Approve it here.','2022-01-21 09:06:58','2022-01-21 09:07:23'),(3813,0,'en','plugins/marketplace/store','approve_product_confirmation','Approve product confirmation','2022-01-21 09:06:58','2022-01-21 09:07:23'),(3814,0,'en','plugins/marketplace/store','approve_product_confirmation_description','Are you sure you really want to approve this product from :vendor?','2022-01-21 09:06:58','2022-01-21 09:07:23'),(3815,0,'en','plugins/marketplace/store','approve','Approve','2022-01-21 09:06:58','2022-01-21 09:07:23'),(3816,0,'en','plugins/marketplace/store','approve_product_success','Approved product successfully','2022-01-21 09:06:58','2022-01-21 09:07:23'),(3817,0,'en','plugins/marketplace/store','product_approved_notification','This product was created by :vendor. Approved by :user.','2022-01-21 09:06:58','2022-01-21 09:07:23'),(3818,0,'en','plugins/marketplace/store','information','Store information','2022-01-21 09:06:58','2022-01-21 09:07:23'),(3819,0,'en','plugins/marketplace/store','vendor_information','Vendor information','2022-01-21 09:06:58','2022-01-21 09:07:23'),(3820,0,'en','plugins/marketplace/store','vendor_name','Name','2022-01-21 09:06:58','2022-01-21 09:07:23'),(3821,0,'en','plugins/marketplace/store','withdrawal_approval_notification','This withdrawal request has been created by :vendor. Their current balance is :balance.','2022-01-21 09:06:58','2022-01-21 09:07:23'),(3822,0,'en','plugins/marketplace/unverified-vendor','name','Unverified vendors','2022-01-21 09:06:58','2022-01-21 09:07:23'),(3823,0,'en','plugins/marketplace/unverified-vendor','verify','Verify vendor \":name\"','2022-01-21 09:06:58','2022-01-21 09:07:23'),(3824,0,'en','plugins/marketplace/unverified-vendor','forms.email','Email','2022-01-21 09:06:58','2022-01-21 09:07:23'),(3825,0,'en','plugins/marketplace/unverified-vendor','forms.store_name','Store name','2022-01-21 09:06:58','2022-01-21 09:07:23'),(3826,0,'en','plugins/marketplace/unverified-vendor','forms.store_phone','Store phone','2022-01-21 09:06:58','2022-01-21 09:07:23'),(3827,0,'en','plugins/marketplace/unverified-vendor','forms.vendor_phone','Phone','2022-01-21 09:06:58','2022-01-21 09:07:23'),(3828,0,'en','plugins/marketplace/unverified-vendor','forms.verify_vendor','Verify vendor','2022-01-21 09:06:58','2022-01-21 09:07:23'),(3829,0,'en','plugins/marketplace/unverified-vendor','forms.registered_at','Registered At','2022-01-21 09:06:58','2022-01-21 09:07:23'),(3830,0,'en','plugins/marketplace/unverified-vendor','approve','Approve','2022-01-21 09:06:58','2022-01-21 09:07:23'),(3831,0,'en','plugins/marketplace/unverified-vendor','approve_vendor_confirmation','Approve vendor confirmation','2022-01-21 09:06:58','2022-01-21 09:07:23'),(3832,0,'en','plugins/marketplace/unverified-vendor','approve_vendor_confirmation_description','Are you sure you really want to approve :vendor for selling on this site?','2022-01-21 09:06:58','2022-01-21 09:07:23'),(3833,0,'en','plugins/marketplace/unverified-vendor','vendor_approval_notification','Do you want to approve this vendor for selling on this site? Approve here :approve_link','2022-01-21 09:06:58','2022-01-21 09:07:23'),(3834,0,'en','plugins/marketplace/withdrawal','name','Withdrawals','2022-01-21 09:06:58','2022-01-21 09:07:23'),(3835,0,'en','plugins/marketplace/withdrawal','edit','Edit withdrawal','2022-01-21 09:06:58','2022-01-21 09:07:23'),(3836,0,'en','plugins/marketplace/withdrawal','statuses.pending','Pending','2022-01-21 09:06:58','2022-01-21 09:07:23'),(3837,0,'en','plugins/marketplace/withdrawal','statuses.processing','Processing','2022-01-21 09:06:58','2022-01-21 09:07:23'),(3838,0,'en','plugins/marketplace/withdrawal','statuses.completed','Completed','2022-01-21 09:06:58','2022-01-21 09:07:23'),(3839,0,'en','plugins/marketplace/withdrawal','statuses.canceled','Canceled','2022-01-21 09:06:58','2022-01-21 09:07:23'),(3840,0,'en','plugins/marketplace/withdrawal','statuses.refused','Refused','2022-01-21 09:06:58','2022-01-21 09:07:23'),(3841,0,'en','plugins/marketplace/withdrawal','amount','Amount','2022-01-21 09:06:58','2022-01-21 09:07:23'),(3842,0,'en','plugins/marketplace/withdrawal','customer','Customer','2022-01-21 09:06:58','2022-01-21 09:07:23'),(3843,0,'en','plugins/marketplace/withdrawal','vendor','Vendor','2022-01-21 09:06:58','2022-01-21 09:07:23'),(3844,0,'en','plugins/marketplace/withdrawal','currency','Currency','2022-01-21 09:06:58','2022-01-21 09:07:23'),(3845,0,'en','plugins/marketplace/withdrawal','forms.amount','Amount','2022-01-21 09:06:58','2022-01-21 09:07:23'),(3846,0,'en','plugins/marketplace/withdrawal','forms.amount_placeholder','Amount you want to withdrawal','2022-01-21 09:06:58','2022-01-21 09:07:23'),(3847,0,'en','plugins/marketplace/withdrawal','forms.fee','Fee','2022-01-21 09:06:58','2022-01-21 09:07:23'),(3848,0,'en','plugins/marketplace/withdrawal','forms.fee_helper','You have to pay a fee when withdrawing: :fee','2022-01-21 09:06:58','2022-01-21 09:07:23'),(3849,0,'en','plugins/marketplace/withdrawal','forms.pending_status_helper','To complete withdrawal, please update status as processing then completed','2022-01-21 09:06:58','2022-01-21 09:07:23'),(3850,0,'en','plugins/marketplace/withdrawal','forms.payment_channel','Payment Channel','2022-01-21 09:06:58','2022-01-21 09:07:23'),(3851,0,'en','plugins/marketplace/withdrawal','forms.payment_channel_placeholder','Payment Channel','2022-01-21 09:06:58','2022-01-21 09:07:23'),(3852,0,'en','plugins/marketplace/withdrawal','forms.transaction_id','Transaction ID','2022-01-21 09:06:58','2022-01-21 09:07:23'),(3853,0,'en','plugins/marketplace/withdrawal','forms.transaction_id_placeholder','Transaction ID','2022-01-21 09:06:58','2022-01-21 09:07:23'),(3854,0,'en','plugins/newsletter/newsletter','name','Newsletters','2022-01-21 09:06:58','2022-01-21 09:07:23'),(3855,0,'en','plugins/newsletter/newsletter','settings.email.templates.title','Newsletter','2022-01-21 09:06:58','2022-01-21 09:07:23'),(3856,0,'en','plugins/newsletter/newsletter','settings.email.templates.description','Config newsletter email templates','2022-01-21 09:06:58','2022-01-21 09:07:23'),(3857,0,'en','plugins/newsletter/newsletter','settings.email.templates.to_admin.title','Email send to admin','2022-01-21 09:06:58','2022-01-21 09:07:23'),(3858,0,'en','plugins/newsletter/newsletter','settings.email.templates.to_admin.description','Template for sending email to admin','2022-01-21 09:06:58','2022-01-21 09:07:23'),(3859,0,'en','plugins/newsletter/newsletter','settings.email.templates.to_user.title','Email send to user','2022-01-21 09:06:58','2022-01-21 09:07:23'),(3860,0,'en','plugins/newsletter/newsletter','settings.email.templates.to_user.description','Template for sending email to subscriber','2022-01-21 09:06:58','2022-01-21 09:07:23'),(3861,0,'en','plugins/newsletter/newsletter','settings.title','Newsletter','2022-01-21 09:06:58','2022-01-21 09:07:23'),(3862,0,'en','plugins/newsletter/newsletter','settings.description','Settings for newsletter','2022-01-21 09:06:58','2022-01-21 09:07:23'),(3863,0,'en','plugins/newsletter/newsletter','settings.mailchimp_api_key','Mailchimp API Key','2022-01-21 09:06:58','2022-01-21 09:07:23'),(3864,0,'en','plugins/newsletter/newsletter','settings.mailchimp_list_id','Mailchimp List ID','2022-01-21 09:06:58','2022-01-21 09:07:23'),(3865,0,'en','plugins/newsletter/newsletter','settings.mailchimp_list','Mailchimp List','2022-01-21 09:06:58','2022-01-21 09:07:23'),(3866,0,'en','plugins/newsletter/newsletter','settings.sendgrid_api_key','Sendgrid API Key','2022-01-21 09:06:58','2022-01-21 09:07:23'),(3867,0,'en','plugins/newsletter/newsletter','settings.sendgrid_list_id','Sendgrid List ID','2022-01-21 09:06:58','2022-01-21 09:07:23'),(3868,0,'en','plugins/newsletter/newsletter','settings.sendgrid_list','Sendgrid List','2022-01-21 09:06:58','2022-01-21 09:07:23'),(3869,0,'en','plugins/newsletter/newsletter','statuses.subscribed','Subscribed','2022-01-21 09:06:58','2022-01-21 09:07:23'),(3870,0,'en','plugins/newsletter/newsletter','statuses.unsubscribed','Unsubscribed','2022-01-21 09:06:58','2022-01-21 09:07:23'),(3871,0,'en','plugins/payment/payment','payments','Payments','2022-01-21 09:06:58','2022-01-21 09:07:23'),(3872,0,'en','plugins/payment/payment','checkout_success','Checkout successfully!','2022-01-21 09:06:58','2022-01-21 09:07:23'),(3873,0,'en','plugins/payment/payment','view_payment','View payment #','2022-01-21 09:06:58','2022-01-21 09:07:23'),(3874,0,'en','plugins/payment/payment','charge_id','Charge ID','2022-01-21 09:06:58','2022-01-21 09:07:23'),(3875,0,'en','plugins/payment/payment','amount','Amount','2022-01-21 09:06:58','2022-01-21 09:07:23'),(3876,0,'en','plugins/payment/payment','currency','Currency','2022-01-21 09:06:58','2022-01-21 09:07:23'),(3877,0,'en','plugins/payment/payment','user','User','2022-01-21 09:06:58','2022-01-21 09:07:23'),(3878,0,'en','plugins/payment/payment','stripe','Stripe','2022-01-21 09:06:58','2022-01-21 09:07:23'),(3879,0,'en','plugins/payment/payment','paypal','PayPal','2022-01-21 09:06:58','2022-01-21 09:07:23'),(3880,0,'en','plugins/payment/payment','action','Action','2022-01-21 09:06:58','2022-01-21 09:07:23'),(3881,0,'en','plugins/payment/payment','payment_via_card','Payment via card','2022-01-21 09:06:58','2022-01-21 09:07:23'),(3882,0,'en','plugins/payment/payment','card_number','Card number','2022-01-21 09:06:58','2022-01-21 09:07:23'),(3883,0,'en','plugins/payment/payment','full_name','Full name','2022-01-21 09:06:58','2022-01-21 09:07:23'),(3884,0,'en','plugins/payment/payment','payment_via_paypal','Fast and safe online payment via PayPal.','2022-01-21 09:06:58','2022-01-21 09:07:23'),(3885,0,'en','plugins/payment/payment','mm_yy','MM/YY','2022-01-21 09:06:58','2022-01-21 09:07:23'),(3886,0,'en','plugins/payment/payment','cvc','CVC','2022-01-21 09:06:58','2022-01-21 09:07:23'),(3887,0,'en','plugins/payment/payment','details','Details','2022-01-21 09:06:58','2022-01-21 09:07:23'),(3888,0,'en','plugins/payment/payment','payer_name','Payer Name','2022-01-21 09:06:58','2022-01-21 09:07:23'),(3889,0,'en','plugins/payment/payment','email','Email','2022-01-21 09:06:58','2022-01-21 09:07:23'),(3890,0,'en','plugins/payment/payment','phone','Phone','2022-01-21 09:06:58','2022-01-21 09:07:23'),(3891,0,'en','plugins/payment/payment','country','Country','2022-01-21 09:06:58','2022-01-21 09:07:23'),(3892,0,'en','plugins/payment/payment','shipping_address','Shipping Address','2022-01-21 09:06:58','2022-01-21 09:07:23'),(3893,0,'en','plugins/payment/payment','payment_details','Payment Details','2022-01-21 09:06:58','2022-01-21 09:07:23'),(3894,0,'en','plugins/payment/payment','card','Card','2022-01-21 09:06:58','2022-01-21 09:07:23'),(3895,0,'en','plugins/payment/payment','address','Address','2022-01-21 09:06:58','2022-01-21 09:07:23'),(3896,0,'en','plugins/payment/payment','could_not_get_stripe_token','Could not get Stripe token to make a charge.','2022-01-21 09:06:58','2022-01-21 09:07:23'),(3897,0,'en','plugins/payment/payment','payment_id','Payment ID','2022-01-21 09:06:58','2022-01-21 09:07:23'),(3898,0,'en','plugins/payment/payment','payment_methods','Payment methods','2022-01-21 09:06:59','2022-01-21 09:07:23'),(3899,0,'en','plugins/payment/payment','transactions','Transactions','2022-01-21 09:06:59','2022-01-21 09:07:23'),(3900,0,'en','plugins/payment/payment','payment_methods_description','Setup payment methods for website','2022-01-21 09:06:59','2022-01-21 09:07:23'),(3901,0,'en','plugins/payment/payment','paypal_description','Customer can buy product and pay directly via PayPal','2022-01-21 09:06:59','2022-01-21 09:07:23'),(3902,0,'en','plugins/payment/payment','use','Use','2022-01-21 09:06:59','2022-01-21 09:07:23'),(3903,0,'en','plugins/payment/payment','stripe_description','Customer can buy product and pay directly using Visa, Credit card via Stripe','2022-01-21 09:06:59','2022-01-21 09:07:23'),(3904,0,'en','plugins/payment/payment','edit','Edit','2022-01-21 09:06:59','2022-01-21 09:07:23'),(3905,0,'en','plugins/payment/payment','settings','Settings','2022-01-21 09:06:59','2022-01-21 09:07:23'),(3906,0,'en','plugins/payment/payment','activate','Activate','2022-01-21 09:06:59','2022-01-21 09:07:23'),(3907,0,'en','plugins/payment/payment','deactivate','Deactivate','2022-01-21 09:06:59','2022-01-21 09:07:23'),(3908,0,'en','plugins/payment/payment','update','Update','2022-01-21 09:06:59','2022-01-21 09:07:23'),(3909,0,'en','plugins/payment/payment','configuration_instruction','Configuration instruction for :name','2022-01-21 09:06:59','2022-01-21 09:07:23'),(3910,0,'en','plugins/payment/payment','configuration_requirement','To use :name, you need','2022-01-21 09:06:59','2022-01-21 09:07:23'),(3911,0,'en','plugins/payment/payment','service_registration','Register with :name','2022-01-21 09:06:59','2022-01-21 09:07:23'),(3912,0,'en','plugins/payment/payment','after_service_registration_msg','After registration at :name, you will have Client ID, Client Secret','2022-01-21 09:06:59','2022-01-21 09:07:23'),(3913,0,'en','plugins/payment/payment','enter_client_id_and_secret','Enter Client ID, Secret into the box in right hand','2022-01-21 09:06:59','2022-01-21 09:07:23'),(3914,0,'en','plugins/payment/payment','method_name','Method name','2022-01-21 09:06:59','2022-01-21 09:07:23'),(3915,0,'en','plugins/payment/payment','please_provide_information','Please provide information','2022-01-21 09:06:59','2022-01-21 09:07:23'),(3916,0,'en','plugins/payment/payment','client_id','Client ID','2022-01-21 09:06:59','2022-01-21 09:07:23'),(3917,0,'en','plugins/payment/payment','client_secret','Client Secret','2022-01-21 09:06:59','2022-01-21 09:07:23'),(3918,0,'en','plugins/payment/payment','secret','Secret','2022-01-21 09:06:59','2022-01-21 09:07:23'),(3919,0,'en','plugins/payment/payment','stripe_key','Stripe Public Key','2022-01-21 09:06:59','2022-01-21 09:07:23'),(3920,0,'en','plugins/payment/payment','stripe_secret','Stripe Private Key','2022-01-21 09:06:59','2022-01-21 09:07:23'),(3921,0,'en','plugins/payment/payment','stripe_after_service_registration_msg','After registration at :name, you will have Public, Secret keys','2022-01-21 09:06:59','2022-01-21 09:07:23'),(3922,0,'en','plugins/payment/payment','stripe_enter_client_id_and_secret','Enter Public, Secret keys into the box in right hand','2022-01-21 09:06:59','2022-01-21 09:07:23'),(3923,0,'en','plugins/payment/payment','pay_online_via','Pay online via :name','2022-01-21 09:06:59','2022-01-21 09:07:23'),(3924,0,'en','plugins/payment/payment','sandbox_mode','Sandbox mode','2022-01-21 09:06:59','2022-01-21 09:07:23'),(3925,0,'en','plugins/payment/payment','deactivate_payment_method','Deactivate payment method','2022-01-21 09:06:59','2022-01-21 09:07:23'),(3926,0,'en','plugins/payment/payment','deactivate_payment_method_description','Do you really want to deactivate this payment method?','2022-01-21 09:06:59','2022-01-21 09:07:23'),(3927,0,'en','plugins/payment/payment','agree','Agree','2022-01-21 09:06:59','2022-01-21 09:07:23'),(3928,0,'en','plugins/payment/payment','name','Payments','2022-01-21 09:06:59','2022-01-21 09:07:23'),(3929,0,'en','plugins/payment/payment','create','New payment','2022-01-21 09:06:59','2022-01-21 09:07:23'),(3930,0,'en','plugins/payment/payment','go_back','Go back','2022-01-21 09:06:59','2022-01-21 09:07:23'),(3931,0,'en','plugins/payment/payment','information','Information','2022-01-21 09:06:59','2022-01-21 09:07:23'),(3932,0,'en','plugins/payment/payment','methods.paypal','PayPal','2022-01-21 09:06:59','2022-01-21 09:07:23'),(3933,0,'en','plugins/payment/payment','methods.stripe','Stripe','2022-01-21 09:06:59','2022-01-21 09:07:23'),(3934,0,'en','plugins/payment/payment','methods.cod','Cash on delivery (COD)','2022-01-21 09:06:59','2022-01-21 09:07:23'),(3935,0,'en','plugins/payment/payment','methods.bank_transfer','Bank transfer','2022-01-21 09:06:59','2022-01-21 09:07:23'),(3936,0,'en','plugins/payment/payment','statuses.pending','Pending','2022-01-21 09:06:59','2022-01-21 09:07:23'),(3937,0,'en','plugins/payment/payment','statuses.completed','Completed','2022-01-21 09:06:59','2022-01-21 09:07:23'),(3938,0,'en','plugins/payment/payment','statuses.refunding','Refunding','2022-01-21 09:06:59','2022-01-21 09:07:23'),(3939,0,'en','plugins/payment/payment','statuses.refunded','Refunded','2022-01-21 09:06:59','2022-01-21 09:07:23'),(3940,0,'en','plugins/payment/payment','statuses.fraud','Fraud','2022-01-21 09:06:59','2022-01-21 09:07:23'),(3941,0,'en','plugins/payment/payment','statuses.failed','Failed','2022-01-21 09:06:59','2022-01-21 09:07:23'),(3942,0,'en','plugins/payment/payment','payment_methods_instruction','Guide customers to pay directly. You can choose to pay by delivery or bank transfer','2022-01-21 09:06:59','2022-01-21 09:07:23'),(3943,0,'en','plugins/payment/payment','payment_method_description','Payment guide - (Displayed on the notice of successful purchase and payment page)','2022-01-21 09:06:59','2022-01-21 09:07:23'),(3944,0,'en','plugins/payment/payment','payment_via_cod','Cash on delivery (COD)','2022-01-21 09:06:59','2022-01-21 09:07:23'),(3945,0,'en','plugins/payment/payment','payment_via_bank_transfer','Bank transfer','2022-01-21 09:06:59','2022-01-21 09:07:23'),(3946,0,'en','plugins/payment/payment','payment_pending','Checkout successfully. Your payment is pending and will be checked by our staff.','2022-01-21 09:06:59','2022-01-21 09:07:23'),(3947,0,'en','plugins/payment/payment','created_at','Created At','2022-01-21 09:06:59','2022-01-21 09:07:23'),(3948,0,'en','plugins/payment/payment','payment_channel','Payment Channel','2022-01-21 09:06:59','2022-01-21 09:07:23'),(3949,0,'en','plugins/payment/payment','total','Total','2022-01-21 09:06:59','2022-01-21 09:07:23'),(3950,0,'en','plugins/payment/payment','status','Status','2022-01-21 09:06:59','2022-01-21 09:07:23'),(3951,0,'en','plugins/payment/payment','default_payment_method','Default payment method','2022-01-21 09:06:59','2022-01-21 09:07:23'),(3952,0,'en','plugins/payment/payment','turn_off_success','Turn off payment method successfully!','2022-01-21 09:06:59','2022-01-21 09:07:23'),(3953,0,'en','plugins/payment/payment','saved_payment_method_success','Saved payment method successfully!','2022-01-21 09:06:59','2022-01-21 09:07:23'),(3954,0,'en','plugins/payment/payment','saved_payment_settings_success','Saved payment settings successfully!','2022-01-21 09:06:59','2022-01-21 09:07:23'),(3955,0,'en','plugins/payment/payment','payment_name','Name','2022-01-21 09:06:59','2022-01-21 09:07:23'),(3956,0,'en','plugins/payment/payment','callback_url','Callback URL','2022-01-21 09:06:59','2022-01-21 09:07:23'),(3957,0,'en','plugins/payment/payment','return_url','Return URL','2022-01-21 09:06:59','2022-01-21 09:07:23'),(3958,0,'en','plugins/payment/payment','payment_not_found','Payment not found!','2022-01-21 09:06:59','2022-01-21 09:07:23'),(3959,0,'en','plugins/payment/payment','refunds.title','Refunds','2022-01-21 09:06:59','2022-01-21 09:07:23'),(3960,0,'en','plugins/payment/payment','refunds.id','ID','2022-01-21 09:06:59','2022-01-21 09:07:23'),(3961,0,'en','plugins/payment/payment','refunds.breakdowns','Breakdowns','2022-01-21 09:06:59','2022-01-21 09:07:23'),(3962,0,'en','plugins/payment/payment','refunds.gross_amount','Gross amount','2022-01-21 09:06:59','2022-01-21 09:07:23'),(3963,0,'en','plugins/payment/payment','refunds.paypal_fee','PayPal fee','2022-01-21 09:06:59','2022-01-21 09:07:23'),(3964,0,'en','plugins/payment/payment','refunds.net_amount','Net amount','2022-01-21 09:06:59','2022-01-21 09:07:23'),(3965,0,'en','plugins/payment/payment','refunds.total_refunded_amount','Total refunded amount','2022-01-21 09:06:59','2022-01-21 09:07:23'),(3966,0,'en','plugins/payment/payment','refunds.create_time','Create time','2022-01-21 09:06:59','2022-01-21 09:07:23'),(3967,0,'en','plugins/payment/payment','refunds.update_time','Update time','2022-01-21 09:06:59','2022-01-21 09:07:23'),(3968,0,'en','plugins/payment/payment','refunds.status','Status','2022-01-21 09:06:59','2022-01-21 09:07:23'),(3969,0,'en','plugins/payment/payment','refunds.description','Description','2022-01-21 09:06:59','2022-01-21 09:07:23'),(3970,0,'en','plugins/payment/payment','refunds.refunded_at','Refunded at','2022-01-21 09:06:59','2022-01-21 09:07:23'),(3971,0,'en','plugins/payment/payment','refunds.error_message','Error message','2022-01-21 09:06:59','2022-01-21 09:07:23'),(3972,0,'en','plugins/payment/payment','view_response_source','View response source','2022-01-21 09:06:59','2022-01-21 09:07:23'),(3973,0,'en','plugins/payment/payment','status_is_not_completed','Status is not COMPLETED','2022-01-21 09:06:59','2022-01-21 09:07:23'),(3974,0,'en','plugins/payment/payment','cannot_found_capture_id','Can not found capture id with payment detail','2022-01-21 09:06:59','2022-01-21 09:07:23'),(3975,0,'en','plugins/payment/payment','amount_refunded','Amount refunded','2022-01-21 09:06:59','2022-01-21 09:07:23'),(3976,0,'en','plugins/payment/payment','amount_remaining','Amount remaining','2022-01-21 09:06:59','2022-01-21 09:07:23'),(3977,0,'en','plugins/payment/payment','paid_at','Paid At','2022-01-21 09:06:59','2022-01-21 09:07:23'),(3978,0,'en','plugins/payment/payment','invalid_settings','Settings for :name are invalid!','2022-01-21 09:06:59','2022-01-21 09:07:23'),(3979,0,'en','plugins/payment/payment','view_transaction','Transaction \":charge_id\"','2022-01-21 09:06:59','2022-01-21 09:07:23'),(3980,0,'en','plugins/payment/payment','payment_description','Pay for your order #:order_id at :site_url','2022-01-21 09:06:59','2022-01-21 09:07:23'),(3981,0,'vi','plugins/payment/payment','payments','Thanh toán','2022-01-21 09:06:59','2022-01-21 09:07:23'),(3982,0,'vi','plugins/payment/payment','checkout_success','Thanh toán thành công!','2022-01-21 09:06:59','2022-01-21 09:07:23'),(3983,0,'vi','plugins/payment/payment','view_payment','Xem thanh toán #','2022-01-21 09:06:59','2022-01-21 09:07:23'),(3984,0,'vi','plugins/payment/payment','charge_id','Mã thanh toán','2022-01-21 09:06:59','2022-01-21 09:07:23'),(3985,0,'vi','plugins/payment/payment','amount','Số tiền','2022-01-21 09:06:59','2022-01-21 09:07:23'),(3986,0,'vi','plugins/payment/payment','currency','Loại tiền tệ','2022-01-21 09:06:59','2022-01-21 09:07:23'),(3987,0,'vi','plugins/payment/payment','user','Người dùng','2022-01-21 09:06:59','2022-01-21 09:07:23'),(3988,0,'vi','plugins/payment/payment','stripe','Stripe','2022-01-21 09:06:59','2022-01-21 09:07:23'),(3989,0,'vi','plugins/payment/payment','paypal','PayPal','2022-01-21 09:06:59','2022-01-21 09:07:23'),(3990,0,'vi','plugins/payment/payment','action','Hành động','2022-01-21 09:06:59','2022-01-21 09:07:23'),(3991,0,'vi','plugins/payment/payment','payment_via_card','Thanh toán qua thẻ','2022-01-21 09:06:59','2022-01-21 09:07:23'),(3992,0,'vi','plugins/payment/payment','card_number','Số thẻ','2022-01-21 09:06:59','2022-01-21 09:07:23'),(3993,0,'vi','plugins/payment/payment','full_name','Họ tên','2022-01-21 09:06:59','2022-01-21 09:07:23'),(3994,0,'vi','plugins/payment/payment','payment_via_paypal','Thanh toán qua PayPal','2022-01-21 09:06:59','2022-01-21 09:07:23'),(3995,0,'vi','plugins/payment/payment','mm_yy','MM/YY','2022-01-21 09:06:59','2022-01-21 09:07:23'),(3996,0,'vi','plugins/payment/payment','cvc','CVC','2022-01-21 09:06:59','2022-01-21 09:07:23'),(3997,0,'vi','plugins/payment/payment','details','Chi tiết','2022-01-21 09:06:59','2022-01-21 09:07:23'),(3998,0,'vi','plugins/payment/payment','payer_name','Tên người mua','2022-01-21 09:06:59','2022-01-21 09:07:23'),(3999,0,'vi','plugins/payment/payment','email','Email','2022-01-21 09:06:59','2022-01-21 09:07:23'),(4000,0,'vi','plugins/payment/payment','phone','Điện thoại','2022-01-21 09:06:59','2022-01-21 09:07:23'),(4001,0,'vi','plugins/payment/payment','country','Quốc gia','2022-01-21 09:06:59','2022-01-21 09:07:23'),(4002,0,'vi','plugins/payment/payment','shipping_address','Địa chỉ giao hàng','2022-01-21 09:06:59','2022-01-21 09:07:23'),(4003,0,'vi','plugins/payment/payment','payment_details','Chi tiết thanh toán','2022-01-21 09:06:59','2022-01-21 09:07:23'),(4004,0,'vi','plugins/payment/payment','card','Thẻ','2022-01-21 09:06:59','2022-01-21 09:07:23'),(4005,0,'vi','plugins/payment/payment','address','Địa chỉ','2022-01-21 09:06:59','2022-01-21 09:07:23'),(4006,0,'vi','plugins/payment/payment','could_not_get_stripe_token','Không thể lấy mã Stripe để thanh toán.','2022-01-21 09:06:59','2022-01-21 09:07:23'),(4007,0,'vi','plugins/payment/payment','payment_id','Mã thanh toán','2022-01-21 09:06:59','2022-01-21 09:07:23'),(4008,0,'vi','plugins/payment/payment','payment_methods','Phương thức thanh toán','2022-01-21 09:06:59','2022-01-21 09:07:23'),(4009,0,'vi','plugins/payment/payment','transactions','Lịch sử giao dịch','2022-01-21 09:06:59','2022-01-21 09:07:23'),(4010,0,'vi','plugins/payment/payment','payment_methods_description','Cài đặt các phương thức thanh toán cho website','2022-01-21 09:06:59','2022-01-21 09:07:23'),(4011,0,'vi','plugins/payment/payment','paypal_description','Khách hàng có thể mua hàng và thanh toán trực tiếp thông qua cổng thanh toán PayPal','2022-01-21 09:06:59','2022-01-21 09:07:23'),(4012,0,'vi','plugins/payment/payment','use','Dùng','2022-01-21 09:06:59','2022-01-21 09:07:23'),(4013,0,'vi','plugins/payment/payment','stripe_description','Khách hàng có thể mua hàng và thanh toán bằng Visa, Credit card thông qua cổng thanh toán Stripe','2022-01-21 09:06:59','2022-01-21 09:07:23'),(4014,0,'vi','plugins/payment/payment','edit','Chỉnh sửa','2022-01-21 09:06:59','2022-01-21 09:07:23'),(4015,0,'vi','plugins/payment/payment','settings','Cài đặt','2022-01-21 09:06:59','2022-01-21 09:07:23'),(4016,0,'vi','plugins/payment/payment','activate','Kích hoạt','2022-01-21 09:06:59','2022-01-21 09:07:23'),(4017,0,'vi','plugins/payment/payment','deactivate','Huỷ kích hoạt','2022-01-21 09:06:59','2022-01-21 09:07:23'),(4018,0,'vi','plugins/payment/payment','update','Cập nhật','2022-01-21 09:06:59','2022-01-21 09:07:23'),(4019,0,'vi','plugins/payment/payment','configuration_instruction','Hướng dẫn cấu hình :name','2022-01-21 09:06:59','2022-01-21 09:07:23'),(4020,0,'vi','plugins/payment/payment','configuration_requirement','Để sử dụng :name bạn cần','2022-01-21 09:06:59','2022-01-21 09:07:23'),(4021,0,'vi','plugins/payment/payment','service_registration','Đăng ký dịch vụ với :name','2022-01-21 09:06:59','2022-01-21 09:07:23'),(4022,0,'vi','plugins/payment/payment','after_service_registration_msg','Sau khi hoàn tất các bước đăng ký tại :name, bạn sẽ có các thông số Client ID, Client Secret','2022-01-21 09:06:59','2022-01-21 09:07:23'),(4023,0,'vi','plugins/payment/payment','enter_client_id_and_secret','Nhập các thông số Client ID, Secret vào ô bên phải','2022-01-21 09:06:59','2022-01-21 09:07:23'),(4024,0,'vi','plugins/payment/payment','method_name','Tên phương thức','2022-01-21 09:06:59','2022-01-21 09:07:23'),(4025,0,'vi','plugins/payment/payment','please_provide_information','Xin vui lòng cung cấp thông tin','2022-01-21 09:06:59','2022-01-21 09:07:23'),(4026,0,'vi','plugins/payment/payment','client_id','Client ID','2022-01-21 09:06:59','2022-01-21 09:07:23'),(4027,0,'vi','plugins/payment/payment','client_secret','Client Secret','2022-01-21 09:06:59','2022-01-21 09:07:23'),(4028,0,'vi','plugins/payment/payment','stripe_key','Stripe Key','2022-01-21 09:06:59','2022-01-21 09:07:23'),(4029,0,'vi','plugins/payment/payment','stripe_secret','Stripe Secret','2022-01-21 09:06:59','2022-01-21 09:07:23'),(4030,0,'vi','plugins/payment/payment','stripe_after_service_registration_msg','After registration at :name, you will have Public, Secret keys','2022-01-21 09:06:59','2022-01-21 09:07:23'),(4031,0,'vi','plugins/payment/payment','stripe_enter_client_id_and_secret','Enter Public, Secret keys into the box in right hand','2022-01-21 09:06:59','2022-01-21 09:07:23'),(4032,0,'vi','plugins/payment/payment','secret','Secret','2022-01-21 09:06:59','2022-01-21 09:07:23'),(4033,0,'vi','plugins/payment/payment','pay_online_via','Thanh toán online qua :name','2022-01-21 09:06:59','2022-01-21 09:07:23'),(4034,0,'vi','plugins/payment/payment','sandbox_mode','Chế độ thử nghiệm','2022-01-21 09:06:59','2022-01-21 09:07:23'),(4035,0,'vi','plugins/payment/payment','deactivate_payment_method','Huỷ kích hoạt phương thức','2022-01-21 09:06:59','2022-01-21 09:07:23'),(4036,0,'vi','plugins/payment/payment','deactivate_payment_method_description','Bạn có chắc chắn muốn huỷ phương thức thành toán này?','2022-01-21 09:06:59','2022-01-21 09:07:23'),(4037,0,'vi','plugins/payment/payment','agree','Đồng ý','2022-01-21 09:06:59','2022-01-21 09:07:23'),(4038,0,'vi','plugins/payment/payment','name','Thanh toán','2022-01-21 09:06:59','2022-01-21 09:07:23'),(4039,0,'vi','plugins/payment/payment','create','Thêm thanh toán mới','2022-01-21 09:06:59','2022-01-21 09:07:23'),(4040,0,'vi','plugins/payment/payment','go_back','Trở lại','2022-01-21 09:06:59','2022-01-21 09:07:23'),(4041,0,'vi','plugins/payment/payment','information','Thông tin','2022-01-21 09:06:59','2022-01-21 09:07:23'),(4042,0,'vi','plugins/payment/payment','methods.paypal','PayPal','2022-01-21 09:06:59','2022-01-21 09:07:23'),(4043,0,'vi','plugins/payment/payment','methods.stripe','Stripe','2022-01-21 09:06:59','2022-01-21 09:07:23'),(4044,0,'vi','plugins/payment/payment','methods.cod','Thanh toán khi giao hàng (COD)','2022-01-21 09:06:59','2022-01-21 09:07:23'),(4045,0,'vi','plugins/payment/payment','methods.bank_transfer','Chuyển khoản qua ngân hàng','2022-01-21 09:06:59','2022-01-21 09:07:23'),(4046,0,'vi','plugins/payment/payment','statuses.pending','Chưa hoàn tất','2022-01-21 09:06:59','2022-01-21 09:07:23'),(4047,0,'vi','plugins/payment/payment','statuses.completed','Đã hoàn thành','2022-01-21 09:06:59','2022-01-21 09:07:23'),(4048,0,'vi','plugins/payment/payment','statuses.refunding','Đang hoàn tiền','2022-01-21 09:06:59','2022-01-21 09:07:23'),(4049,0,'vi','plugins/payment/payment','statuses.refunded','Đã hoàn tiền','2022-01-21 09:06:59','2022-01-21 09:07:23'),(4050,0,'vi','plugins/payment/payment','statuses.fraud','Gian lận','2022-01-21 09:06:59','2022-01-21 09:07:23'),(4051,0,'vi','plugins/payment/payment','statuses.failed','Thất bại','2022-01-21 09:06:59','2022-01-21 09:07:23'),(4052,0,'vi','plugins/payment/payment','payment_methods_instruction','Hướng dẫn khách hàng thanh toán trực tiếp. Có thể chọn thanh toán khi giao hàng hoặc chuyển khoản','2022-01-21 09:06:59','2022-01-21 09:07:23'),(4053,0,'vi','plugins/payment/payment','payment_method_description','Hướng dẫn thanh toán – (Hiển thị ở trang thông báo mua hàng thành công và trang thanh toán)','2022-01-21 09:06:59','2022-01-21 09:07:23'),(4054,0,'vi','plugins/payment/payment','payment_via_cod','Thanh toán khi nhận hàng (COD)','2022-01-21 09:06:59','2022-01-21 09:07:23'),(4055,0,'vi','plugins/payment/payment','payment_via_bank_transfer','Chuyển khoản qua ngân hàng','2022-01-21 09:06:59','2022-01-21 09:07:23'),(4056,0,'vi','plugins/payment/payment','payment_pending','Thực hiện thành công. Thanh toán của bạn đang được xử lý và sẽ được xác nhận bởi nhân viên.','2022-01-21 09:06:59','2022-01-21 09:07:23'),(4057,0,'vi','plugins/payment/payment','created_at','Ngày tạo','2022-01-21 09:06:59','2022-01-21 09:07:23'),(4058,0,'vi','plugins/payment/payment','payment_channel','Phương thức thanh toán','2022-01-21 09:06:59','2022-01-21 09:07:23'),(4059,0,'vi','plugins/payment/payment','total','Tổng cộng','2022-01-21 09:06:59','2022-01-21 09:07:23'),(4060,0,'vi','plugins/payment/payment','status','Trạng thái','2022-01-21 09:06:59','2022-01-21 09:07:23'),(4061,0,'vi','plugins/payment/payment','default_payment_method','Phương thức thanh toán mặc định','2022-01-21 09:06:59','2022-01-21 09:07:23'),(4062,0,'en','plugins/simple-slider/simple-slider','create','New slider','2022-01-21 09:06:59','2022-01-21 09:07:23'),(4063,0,'en','plugins/simple-slider/simple-slider','edit','Edit slider','2022-01-21 09:06:59','2022-01-21 09:07:23'),(4064,0,'en','plugins/simple-slider/simple-slider','menu','Simple sliders','2022-01-21 09:06:59','2022-01-21 09:07:23'),(4065,0,'en','plugins/simple-slider/simple-slider','settings.title','Simple sliders','2022-01-21 09:06:59','2022-01-21 09:07:23'),(4066,0,'en','plugins/simple-slider/simple-slider','settings.description','Settings for Simple sliders','2022-01-21 09:06:59','2022-01-21 09:07:23'),(4067,0,'en','plugins/simple-slider/simple-slider','settings.using_assets','Using default assets?','2022-01-21 09:06:59','2022-01-21 09:07:23'),(4068,0,'en','plugins/simple-slider/simple-slider','settings.using_assets_description','If using assets option is enabled then below scripts will be auto added to front site.','2022-01-21 09:07:00','2022-01-21 09:07:23'),(4069,0,'en','plugins/simple-slider/simple-slider','add_new','Add new','2022-01-21 09:07:00','2022-01-21 09:07:23'),(4070,0,'en','plugins/simple-slider/simple-slider','save_sorting','Save sorting','2022-01-21 09:07:00','2022-01-21 09:07:23'),(4071,0,'en','plugins/simple-slider/simple-slider','key','Key','2022-01-21 09:07:00','2022-01-21 09:07:23'),(4072,0,'en','plugins/simple-slider/simple-slider','slide_items','Slide Items','2022-01-21 09:07:00','2022-01-21 09:07:23'),(4073,0,'en','plugins/simple-slider/simple-slider','update_slide_position_success','Updated slide position successfully!','2022-01-21 09:07:00','2022-01-21 09:07:23'),(4074,0,'en','plugins/simple-slider/simple-slider','create_new_slide','Create a new slide','2022-01-21 09:07:00','2022-01-21 09:07:23'),(4075,0,'en','plugins/simple-slider/simple-slider','edit_slide','Edit slide #:id','2022-01-21 09:07:00','2022-01-21 09:07:23'),(4076,0,'en','plugins/simple-slider/simple-slider','simple_slider_shortcode_name','Simple Slider','2022-01-21 09:07:00','2022-01-21 09:07:23'),(4077,0,'en','plugins/simple-slider/simple-slider','simple_slider_shortcode_description','Add a simple slider','2022-01-21 09:07:00','2022-01-21 09:07:23'),(4078,0,'en','plugins/simple-slider/simple-slider','select_slider','Select a slider','2022-01-21 09:07:00','2022-01-21 09:07:23'),(4079,0,'en','plugins/social-login/social-login','settings.title','Social Login settings','2022-01-21 09:07:00','2022-01-21 09:07:23'),(4080,0,'en','plugins/social-login/social-login','settings.description','Configure social login options','2022-01-21 09:07:00','2022-01-21 09:07:23'),(4081,0,'en','plugins/social-login/social-login','settings.facebook.title','Facebook login settings','2022-01-21 09:07:00','2022-01-21 09:07:23'),(4082,0,'en','plugins/social-login/social-login','settings.facebook.description','Enable/disable & configure app credentials for Facebook login','2022-01-21 09:07:00','2022-01-21 09:07:23'),(4083,0,'en','plugins/social-login/social-login','settings.facebook.app_id','App ID','2022-01-21 09:07:00','2022-01-21 09:07:23'),(4084,0,'en','plugins/social-login/social-login','settings.facebook.app_secret','App Secret','2022-01-21 09:07:00','2022-01-21 09:07:23'),(4085,0,'en','plugins/social-login/social-login','settings.facebook.helper','Please go to https://developers.facebook.com to create new app update App ID, App Secret. Callback URL is :callback','2022-01-21 09:07:00','2022-01-21 09:07:23'),(4086,0,'en','plugins/social-login/social-login','settings.google.title','Google login settings','2022-01-21 09:07:00','2022-01-21 09:07:23'),(4087,0,'en','plugins/social-login/social-login','settings.google.description','Enable/disable & configure app credentials for Google login','2022-01-21 09:07:00','2022-01-21 09:07:23'),(4088,0,'en','plugins/social-login/social-login','settings.google.app_id','App ID','2022-01-21 09:07:00','2022-01-21 09:07:23'),(4089,0,'en','plugins/social-login/social-login','settings.google.app_secret','App Secret','2022-01-21 09:07:00','2022-01-21 09:07:23'),(4090,0,'en','plugins/social-login/social-login','settings.google.helper','Please go to https://console.developers.google.com/apis/dashboard to create new app update App ID, App Secret. Callback URL is :callback','2022-01-21 09:07:00','2022-01-21 09:07:23'),(4091,0,'en','plugins/social-login/social-login','settings.github.title','Github login settings','2022-01-21 09:07:00','2022-01-21 09:07:23'),(4092,0,'en','plugins/social-login/social-login','settings.github.description','Enable/disable & configure app credentials for Github login','2022-01-21 09:07:00','2022-01-21 09:07:23'),(4093,0,'en','plugins/social-login/social-login','settings.github.app_id','App ID','2022-01-21 09:07:00','2022-01-21 09:07:23'),(4094,0,'en','plugins/social-login/social-login','settings.github.app_secret','App Secret','2022-01-21 09:07:00','2022-01-21 09:07:23'),(4095,0,'en','plugins/social-login/social-login','settings.github.helper','Please go to https://github.com/settings/developers to create new app update App ID, App Secret. Callback URL is :callback','2022-01-21 09:07:00','2022-01-21 09:07:23'),(4096,0,'en','plugins/social-login/social-login','settings.linkedin.title','Linkedin login settings','2022-01-21 09:07:00','2022-01-21 09:07:23'),(4097,0,'en','plugins/social-login/social-login','settings.linkedin.description','Enable/disable & configure app credentials for Linkedin login','2022-01-21 09:07:00','2022-01-21 09:07:23'),(4098,0,'en','plugins/social-login/social-login','settings.linkedin.app_id','App ID','2022-01-21 09:07:00','2022-01-21 09:07:23'),(4099,0,'en','plugins/social-login/social-login','settings.linkedin.app_secret','App Secret','2022-01-21 09:07:00','2022-01-21 09:07:23'),(4100,0,'en','plugins/social-login/social-login','settings.linkedin.helper','Please go to https://www.linkedin.com/developers/apps/new to create new app update App ID, App Secret. Callback URL is :callback','2022-01-21 09:07:00','2022-01-21 09:07:23'),(4101,0,'en','plugins/social-login/social-login','settings.enable','Enable?','2022-01-21 09:07:00','2022-01-21 09:07:23'),(4102,0,'en','plugins/social-login/social-login','menu','Social Login','2022-01-21 09:07:00','2022-01-21 09:07:23'),(4103,0,'en','plugins/translation/translation','translations','Translations','2022-01-21 09:07:00','2022-01-21 09:07:23'),(4104,0,'en','plugins/translation/translation','translations_description','Translate all words in system.','2022-01-21 09:07:00','2022-01-21 09:07:23'),(4105,0,'en','plugins/translation/translation','export_warning','Warning, translations are not visible until they are exported back to the resources/lang file, using \'php artisan cms:translations:export\' command or publish button.','2022-01-21 09:07:00','2022-01-21 09:07:23'),(4106,0,'en','plugins/translation/translation','import_done','Done importing, processed :counter items! Reload this page to refresh the groups!','2022-01-21 09:07:00','2022-01-21 09:07:23'),(4107,0,'en','plugins/translation/translation','translation_manager','Translations Manager','2022-01-21 09:07:00','2022-01-21 09:07:23'),(4108,0,'en','plugins/translation/translation','done_publishing','Done publishing the translations for group','2022-01-21 09:07:00','2022-01-21 09:07:23'),(4109,0,'en','plugins/translation/translation','append_translation','Append new translations','2022-01-21 09:07:00','2022-01-21 09:07:23'),(4110,0,'en','plugins/translation/translation','replace_translation','Replace existing translations','2022-01-21 09:07:00','2022-01-21 09:07:23'),(4111,0,'en','plugins/translation/translation','import_group','Import group','2022-01-21 09:07:00','2022-01-21 09:07:23'),(4112,0,'en','plugins/translation/translation','confirm_publish_group','Are you sure you want to publish the translations group \":group\"? This will overwrite existing language files.','2022-01-21 09:07:00','2022-01-21 09:07:23'),(4113,0,'en','plugins/translation/translation','publish_translations','Publish translations','2022-01-21 09:07:00','2022-01-21 09:07:23'),(4114,0,'en','plugins/translation/translation','back','Back','2022-01-21 09:07:00','2022-01-21 09:07:23'),(4115,0,'en','plugins/translation/translation','edit_title','Enter translation','2022-01-21 09:07:00','2022-01-21 09:07:23'),(4116,0,'en','plugins/translation/translation','choose_group_msg','Choose a group to display the group translations. If no groups are visible, make sure you have imported the translations.','2022-01-21 09:07:00','2022-01-21 09:07:23'),(4117,0,'en','plugins/translation/translation','choose_a_group','Choose a group','2022-01-21 09:07:00','2022-01-21 09:07:23'),(4118,0,'en','plugins/translation/translation','locales','Locales','2022-01-21 09:07:00','2022-01-21 09:07:23'),(4119,0,'en','plugins/translation/translation','theme-translations','Theme translations','2022-01-21 09:07:00','2022-01-21 09:07:23'),(4120,0,'en','plugins/translation/translation','admin-translations','Other translations','2022-01-21 09:07:00','2022-01-21 09:07:23'),(4121,0,'en','plugins/translation/translation','translate_from','Translate from','2022-01-21 09:07:00','2022-01-21 09:07:23'),(4122,0,'en','plugins/translation/translation','to','to','2022-01-21 09:07:00','2022-01-21 09:07:23'),(4123,0,'en','plugins/translation/translation','no_other_languages','No other language to translate!','2022-01-21 09:07:00','2022-01-21 09:07:23'),(4124,0,'en','plugins/translation/translation','edit','Edit','2022-01-21 09:07:00','2022-01-21 09:07:23'),(4125,0,'en','plugins/translation/translation','locale','Locale','2022-01-21 09:07:00','2022-01-21 09:07:23'),(4126,0,'en','plugins/translation/translation','locale_placeholder','Ex: en','2022-01-21 09:07:00','2022-01-21 09:07:23'),(4127,0,'en','plugins/translation/translation','name','Name','2022-01-21 09:07:00','2022-01-21 09:07:23'),(4128,0,'en','plugins/translation/translation','default_locale','Default locale?','2022-01-21 09:07:00','2022-01-21 09:07:23'),(4129,0,'en','plugins/translation/translation','actions','Actions','2022-01-21 09:07:00','2022-01-21 09:07:23'),(4130,0,'en','plugins/translation/translation','choose_language','Choose language','2022-01-21 09:07:00','2022-01-21 09:07:23'),(4131,0,'en','plugins/translation/translation','add_new_language','Add new language','2022-01-21 09:07:00','2022-01-21 09:07:23'),(4132,0,'en','plugins/translation/translation','select_language','Select language','2022-01-21 09:07:00','2022-01-21 09:07:23'),(4133,0,'en','plugins/translation/translation','flag','Flag','2022-01-21 09:07:00','2022-01-21 09:07:23'),(4134,0,'en','plugins/translation/translation','folder_is_not_writeable','Cannot write files! Folder /resources/lang is not writable. Please chmod to make it writable!','2022-01-21 09:07:00','2022-01-21 09:07:23'),(4135,0,'en','plugins/translation/translation','delete','Delete','2022-01-21 09:07:00','2022-01-21 09:07:23'),(4136,0,'en','plugins/translation/translation','confirm_delete_message','Do you really want to delete this locale? It will delete all files/folders for this local in /resources/lang!','2022-01-21 09:07:00','2022-01-21 09:07:23'),(4137,0,'en','plugins/translation/translation','download','Download','2022-01-21 09:07:00','2022-01-21 09:07:23'),(4138,0,'en','plugins/translation/translation','select_locale','Select locale','2022-01-21 09:07:00','2022-01-21 09:07:23'),(4139,0,'en','plugins/translation/translation','theme_translations_instruction','Click on text to translate. Do NOT translate variables, Eg. :username, :query, :link...','2022-01-21 09:07:00','2022-01-21 09:07:23'),(4140,0,'vi','auth','failed','Không tìm thấy thông tin đăng nhập hợp lệ.','2022-01-21 09:07:00','2022-01-21 09:07:19'),(4141,0,'vi','auth','throttle','Đăng nhập không đúng quá nhiều lần. Vui lòng thử lại sau :seconds giây.','2022-01-21 09:07:00','2022-01-21 09:07:19'),(4142,0,'vi','auth','password','Mật khẩu không chính xác','2022-01-21 09:07:00','2022-01-21 09:07:19'),(4143,0,'vi','pagination','previous','&laquo; Trước','2022-01-21 09:07:00','2022-01-21 09:07:19'),(4144,0,'vi','pagination','next','Sau &raquo;','2022-01-21 09:07:00','2022-01-21 09:07:19'),(4145,0,'vi','passwords','reset','Mật khẩu đã được cập nhật!','2022-01-21 09:07:00','2022-01-21 09:07:19'),(4146,0,'vi','passwords','sent','Chúng tôi đã gửi cho bạn đường dẫn thay đổi mật khẩu!','2022-01-21 09:07:00','2022-01-21 09:07:19'),(4147,0,'vi','passwords','token','Mã xác nhận mật khẩu không hợp lệ.','2022-01-21 09:07:00','2022-01-21 09:07:19'),(4148,0,'vi','passwords','user','Không tìm thấy thành viên với địa chỉ email này.','2022-01-21 09:07:00','2022-01-21 09:07:19'),(4149,0,'vi','validation','accepted','Trường :attribute phải được chấp nhận.','2022-01-21 09:07:00','2022-01-21 09:07:19'),(4150,0,'vi','validation','active_url','Trường :attribute không phải là một URL hợp lệ.','2022-01-21 09:07:00','2022-01-21 09:07:19'),(4151,0,'vi','validation','after','Trường :attribute phải là một ngày sau ngày :date.','2022-01-21 09:07:00','2022-01-21 09:07:19'),(4152,0,'vi','validation','after_or_equal','Trường :attribute phải là thời gian bắt đầu sau hoặc đúng bằng :date.','2022-01-21 09:07:00','2022-01-21 09:07:19'),(4153,0,'vi','validation','alpha','Trường :attribute chỉ có thể chứa các chữ cái.','2022-01-21 09:07:00','2022-01-21 09:07:19'),(4154,0,'vi','validation','alpha_dash','Trường :attribute chỉ có thể chứa chữ cái, số và dấu gạch ngang.','2022-01-21 09:07:00','2022-01-21 09:07:19'),(4155,0,'vi','validation','alpha_num','Trường :attribute chỉ có thể chứa chữ cái và số.','2022-01-21 09:07:00','2022-01-21 09:07:19'),(4156,0,'vi','validation','array','Trường :attribute phải là dạng mảng.','2022-01-21 09:07:00','2022-01-21 09:07:19'),(4157,0,'vi','validation','before','Trường :attribute phải là một ngày trước ngày :date.','2022-01-21 09:07:00','2022-01-21 09:07:19'),(4158,0,'vi','validation','before_or_equal','Trường :attribute phải là thời gian bắt đầu trước hoặc đúng bằng :date.','2022-01-21 09:07:00','2022-01-21 09:07:19'),(4159,0,'vi','validation','between.array','Trường :attribute phải có từ :min - :max phần tử.','2022-01-21 09:07:00','2022-01-21 09:07:19'),(4160,0,'vi','validation','between.file','Dung lượng tập tin trong trường :attribute phải từ :min - :max kB.','2022-01-21 09:07:00','2022-01-21 09:07:19'),(4161,0,'vi','validation','between.numeric','Trường :attribute phải nằm trong khoảng :min - :max.','2022-01-21 09:07:00','2022-01-21 09:07:19'),(4162,0,'vi','validation','between.string','Trường :attribute phải từ :min - :max kí tự.','2022-01-21 09:07:00','2022-01-21 09:07:19'),(4163,0,'vi','validation','boolean','Trường :attribute phải là true hoặc false.','2022-01-21 09:07:00','2022-01-21 09:07:19'),(4164,0,'vi','validation','confirmed','Giá trị xác nhận trong trường :attribute không khớp.','2022-01-21 09:07:00','2022-01-21 09:07:19'),(4165,0,'vi','validation','date','Trường :attribute không phải là định dạng của ngày-tháng.','2022-01-21 09:07:00','2022-01-21 09:07:19'),(4166,0,'vi','validation','date_equals','Trường :attribute phải là một ngày bằng với :date.','2022-01-21 09:07:00','2022-01-21 09:07:19'),(4167,0,'vi','validation','date_format','Trường :attribute không giống với định dạng :format.','2022-01-21 09:07:00','2022-01-21 09:07:19'),(4168,0,'vi','validation','different','Trường :attribute và :other phải khác nhau.','2022-01-21 09:07:00','2022-01-21 09:07:19'),(4169,0,'vi','validation','digits','Độ dài của trường :attribute phải gồm :digits chữ số.','2022-01-21 09:07:00','2022-01-21 09:07:19'),(4170,0,'vi','validation','digits_between','Độ dài của trường :attribute phải nằm trong khoảng :min and :max chữ số.','2022-01-21 09:07:00','2022-01-21 09:07:19'),(4171,0,'vi','validation','dimensions','Trường :attribute có kích thước không hợp lệ.','2022-01-21 09:07:00','2022-01-21 09:07:19'),(4172,0,'vi','validation','distinct','Trường :attribute có giá trị trùng lặp.','2022-01-21 09:07:00','2022-01-21 09:07:19'),(4173,0,'vi','validation','email','Trường :attribute phải là một địa chỉ email hợp lệ.','2022-01-21 09:07:00','2022-01-21 09:07:19'),(4174,0,'vi','validation','ends_with','Trường :attribute phải kết thúc bằng một trong những giá trị sau: :values','2022-01-21 09:07:00','2022-01-21 09:07:19'),(4175,0,'vi','validation','exists','Giá trị đã chọn trong trường :attribute không hợp lệ.','2022-01-21 09:07:00','2022-01-21 09:07:19'),(4176,0,'vi','validation','file','Trường :attribute phải là một tệp tin.','2022-01-21 09:07:00','2022-01-21 09:07:19'),(4177,0,'vi','validation','filled','Trường :attribute không được bỏ trống.','2022-01-21 09:07:00','2022-01-21 09:07:19'),(4178,0,'vi','validation','gt.array','Mảng :attribute phải có nhiều hơn :value phần tử.','2022-01-21 09:07:00','2022-01-21 09:07:19'),(4179,0,'vi','validation','gt.file','Dung lượng trường :attribute phải lớn hơn :value kilobytes.','2022-01-21 09:07:00','2022-01-21 09:07:19'),(4180,0,'vi','validation','gt.numeric','Giá trị trường :attribute phải lớn hơn :value.','2022-01-21 09:07:00','2022-01-21 09:07:19'),(4181,0,'vi','validation','gt.string','Độ dài trường :attribute phải nhiều hơn :value kí tự.','2022-01-21 09:07:00','2022-01-21 09:07:19'),(4182,0,'vi','validation','gte.array','Mảng :attribute phải có ít nhất :value phần tử.','2022-01-21 09:07:00','2022-01-21 09:07:19'),(4183,0,'vi','validation','gte.file','Dung lượng trường :attribute phải lớn hơn hoặc bằng :value kilobytes.','2022-01-21 09:07:00','2022-01-21 09:07:19'),(4184,0,'vi','validation','gte.numeric','Giá trị trường :attribute phải lớn hơn hoặc bằng :value.','2022-01-21 09:07:00','2022-01-21 09:07:19'),(4185,0,'vi','validation','gte.string','Độ dài trường :attribute phải lớn hơn hoặc bằng :value kí tự.','2022-01-21 09:07:00','2022-01-21 09:07:19'),(4186,0,'vi','validation','image','Trường :attribute phải là định dạng hình ảnh.','2022-01-21 09:07:00','2022-01-21 09:07:19'),(4187,0,'vi','validation','in','Giá trị đã chọn trong trường :attribute không hợp lệ.','2022-01-21 09:07:00','2022-01-21 09:07:19'),(4188,0,'vi','validation','in_array','Trường :attribute phải thuộc tập cho phép: :other.','2022-01-21 09:07:00','2022-01-21 09:07:19'),(4189,0,'vi','validation','integer','Trường :attribute phải là một số nguyên.','2022-01-21 09:07:00','2022-01-21 09:07:19'),(4190,0,'vi','validation','ip','Trường :attribute phải là một địa chỉ IP.','2022-01-21 09:07:00','2022-01-21 09:07:19'),(4191,0,'vi','validation','ipv4','Trường :attribute phải là một địa chỉ IPv4.','2022-01-21 09:07:00','2022-01-21 09:07:19'),(4192,0,'vi','validation','ipv6','Trường :attribute phải là một địa chỉ IPv6.','2022-01-21 09:07:00','2022-01-21 09:07:19'),(4193,0,'vi','validation','json','Trường :attribute phải là một chuỗi JSON.','2022-01-21 09:07:00','2022-01-21 09:07:19'),(4194,0,'vi','validation','lt.array','Mảng :attribute phải có ít hơn :value phần tử.','2022-01-21 09:07:00','2022-01-21 09:07:19'),(4195,0,'vi','validation','lt.file','Dung lượng trường :attribute phải nhỏ hơn :value kilobytes.','2022-01-21 09:07:00','2022-01-21 09:07:19'),(4196,0,'vi','validation','lt.numeric','Giá trị trường :attribute phải nhỏ hơn :value.','2022-01-21 09:07:00','2022-01-21 09:07:19'),(4197,0,'vi','validation','lt.string','Độ dài trường :attribute phải nhỏ hơn :value kí tự.','2022-01-21 09:07:00','2022-01-21 09:07:19'),(4198,0,'vi','validation','lte.array','Mảng :attribute không được có nhiều hơn :value phần tử.','2022-01-21 09:07:00','2022-01-21 09:07:19'),(4199,0,'vi','validation','lte.file','Dung lượng trường :attribute phải nhỏ hơn hoặc bằng :value kilobytes.','2022-01-21 09:07:00','2022-01-21 09:07:19'),(4200,0,'vi','validation','lte.numeric','Giá trị trường :attribute phải nhỏ hơn hoặc bằng :value.','2022-01-21 09:07:00','2022-01-21 09:07:19'),(4201,0,'vi','validation','lte.string','Độ dài trường :attribute phải nhỏ hơn hoặc bằng :value kí tự.','2022-01-21 09:07:00','2022-01-21 09:07:19'),(4202,0,'vi','validation','max.array','Trường :attribute không được lớn hơn :max phần tử.','2022-01-21 09:07:00','2022-01-21 09:07:19'),(4203,0,'vi','validation','max.file','Dung lượng tập tin trong trường :attribute không được lớn hơn :max kB.','2022-01-21 09:07:00','2022-01-21 09:07:19'),(4204,0,'vi','validation','max.numeric','Trường :attribute không được lớn hơn :max.','2022-01-21 09:07:00','2022-01-21 09:07:19'),(4205,0,'vi','validation','max.string','Trường :attribute không được lớn hơn :max kí tự.','2022-01-21 09:07:00','2022-01-21 09:07:19'),(4206,0,'vi','validation','mimes','Trường :attribute phải là một tập tin có định dạng: :values.','2022-01-21 09:07:00','2022-01-21 09:07:19'),(4207,0,'vi','validation','mimetypes','Trường :attribute phải là một tập tin có định dạng: :values.','2022-01-21 09:07:00','2022-01-21 09:07:19'),(4208,0,'vi','validation','min.array','Trường :attribute phải có tối thiểu :min phần tử.','2022-01-21 09:07:00','2022-01-21 09:07:19'),(4209,0,'vi','validation','min.file','Dung lượng tập tin trong trường :attribute phải tối thiểu :min kB.','2022-01-21 09:07:00','2022-01-21 09:07:19'),(4210,0,'vi','validation','min.numeric','Trường :attribute phải tối thiểu là :min.','2022-01-21 09:07:00','2022-01-21 09:07:19'),(4211,0,'vi','validation','min.string','Trường :attribute phải có tối thiểu :min kí tự.','2022-01-21 09:07:00','2022-01-21 09:07:19'),(4212,0,'vi','validation','multiple_of','Trường :attribute phải là bội số của :value','2022-01-21 09:07:00','2022-01-21 09:07:19'),(4213,0,'vi','validation','not_in','Giá trị đã chọn trong trường :attribute không hợp lệ.','2022-01-21 09:07:00','2022-01-21 09:07:19'),(4214,0,'vi','validation','not_regex','Trường :attribute có định dạng không hợp lệ.','2022-01-21 09:07:00','2022-01-21 09:07:19'),(4215,0,'vi','validation','numeric','Trường :attribute phải là một số.','2022-01-21 09:07:00','2022-01-21 09:07:19'),(4216,0,'vi','validation','password','Mật khẩu không đúng.','2022-01-21 09:07:00','2022-01-21 09:07:19'),(4217,0,'vi','validation','present','Trường :attribute phải được cung cấp.','2022-01-21 09:07:00','2022-01-21 09:07:19'),(4218,0,'vi','validation','prohibited','Trường :attribute bị cấm.','2022-01-21 09:07:00','2022-01-21 09:07:19'),(4219,0,'vi','validation','prohibited_if','Trường :attribute bị cấm khi :other là :value.','2022-01-21 09:07:00','2022-01-21 09:07:19'),(4220,0,'vi','validation','prohibited_unless','Trường :attribute bị cấm trừ khi :other là một trong :values.','2022-01-21 09:07:00','2022-01-21 09:07:19'),(4221,0,'vi','validation','regex','Trường :attribute có định dạng không hợp lệ.','2022-01-21 09:07:00','2022-01-21 09:07:19'),(4222,0,'vi','validation','required','Trường :attribute không được bỏ trống.','2022-01-21 09:07:00','2022-01-21 09:07:19'),(4223,0,'vi','validation','required_if','Trường :attribute không được bỏ trống khi trường :other là :value.','2022-01-21 09:07:00','2022-01-21 09:07:19'),(4224,0,'vi','validation','required_unless','Trường :attribute không được bỏ trống trừ khi :other là :values.','2022-01-21 09:07:00','2022-01-21 09:07:19'),(4225,0,'vi','validation','required_with','Trường :attribute không được bỏ trống khi một trong :values có giá trị.','2022-01-21 09:07:00','2022-01-21 09:07:19'),(4226,0,'vi','validation','required_with_all','Trường :attribute không được bỏ trống khi tất cả :values có giá trị.','2022-01-21 09:07:00','2022-01-21 09:07:19'),(4227,0,'vi','validation','required_without','Trường :attribute không được bỏ trống khi một trong :values không có giá trị.','2022-01-21 09:07:00','2022-01-21 09:07:19'),(4228,0,'vi','validation','required_without_all','Trường :attribute không được bỏ trống khi tất cả :values không có giá trị.','2022-01-21 09:07:00','2022-01-21 09:07:19'),(4229,0,'vi','validation','same','Trường :attribute và :other phải giống nhau.','2022-01-21 09:07:00','2022-01-21 09:07:19'),(4230,0,'vi','validation','size.array','Trường :attribute phải chứa :size phần tử.','2022-01-21 09:07:00','2022-01-21 09:07:19'),(4231,0,'vi','validation','size.file','Dung lượng tập tin trong trường :attribute phải bằng :size kB.','2022-01-21 09:07:00','2022-01-21 09:07:19'),(4232,0,'vi','validation','size.numeric','Trường :attribute phải bằng :size.','2022-01-21 09:07:00','2022-01-21 09:07:19'),(4233,0,'vi','validation','size.string','Trường :attribute phải chứa :size kí tự.','2022-01-21 09:07:00','2022-01-21 09:07:19'),(4234,0,'vi','validation','starts_with','Trường :attribute phải được bắt đầu bằng một trong những giá trị sau: :values','2022-01-21 09:07:00','2022-01-21 09:07:19'),(4235,0,'vi','validation','string','Trường :attribute phải là một chuỗi kí tự.','2022-01-21 09:07:00','2022-01-21 09:07:19'),(4236,0,'vi','validation','timezone','Trường :attribute phải là một múi giờ hợp lệ.','2022-01-21 09:07:00','2022-01-21 09:07:19'),(4237,0,'vi','validation','unique','Trường :attribute đã có trong cơ sở dữ liệu.','2022-01-21 09:07:00','2022-01-21 09:07:19'),(4238,0,'vi','validation','uploaded','Trường :attribute tải lên thất bại.','2022-01-21 09:07:01','2022-01-21 09:07:19'),(4239,0,'vi','validation','url','Trường :attribute không giống với định dạng một URL.','2022-01-21 09:07:01','2022-01-21 09:07:19'),(4240,0,'vi','validation','uuid','Trường :attribute phải là một chuỗi UUID hợp lệ.','2022-01-21 09:07:01','2022-01-21 09:07:19'),(4241,0,'vi','validation','custom.attribute-name.rule-name','custom-message','2022-01-21 09:07:01','2022-01-21 09:07:19');
/*!40000 ALTER TABLE `translations` ENABLE KEYS */;
UNLOCK TABLES;

--
-- Table structure for table `user_meta`
--

DROP TABLE IF EXISTS `user_meta`;
/*!40101 SET @saved_cs_client     = @@character_set_client */;
/*!40101 SET character_set_client = utf8 */;
CREATE TABLE `user_meta` (
  `id` bigint(20) unsigned NOT NULL AUTO_INCREMENT,
  `key` varchar(191) COLLATE utf8mb4_unicode_ci DEFAULT NULL,
  `value` varchar(191) COLLATE utf8mb4_unicode_ci DEFAULT NULL,
  `user_id` int(10) unsigned NOT NULL,
  `created_at` timestamp NULL DEFAULT NULL,
  `updated_at` timestamp NULL DEFAULT NULL,
  PRIMARY KEY (`id`),
  KEY `user_meta_user_id_index` (`user_id`)
) ENGINE=InnoDB DEFAULT CHARSET=utf8mb4 COLLATE=utf8mb4_unicode_ci;
/*!40101 SET character_set_client = @saved_cs_client */;

--
-- Dumping data for table `user_meta`
--

LOCK TABLES `user_meta` WRITE;
/*!40000 ALTER TABLE `user_meta` DISABLE KEYS */;
/*!40000 ALTER TABLE `user_meta` ENABLE KEYS */;
UNLOCK TABLES;

--
-- Table structure for table `users`
--

DROP TABLE IF EXISTS `users`;
/*!40101 SET @saved_cs_client     = @@character_set_client */;
/*!40101 SET character_set_client = utf8 */;
CREATE TABLE `users` (
  `id` bigint(20) unsigned NOT NULL AUTO_INCREMENT,
  `email` varchar(191) COLLATE utf8mb4_unicode_ci NOT NULL,
  `email_verified_at` timestamp NULL DEFAULT NULL,
  `password` varchar(191) COLLATE utf8mb4_unicode_ci DEFAULT NULL,
  `remember_token` varchar(100) COLLATE utf8mb4_unicode_ci DEFAULT NULL,
  `created_at` timestamp NULL DEFAULT NULL,
  `updated_at` timestamp NULL DEFAULT NULL,
  `first_name` varchar(191) COLLATE utf8mb4_unicode_ci DEFAULT NULL,
  `last_name` varchar(191) COLLATE utf8mb4_unicode_ci DEFAULT NULL,
  `username` varchar(60) COLLATE utf8mb4_unicode_ci DEFAULT NULL,
  `avatar_id` int(10) unsigned DEFAULT NULL,
  `super_user` tinyint(1) NOT NULL DEFAULT 0,
  `manage_supers` tinyint(1) NOT NULL DEFAULT 0,
  `permissions` text COLLATE utf8mb4_unicode_ci DEFAULT NULL,
  `last_login` timestamp NULL DEFAULT NULL,
  PRIMARY KEY (`id`),
  UNIQUE KEY `users_email_unique` (`email`),
  UNIQUE KEY `users_username_unique` (`username`)
) ENGINE=InnoDB AUTO_INCREMENT=2 DEFAULT CHARSET=utf8mb4 COLLATE=utf8mb4_unicode_ci;
/*!40101 SET character_set_client = @saved_cs_client */;

--
-- Dumping data for table `users`
--

LOCK TABLES `users` WRITE;
/*!40000 ALTER TABLE `users` DISABLE KEYS */;
INSERT INTO `users` VALUES (1,'admin@botble.com',NULL,'$2y$10$CNaORGDMlaI2QERvlS9yo.J.Ab7szO2eerNV5zz/auUx.6vXvbJWW',NULL,'2022-01-04 21:14:43','2022-01-04 21:14:43','System','Admin','botble',NULL,1,1,NULL,NULL);
/*!40000 ALTER TABLE `users` ENABLE KEYS */;
UNLOCK TABLES;

--
-- Table structure for table `widgets`
--

DROP TABLE IF EXISTS `widgets`;
/*!40101 SET @saved_cs_client     = @@character_set_client */;
/*!40101 SET character_set_client = utf8 */;
CREATE TABLE `widgets` (
  `id` bigint(20) unsigned NOT NULL AUTO_INCREMENT,
  `widget_id` varchar(120) COLLATE utf8mb4_unicode_ci NOT NULL,
  `sidebar_id` varchar(120) COLLATE utf8mb4_unicode_ci NOT NULL,
  `theme` varchar(120) COLLATE utf8mb4_unicode_ci NOT NULL,
  `position` tinyint(3) unsigned NOT NULL DEFAULT 0,
  `data` text COLLATE utf8mb4_unicode_ci DEFAULT NULL,
  `created_at` timestamp NULL DEFAULT NULL,
  `updated_at` timestamp NULL DEFAULT NULL,
  PRIMARY KEY (`id`)
) ENGINE=InnoDB AUTO_INCREMENT=31 DEFAULT CHARSET=utf8mb4 COLLATE=utf8mb4_unicode_ci;
/*!40101 SET character_set_client = @saved_cs_client */;

--
-- Dumping data for table `widgets`
--

LOCK TABLES `widgets` WRITE;
/*!40000 ALTER TABLE `widgets` DISABLE KEYS */;
INSERT INTO `widgets` VALUES (1,'SiteInfoWidget','footer_sidebar','nest',0,'{\"id\":\"SiteInfoWidget\",\"name\":\"Site information\",\"about\":\"Awesome grocery store website template\",\"phone\":\"(+91) - 540-025-124553\",\"address\":\"5171 W Campbell Ave undefined Kent, Utah 53127 United States\",\"email\":\"sale@Nest.com\",\"working_hours\":\"10:00 - 18:00, Mon - Sat\"}','2022-01-04 21:14:48','2022-01-04 21:14:48'),(2,'CustomMenuWidget','footer_sidebar','nest',1,'{\"id\":\"CustomMenuWidget\",\"name\":\"Company\",\"menu_id\":\"company\"}','2022-01-04 21:14:48','2022-01-04 21:14:48'),(3,'CustomMenuWidget','footer_sidebar','nest',2,'{\"id\":\"CustomMenuWidget\",\"name\":\"Categories\",\"menu_id\":\"product-categories\"}','2022-01-04 21:14:48','2022-01-04 21:14:48'),(4,'CustomMenuWidget','footer_sidebar','nest',3,'{\"id\":\"CustomMenuWidget\",\"name\":\"Information\",\"menu_id\":\"information\"}','2022-01-04 21:14:48','2022-01-04 21:14:48'),(5,'InstallAppWidget','footer_sidebar','nest',3,'{\"id\":\"InstallAppWidget\",\"name\":\"Install App\",\"apps_description\":\"From App Store or Google Play\",\"ios_app_url\":\"#\",\"ios_app_image\":\"general\\/app-store.jpg\",\"android_app_url\":\"#\",\"android_app_image\":\"general\\/google-play.jpg\",\"payment_gateway_description\":\"Secured Payment Gateways\",\"payment_gateway_image\":\"general\\/payment-method.png\"}','2022-01-04 21:14:48','2022-01-04 21:14:48'),(6,'BlogSearchWidget','primary_sidebar','nest',0,'{\"id\":\"BlogSearchWidget\",\"name\":\"Search\"}','2022-01-04 21:14:48','2022-01-04 21:14:48'),(7,'ProductCategoriesWidget','primary_sidebar','nest',1,'{\"id\":\"ProductCategoriesWidget\",\"name\":\"Categories\"}','2022-01-04 21:14:48','2022-01-04 21:14:48'),(8,'TrendingProductsWidget','primary_sidebar','nest',2,'{\"id\":\"TrendingProductsWidget\",\"name\":\"Trending Now\",\"number_display\":4}','2022-01-04 21:14:48','2022-01-04 21:14:48'),(9,'GalleryWidget','primary_sidebar','nest',3,'{\"id\":\"GalleryWidget\",\"name\":\"Gallery\",\"slider_key\":\"slider-blog-1\"}','2022-01-04 21:14:48','2022-01-04 21:14:48'),(10,'TagsWidget','primary_sidebar','nest',4,'{\"id\":\"TagsWidget\",\"name\":\"Popular Tags\"}','2022-01-04 21:14:48','2022-01-04 21:14:48'),(11,'AdsWidget','primary_sidebar','nest',5,'{\"id\":\"AdsWidget\",\"name\":\"Oganic\",\"ads_key\":\"IZ6WU8KUALYI\"}','2022-01-04 21:14:48','2022-01-04 21:14:48'),(12,'ProductCategoriesWidget','product_sidebar','nest',1,'{\"id\":\"ProductCategoriesWidget\",\"name\":\"Categories\"}','2022-01-04 21:14:48','2022-01-04 21:14:48'),(13,'PriceFilterWidget','product_sidebar','nest',2,'{\"id\":\"PriceFilterWidget\",\"name\":\"Filter by price\"}','2022-01-04 21:14:48','2022-01-04 21:14:48'),(14,'NewProductsWidget','product_sidebar','nest',3,'{\"id\":\"NewProductsWidget\",\"name\":\"New products\"}','2022-01-04 21:14:48','2022-01-04 21:14:48'),(15,'AdsWidget','product_sidebar','nest',4,'{\"id\":\"AdsWidget\",\"name\":\"Oganic\",\"ads_key\":\"IZ6WU8KUALYI\"}','2022-01-04 21:14:48','2022-01-04 21:14:48'),(16,'NewsletterWidget','pre_footer_sidebar','nest',0,'{\"id\":\"NewsletterWidget\",\"title\":\"Stay home & get your daily <br \\/>needs from our shop\",\"subtitle\":\"Start Your Daily Shopping with <span>Nest Mart<\\/span>\",\"image\":\"general\\/newsletter-image.png\",\"background_image\":\"general\\/newsletter-background-image.png\"}','2022-01-04 21:14:48','2022-01-04 21:14:48'),(17,'SiteFeaturesWidget','pre_footer_sidebar','nest',1,'{\"id\":\"SiteFeaturesWidget\",\"title\":\"Site Features\",\"data\":{\"1\":{\"icon\":\"general\\/icon-1.png\",\"title\":\"Best prices & offers\",\"subtitle\":\"Orders $50 or more\"},\"2\":{\"icon\":\"general\\/icon-2.png\",\"title\":\"Free delivery\",\"subtitle\":\"24\\/7 amazing services\"},\"3\":{\"icon\":\"general\\/icon-3.png\",\"title\":\"Great daily deal\",\"subtitle\":\"When you sign up\"},\"4\":{\"icon\":\"general\\/icon-4.png\",\"title\":\"Wide assortment\",\"subtitle\":\"Mega Discounts\"},\"5\":{\"icon\":\"general\\/icon-5.png\",\"title\":\"Easy returns\",\"subtitle\":\"Within 30 days\"}}}','2022-01-04 21:14:48','2022-01-04 21:14:48'),(18,'SiteInfoWidget','footer_sidebar','nest-vi',0,'{\"id\":\"SiteInfoWidget\",\"name\":\"V\\u1ec1 ch\\u00fang t\\u00f4i\",\"about\":\"M\\u1eabu trang web c\\u1eeda h\\u00e0ng t\\u1ea1p h\\u00f3a tuy\\u1ec7t v\\u1eddi\",\"phone\":\"(+91) - 540-025-124553\",\"address\":\"5171 W Campbell Ave undefined Kent, Utah 53127 United States\",\"email\":\"sale@Nest.com\",\"working_hours\":\"10:00 - 18:00, Th\\u1ee9 2 - Th\\u1ee9 7\"}','2022-01-04 21:14:48','2022-01-04 21:14:48'),(19,'CustomMenuWidget','footer_sidebar','nest-vi',1,'{\"id\":\"CustomMenuWidget\",\"name\":\"C\\u00f4ng ty\",\"menu_id\":\"cong-ty\"}','2022-01-04 21:14:48','2022-01-04 21:14:48'),(20,'CustomMenuWidget','footer_sidebar','nest-vi',2,'{\"id\":\"CustomMenuWidget\",\"name\":\"Danh m\\u1ee5c s\\u1ea3n ph\\u1ea9m\",\"menu_id\":\"danh-muc-san-pham\"}','2022-01-04 21:14:48','2022-01-04 21:14:48'),(21,'CustomMenuWidget','footer_sidebar','nest-vi',3,'{\"id\":\"CustomMenuWidget\",\"name\":\"Th\\u00f4ng tin\",\"menu_id\":\"thong-tin\"}','2022-01-04 21:14:48','2022-01-04 21:14:48'),(22,'BlogSearchWidget','primary_sidebar','nest-vi',0,'{\"id\":\"BlogSearchWidget\",\"name\":\"T\\u00ecm ki\\u1ebfm\"}','2022-01-04 21:14:48','2022-01-04 21:14:48'),(23,'BlogCategoriesWidget','primary_sidebar','nest-vi',1,'{\"id\":\"BlogCategoriesWidget\",\"name\":\"Danh m\\u1ee5c\"}','2022-01-04 21:14:48','2022-01-04 21:14:48'),(24,'RecentPostsWidget','primary_sidebar','nest-vi',2,'{\"id\":\"RecentPostsWidget\",\"name\":\"B\\u00e0i vi\\u1ebft g\\u1ea7n \\u0111\\u00e2y\"}','2022-01-04 21:14:48','2022-01-04 21:14:48'),(25,'TagsWidget','primary_sidebar','nest-vi',4,'{\"id\":\"TagsWidget\",\"name\":\"Tags ph\\u1ed5 bi\\u1ebfn\"}','2022-01-04 21:14:48','2022-01-04 21:14:48'),(26,'ProductCategoriesWidget','product_sidebar','nest-vi',1,'{\"id\":\"ProductCategoriesWidget\",\"name\":\"Danh m\\u1ee5c s\\u1ea3n ph\\u1ea9m\"}','2022-01-04 21:14:48','2022-01-04 21:14:48'),(27,'FeaturedProductsWidget','product_sidebar','nest-vi',2,'{\"id\":\"FeaturedProductsWidget\",\"name\":\"S\\u1ea3n ph\\u1ea9m n\\u1ed5i b\\u1eadt\"}','2022-01-04 21:14:48','2022-01-04 21:14:48'),(28,'FeaturedBrandsWidget','product_sidebar','nest-vi',3,'{\"id\":\"FeaturedBrandsWidget\",\"name\":\"Nh\\u00e0 cung c\\u1ea5p\"}','2022-01-04 21:14:48','2022-01-04 21:14:48'),(29,'NewsletterWidget','pre_footer_sidebar','nest-vi',0,'{\"id\":\"NewsletterWidget\",\"title\":\"\\u1ede nh\\u00e0 & \\u0111\\u00e1p \\u1ee9ng nhu c\\u1ea7u <br \\/> h\\u00e0ng ng\\u00e0y c\\u1ee7a b\\u1ea1n t\\u1eeb c\\u1eeda h\\u00e0ng c\\u1ee7a ch\\u00fang t\\u00f4i\",\"subtitle\":\"B\\u1eaft \\u0111\\u1ea7u mua s\\u1eafm v\\u1edbi <span>Nest Mart<\\/span>\",\"image\":\"general\\/newsletter-image.png\",\"background_image\":\"general\\/newsletter-background-image.png\"}','2022-01-04 21:14:48','2022-01-04 21:14:48'),(30,'SiteFeaturesWidget','pre_footer_sidebar','nest-vi',1,'{\"id\":\"SiteFeaturesWidget\",\"title\":\"Site Features\",\"data\":{\"1\":{\"icon\":\"general\\/icon-1.png\",\"title\":\"Gi\\u00e1 & \\u01b0u \\u0111\\u00e3i t\\u1ed1t nh\\u1ea5t\",\"subtitle\":\"Cho \\u0111\\u01a1n h\\u00e0ng t\\u1eeb $50\"},\"2\":{\"icon\":\"general\\/icon-2.png\",\"title\":\"Mi\\u1ec5n ph\\u00ed v\\u1eadn chuy\\u1ec3n\",\"subtitle\":\"D\\u1ecbch v\\u1ee5 tuy\\u1ec7t v\\u1eddi 24\\/7\"},\"3\":{\"icon\":\"general\\/icon-3.png\",\"title\":\"\\u01afu \\u0111\\u00e3i h\\u00e0ng ng\\u00e0y\",\"subtitle\":\"Khi b\\u1ea1n \\u0111\\u0103ng k\\u00fd\"},\"4\":{\"icon\":\"general\\/icon-4.png\",\"title\":\"Nhi\\u1ec1u m\\u1eb7t h\\u00e0ng\",\"subtitle\":\"Gi\\u1ea3m gi\\u00e1 c\\u1ef1c l\\u1edbn\"},\"5\":{\"icon\":\"general\\/icon-5.png\",\"title\":\"D\\u1ec5 d\\u00e0ng ho\\u00e0n tr\\u1ea3\",\"subtitle\":\"Trong v\\u00f2ng 30 ng\\u00e0y\"}}}','2022-01-04 21:14:48','2022-01-04 21:14:48');
/*!40000 ALTER TABLE `widgets` ENABLE KEYS */;
UNLOCK TABLES;
/*!40103 SET TIME_ZONE=@OLD_TIME_ZONE */;

/*!40101 SET SQL_MODE=@OLD_SQL_MODE */;
/*!40014 SET FOREIGN_KEY_CHECKS=@OLD_FOREIGN_KEY_CHECKS */;
/*!40014 SET UNIQUE_CHECKS=@OLD_UNIQUE_CHECKS */;
/*!40101 SET CHARACTER_SET_CLIENT=@OLD_CHARACTER_SET_CLIENT */;
/*!40101 SET CHARACTER_SET_RESULTS=@OLD_CHARACTER_SET_RESULTS */;
/*!40101 SET COLLATION_CONNECTION=@OLD_COLLATION_CONNECTION */;
/*!40111 SET SQL_NOTES=@OLD_SQL_NOTES */;

-- Dump completed on 2022-01-21 23:07:24
